Region,Sector,Metric,Unit,Scenario,1900,1901,1902,1903,1904,1905,1906,1907,1908,1909,1910,1911,1912,1913,1914,1915,1916,1917,1918,1919,1920,1921,1922,1923,1924,1925,1926,1927,1928,1929,1930,1931,1932,1933,1934,1935,1936,1937,1938,1939,1940,1941,1942,1943,1944,1945,1946,1947,1948,1949,1950,1951,1952,1953,1954,1955,1956,1957,1958,1959,1960,1961,1962,1963,1964,1965,1966,1967,1968,1969,1970,1971,1972,1973,1974,1975,1976,1977,1978,1979,1980,1981,1982,1983,1984,1985,1986,1987,1988,1989,1990,1991,1992,1993,1994,1995,1996,1997,1998,1999,2000,2001,2002,2003,2004,2005,2006,2007,2008,2009,2010,2011,2012,2013,2014,2015,2016,2017,2018,2019,2020,2021,2022,2023,2024,2025,2026,2027,2028,2029,2030,2031,2032,2033,2034,2035,2036,2037,2038,2039,2040,2041,2042,2043,2044,2045,2046,2047,2048,2049,2050,2051,2052,2053,2054,2055,2056,2057,2058,2059,2060,2061,2062,2063,2064,2065,2066,2067,2068,2069,2070,2071,2072,2073,2074,2075,2076,2077,2078,2079,2080,2081,2082,2083,2084,2085,2086,2087,2088,2089,2090,2091,2092,2093,2094,2095,2096,2097,2098,2099,2100
World ,All,CO2 emissions,Gt CO2,Baseline,4.738148212,4.813110828,4.881361961,5.073858261,5.104264259,5.269526482,5.372303963,5.679089069,5.564490795,5.672819138,5.814213276,5.834766388,5.935081482,6.132726192,5.828303337,5.785171986,5.996294975,6.159573078,6.231664181,5.813951015,6.336697102,5.976829529,6.147166252,6.572300911,6.55014801,6.588681698,6.501133919,6.796327114,6.760264874,7.004027843,6.695548534,6.350884438,6.086251736,6.306379795,6.612778664,6.815836906,7.192079067,7.466983318,7.198751926,7.448287487,7.767603397,7.919269085,8.006432533,8.002334595,7.95973444,7.001465321,7.084111691,7.334189415,7.383971691,6.933794022,7.543261051,7.657123566,7.581068993,7.709533215,7.716176033,8.211163521,8.606566429,8.889088631,9.217507362,12.4565115,13.03483391,13.16278744,13.5202179,13.90463638,14.23564911,14.52214336,14.82389069,15.13346291,15.84986496,16.83775902,18.04921341,18.60317802,19.1812191,19.9832077,19.77095795,19.68682098,20.53410721,20.95612526,21.44449425,21.82722473,21.63700485,21.05757904,20.88355064,21.27612877,21.98238564,22.75473022,23.2215786,24.132761,24.96843719,25.44001389,25.6978817,26.19820786,26.69831657,27.13410187,27.37978745,27.89500046,28.54061127,30.45827484,28.38934708,28.68786621,29.15336418,29.28826332,30.13557243,31.11282539,32.51311874,33.3972702,34.75130463,34.73479843,35.63898849,35.59674835,36.97865295,38.10829544,38.61976242,38.51588821,38.99566269,39.8639679,39.97326279,40.78352356,41.35635757,43.45196915,43.71921921,44.54859543,45.07046509,45.59143066,46.11131668,46.62995148,47.27639008,47.92123413,48.56431198,49.20546722,49.84455109,50.32437897,50.80186081,51.27684784,51.74920273,52.21879196,52.68548584,53.14915085,53.60968018,54.06694794,54.52084351,55.34744644,56.17074585,56.9905777,57.80679321,58.61923218,59.42775345,60.2322197,61.03248978,61.82843399,62.61993027,63.10481262,63.58502579,64.06049347,64.53114319,64.99689484,65.45771027,65.91350555,66.36424255,66.80986023,67.25030518,67.75153351,68.24745178,68.73802185,69.22319031,69.70290375,70.17713928,70.64583588,71.10897827,71.56652069,72.01844788,72.54627991,73.06861115,73.58542633,74.09671783,74.6024704,75.10267639,75.59735107,76.08647156,76.57003784,77.04806519,77.40907288,77.76463318,78.11479187,78.45957947,78.79901886,79.13314056,79.46199036,79.78560638,80.10402679,80.41726685,80.79901886,81.17566681,81.54724121,81.91378021,82.27529907,82.63182831,82.9834137,83.3300705,83.67185211,84.00876617
World ,All,CO2 equivalent emissions,Gt CO2e,Baseline,7.079923153,7.17997551,7.281056404,7.503371716,7.569910049,7.769600868,7.908563137,8.248418808,8.166187286,8.305801392,8.477026939,8.52840519,8.662081718,8.900918007,8.638886452,8.639324188,8.894386292,9.100819588,9.212024689,8.83125782,9.384943008,9.054403305,9.257281303,9.715118408,9.727570534,9.801722527,9.746626854,10.07540894,10.07263374,10.34405136,10.06271553,9.741688728,9.502813339,9.750048637,10.08401012,10.31774521,10.72434521,11.02995014,10.79069901,11.07311821,11.42487717,11.62505817,11.79863548,11.90398502,11.99198055,11.17577744,11.40393639,11.79169559,11.97513103,11.63548374,12.32712364,12.52356625,12.55570221,12.81130695,12.96006584,13.61004162,14.16372108,14.60751438,15.09479046,18.47698402,19.18671989,19.4780426,19.9985981,20.52447319,21.03697586,21.51341629,22.02410126,22.53979492,23.45358276,24.61735153,26.04077721,26.43736267,27.39169884,28.30364227,28.08645821,28.17848206,29.27970505,29.92313004,30.49349976,31.14804268,31.04022026,30.35144043,30.7770462,31.00510979,31.55720139,32.4055481,33.13614655,34.44851685,35.07859039,35.78134155,36.02862549,36.48579407,36.89340973,37.24466705,37.50518799,38.20327377,38.98492813,41.10193253,39.0446701,39.3176918,39.83290863,39.942276,41.06328583,42.27656174,44.11392212,45.15869522,46.91889191,46.97571564,48.04297256,48.11516953,49.66679764,50.96694183,51.61966705,51.54880524,52.24637985,53.33626556,53.53081131,54.43344116,55.13908386,59.17212296,59.60325241,60.59335709,61.27583694,61.95726013,62.63742065,63.31612015,64.14459991,64.97121429,65.79576111,66.61805725,67.43791962,68.08835602,68.73603821,69.38079834,70.0224762,70.66091156,71.29595184,71.92744446,72.5552597,73.17926025,73.79930878,74.8161087,75.83875275,76.8567276,77.86985779,78.87795258,79.88085938,80.87840271,81.87042999,82.85678101,83.83731079,84.4830246,85.12267303,85.75614166,86.38336182,87.00424194,87.61872864,88.22672272,88.82818604,89.4230423,90.0112381,90.6660614,91.31406403,91.95518494,92.58937836,93.21657562,93.83673859,94.44980621,95.05576324,95.65455627,96.24615479,96.90493011,97.55665588,98.20131683,98.83889008,99.46936798,100.0927505,100.7090378,101.3182068,101.9202652,102.5152283,102.970932,103.4196625,103.8614426,104.2963257,104.7243423,105.1455154,105.5599136,105.9675674,106.3685226,106.7628021,107.2368774,107.7043686,108.1653137,108.6197433,109.067688,109.5091782,109.9442749,110.3729858,110.7953796,111.2114639
World ,All,Atmospheric concentration,ppm,Baseline,293.7234497,294.0298462,294.3356628,294.5861206,294.7326965,294.9137878,295.1748047,295.490509,295.8251953,296.153656,296.5013428,296.8582153,297.2113342,297.5358276,297.8267212,298.1076355,298.4215393,298.7713013,299.1388245,299.4884644,299.8235168,300.1558228,300.4563904,300.7922668,301.1570129,301.5115356,301.8595276,302.2128601,302.5834351,302.9454651,303.2890015,303.5886536,303.852478,304.1016541,304.3807983,304.6964417,305.0464478,305.4388428,305.833313,306.2087402,306.6108704,307.0358582,307.4671936,307.8893738,308.2956238,308.6494141,308.9419556,309.2605591,309.6026611,309.9288635,310.2480774,310.6121521,310.9709473,311.3203125,311.6712341,312.0401611,312.4623413,312.9268494,313.426178,314.0920105,314.9884033,315.8713379,316.7176208,317.5447388,318.2896423,318.953064,319.6578979,320.4513855,321.3289795,322.2755432,323.3104858,324.4602356,325.6801147,326.9649963,328.2588196,329.4789429,330.6649475,331.9201355,333.2320862,334.5823364,335.9298401,337.2235718,338.4379272,339.5225525,340.5666199,341.7373047,343.0348206,344.412323,345.8897095,347.4428101,349.0313721,350.6255798,352.1139221,353.4576416,354.8875427,356.4535828,358.1312866,359.9541321,361.8087769,363.5160828,365.2721558,367.0622864,368.8852844,370.7889099,372.7834778,374.8812866,377.0551147,379.2839966,381.5177612,383.7834778,386.0761108,388.4950867,390.9875488,393.4688721,395.9058533,398.3812866,400.8922119,403.4781799,406.0420532,408.6821594,411.513855,414.364502,417.2680969,420.2018433,423.167511,426.1662292,429.2048645,432.2932434,435.4311218,438.6185913,441.8556519,445.1350403,448.4454041,451.7878418,455.1630554,458.5716858,462.0143127,465.4913025,469.0029602,472.5497437,476.1319275,479.7674255,483.4833679,487.2776184,491.1488953,495.0962524,499.1188354,503.2159119,507.3869324,511.6313171,515.9486084,520.3242188,524.7354126,529.1833496,533.6687012,538.1920166,542.7539063,547.3548584,551.9952393,556.6754761,561.395813,566.1596069,570.9718628,575.8324585,580.741394,585.6984863,590.7037354,595.7571411,600.8585815,606.0079346,611.2052002,616.4541016,621.760498,627.1240234,632.5441284,638.0205078,643.5529175,649.1409302,654.7843628,660.4829102,666.2363281,672.0391235,677.8826904,683.7672119,689.6928101,695.6593628,701.6668701,707.715271,713.8045044,719.9344482,726.1049805,732.319519,738.583374,744.8961182,751.2575684,757.6673584,764.1251831,770.6307373,777.1838379,783.7841187,790.4312744
World ,All,Equivalent CO2,ppm,Baseline,277.2876282,278.4424744,278.9838867,277.3972168,275.0654297,275.0050964,275.8320618,276.8496399,277.7572632,278.7723694,279.9445496,281.1038208,281.8200684,281.6816101,281.7440186,282.5708008,283.7764893,285.117218,286.5005188,287.7980347,288.7623901,289.3731995,290.1021423,291.0535889,292.0246277,292.9081726,293.8565979,294.8734131,295.8241272,296.3954773,296.8319702,297.3997498,297.8306274,298.0813904,298.5073242,299.1404724,299.930603,300.8842163,301.7454529,302.4792175,303.275116,304.1348267,304.9452209,305.5794983,306.2119141,306.9292908,307.6907349,308.5252686,309.4552002,310.3623047,311.1128235,311.8528442,312.4967651,313.0374451,313.5563965,314.1685181,315.0885315,316.2881775,317.6282043,319.0782471,320.5314636,321.5559387,322.0389099,321.2861633,318.142395,314.9909668,314.3602295,315.1376343,316.0697937,316.3570251,317.0600281,319.1397705,321.7042236,324.322052,326.4811096,327.7666321,328.804718,331.0853271,333.8679504,336.6907043,339.7063293,342.8217773,344.0860596,342.0718384,340.675354,342.1323242,344.3662109,346.9728699,350.0263672,353.4509888,356.9290771,358.519165,354.9688416,350.8375244,351.3750305,353.6403198,356.5281677,359.6725464,363.0393982,366.5906677,370.3529663,374.207428,377.9827271,381.480896,384.8115234,388.2158813,391.436615,394.9705811,398.6220093,402.3316345,406.1135864,410.2406616,414.5985718,418.1734009,421.4711609,424.9021606,428.4428406,432.1384888,435.8141174,439.663269,444.0808716,448.5485535,453.09552,457.6954956,462.3520813,467.0679321,471.8344727,476.6891174,481.6322021,486.6642761,491.7858887,496.9407043,502.1528931,507.4246216,512.7576294,518.1533813,523.4746704,528.8583374,534.3052368,539.8164063,545.3925781,550.9196777,556.5678101,562.3361206,568.2227783,574.2263184,580.3338623,586.5556641,592.8907471,599.3383789,605.8978882,612.5963745,619.3267822,626.0912476,632.8914185,639.7287598,646.6824341,653.6776123,660.7154541,667.7970581,674.9234619,682.1774292,689.4918213,696.8665161,704.3016357,711.7972412,719.4185181,727.1019287,734.8476563,742.6557617,750.5263062,758.5170288,766.5720215,774.6913452,782.8753052,791.1241455,799.4818726,807.9058228,816.3961182,824.9530029,833.5765991,842.2947998,851.048645,859.8396606,868.6691284,877.538147,886.4755859,895.454895,904.4767456,913.541748,922.6504517,931.8391113,941.0956421,950.4191284,959.8088989,969.2641602,978.8067017,988.4139404,998.0853271,1007.820251,1017.618164
World ,All,Temperature change from preindustrial,Degrees C,Baseline,0.001934742,0.025948906,0.023440395,-0.054010741,-0.137362897,-0.124583438,-0.085569113,-0.049536802,-0.024624767,0.000487239,0.026657194,0.048355337,0.050784405,0.02492453,0.01409539,0.03368004,0.062592104,0.090687826,0.115765266,0.135332122,0.141555935,0.136685759,0.139880881,0.150656164,0.160640463,0.167903975,0.177933574,0.189989164,0.198376238,0.194242731,0.188943431,0.191882223,0.191910192,0.18767117,0.190341622,0.199258998,0.21160911,0.226825342,0.237245739,0.243594483,0.251343757,0.26003927,0.266438752,0.26733169,0.269658625,0.276929796,0.286523879,0.296665221,0.308246672,0.318363339,0.323033482,0.325767666,0.326273203,0.324639112,0.32333985,0.325404972,0.334595859,0.350453585,0.3676171,0.381015182,0.386485219,0.377291083,0.356367856,0.301433206,0.184777364,0.092881791,0.090061024,0.127906814,0.158632189,0.160370663,0.173153475,0.217861176,0.269042611,0.310406685,0.332326978,0.327915192,0.318900138,0.349073291,0.389034569,0.424228907,0.461311847,0.500002682,0.481995583,0.377936691,0.318142921,0.350324541,0.397657156,0.43937242,0.484964281,0.534623682,0.583183527,0.569308221,0.426456302,0.306838006,0.345420122,0.42265141,0.49929443,0.567026854,0.630473435,0.692964375,0.752096772,0.805149555,0.849070728,0.879186451,0.899843395,0.91957742,0.933734298,0.955725849,0.981620133,1.007840276,1.035250664,1.067553997,1.102205276,1.116208315,1.127939463,1.144060731,1.163594842,1.185771704,1.210009694,1.235806704,1.263131499,1.291748524,1.321071625,1.350974679,1.381350875,1.412121892,1.443223357,1.474620104,1.506305695,1.53827405,1.570519447,1.602968693,1.635512114,1.668158293,1.700914502,1.733786106,1.766725302,1.799666643,1.832639217,1.86566484,1.898759127,1.931851745,1.964877725,1.997932434,2.031084538,2.064382553,2.09785676,2.131524801,2.165403843,2.199504375,2.233832359,2.268236399,2.302489758,2.336633921,2.370700121,2.404711723,2.438710213,2.472740412,2.506799221,2.54088521,2.57499671,2.609138012,2.643321753,2.677552938,2.711833954,2.746165514,2.780565739,2.815056324,2.849626541,2.884267569,2.918971777,2.953711033,2.988454819,3.023213148,3.05799222,3.092796326,3.127638578,3.162534237,3.197477579,3.232463837,3.267488718,3.302541494,3.337599993,3.372650146,3.407680988,3.44268465,3.477661371,3.512614965,3.54753828,3.58242631,3.617274761,3.652094364,3.686907053,3.721712828,3.756510496,3.791297913,3.826077461,3.860853195,3.895619631,3.930372477,3.965107679
World ,All,Sea level rise from 2000,mm,Baseline,0,0,0,0,0,0,0,0,0,0,0,0,0,0,0,0,0,0,0,0,0,0,0,0,0,0,0,0,0,0,0,0,0,0,0,0,0,0,0,0,0,0,0,0,0,0,0,0,0,0,0,0,0,0,0,0,0,0,0,0,0,0,0,0,0,0,0,0,0,0,0,0,0,0,0,0,0,0,0,0,0,0,0,0,0,0,0,0,0,0,0,0,0,0,0,0,0,0,0,0,0,2.614060402,5.94092226,10.05171108,15.00913906,19.99220848,25.50526237,30.76154327,35.91507721,41.15364838,46.5471344,51.85676575,57.21731186,63.40219498,70.14868164,76.74073792,83.25259399,89.74211121,96.25159454,102.8197708,109.4625626,116.1898727,123.0408936,130.0274353,137.1581116,144.4395599,151.8770905,159.474762,167.2346344,175.1586151,183.2485504,191.5078735,199.9440308,208.5577087,217.3491211,226.3186035,235.467865,244.8014069,254.3182678,264.0175171,273.8986511,283.963501,294.2172852,304.6557007,315.2753601,326.0743103,337.0517273,348.2077332,359.542572,371.0568237,382.7514343,394.6311951,406.7099304,418.9860229,431.4573364,444.1222229,456.9789124,470.0247192,483.2597046,496.6841125,510.2982178,524.1020508,538.0952148,552.2775879,566.649353,581.2107544,595.9616089,610.9008179,626.0293579,641.3480835,656.8577271,672.5595093,688.4555664,704.5456543,720.8294067,737.3068237,753.9776611,770.8410645,787.897644,805.1478271,822.592041,840.230896,858.0655518,876.0968018,894.3250732,912.7507324,931.3737793,950.1937256,969.2106934,988.4249268,1007.836304,1027.444458,1047.248047,1067.246948,1087.44104,1107.830566,1128.415283,1149.194946,1170.169678,1191.339722,1212.7052
World ,All,Cumulative CO2,Gt CO2,Baseline,110.6253586,115.3916168,120.2303238,125.183876,130.2691345,135.4353638,140.7434387,146.2307892,151.8668976,157.4720154,163.1978607,169.0197754,174.8921661,180.9013672,186.9199219,192.7320557,198.596405,204.6539307,210.8405304,216.9155579,222.9255371,229.1272888,235.167984,241.4745789,248.0385742,254.6031647,261.1590271,267.7708435,274.5536499,281.4053345,288.2936707,294.8599854,301.1116333,307.280426,313.7017212,320.390625,327.3475647,334.6427307,342.0091248,349.3014526,356.8694763,364.6939697,372.6459045,380.6508179,388.6371765,396.2375488,403.2700195,410.4479065,417.8007507,425.0159302,432.1782532,439.7642212,447.3928223,455.0220642,462.7341003,470.6358948,478.9953308,487.7078552,496.7200928,507.1522217,519.8256226,532.9084473,546.2052612,559.8696289,573.8983765,588.2414551,602.87677,617.8167725,633.2188721,649.439209,666.7312622,684.9881592,703.8081055,723.2901001,743.1937256,762.9331055,782.9376831,803.6300049,824.7692871,846.3572998,868.1132202,889.532959,910.5252686,931.5560303,953.0969849,975.3690186,998.2988281,1021.862061,1046.308228,1071.453491,1096.990234,1122.875732,1149.261475,1176.123169,1203.349487,1230.922363,1259.05957,1288.319214,1318.001709,1346.50293,1375.365356,1404.569336,1434.175415,1464.677368,1496.315308,1529.160034,1563.065063,1597.810181,1632.884033,1668.507202,1704.622192,1742.024414,1780.324463,1818.905273,1857.601074,1896.922363,1936.827393,1977.600586,2018.463501,2060.169434,2103.72168,2147.751953,2192.496338,2237.761963,2283.54834,2329.854248,2376.726563,2424.244873,2472.407227,2521.211914,2570.656982,2620.681641,2671.185059,2722.165039,2773.618896,2825.544189,2877.937988,2930.797363,2984.119385,3037.900391,3092.137695,3146.968506,3202.624512,3259.102783,3316.399414,3374.510986,3433.43335,3493.162842,3553.695068,3615.026123,3677.151367,3739.953125,3803.238037,3867.001221,3931.238281,3995.944092,4061.11377,4126.742188,4192.824707,4259.356445,4326.331055,4393.769531,4461.707031,4530.138672,4599.058594,4668.461426,4738.342285,4808.695313,4879.514648,4950.79541,5022.53125,5094.747559,5167.489746,5240.751953,5314.529297,5388.815918,5463.605957,5538.894043,5614.674805,5690.942383,5767.691895,5844.875488,5922.41748,6000.313477,6078.557617,6157.144531,6236.068848,6315.325195,6394.908691,6474.813477,6555.035156,6635.595703,6716.535645,6797.851074,6879.535645,6961.584961,7043.994141,7126.757813,7209.871094,7293.329102,7377.127441
World ,All,Cumulative C,Gt CO2,Baseline,30.22550774,31.52776337,32.84981537,34.20324326,35.592659,37.00419998,38.45449066,39.95376587,41.49368668,43.02513885,44.58957672,46.18026733,47.78474426,49.42660141,51.07101822,52.65903091,54.26131058,55.91637039,57.6067009,59.26654434,60.90861511,62.60308075,64.25354767,65.97666168,67.77010345,69.56370544,71.35491943,73.16143036,75.01465607,76.88670349,78.76876068,80.56283569,82.27093506,83.95639801,85.71084595,87.53842163,89.43922424,91.43243408,93.44511414,95.43755341,97.50531769,99.64315796,101.8158188,104.0029526,106.1850204,108.2616272,110.1830597,112.1442337,114.1532135,116.1245651,118.0814896,120.1541595,122.238472,124.3229675,126.4300766,128.589035,130.8730316,133.2535095,135.7158661,138.5661774,142.0288544,145.6033936,149.2364044,152.9698334,156.8028259,160.7217102,164.7204285,168.8023834,173.0106201,177.4423981,182.1670074,187.1552429,192.2973022,197.6202393,203.0583801,208.4516602,213.9173889,219.5710449,225.3468018,231.245163,237.1893921,243.0417786,248.7773895,254.5234985,260.4089966,266.4942627,272.7592163,279.1972961,285.8765564,292.7468567,299.7240906,306.7966309,314.0058594,321.3451233,328.7839966,336.3175964,344.0053406,351.9997864,360.1097412,367.8969727,375.7828979,383.7621155,391.8511963,400.1850891,408.8293152,417.8032837,427.0669556,436.5601501,446.143158,455.8762817,465.7437439,475.9629517,486.4274597,496.9686584,507.5412903,518.28479,529.1878052,540.3280029,551.4927368,562.8878174,574.7873535,586.8174438,599.0426636,611.4104004,623.9203491,636.5722046,649.3788452,662.3619385,675.5210571,688.8557129,702.3652954,716.0332031,729.8319702,743.7609253,757.819397,772.0065918,786.3218384,800.7642822,815.3331299,830.0274048,844.8463135,859.8273926,875.0339966,890.46521,906.1200562,921.9974976,938.0964966,954.4160156,970.954895,987.7119751,1004.686096,1021.845093,1039.135986,1056.557739,1074.108765,1091.787964,1109.593872,1127.525269,1145.580566,1163.758545,1182.057739,1200.483398,1219.045654,1237.742676,1256.573364,1275.535889,1294.629028,1313.851074,1333.200684,1352.67627,1372.276245,1392.007568,1411.882446,1431.899414,1452.057129,1472.354004,1492.788452,1513.359009,1534.064087,1554.902344,1575.87207,1596.960449,1618.146851,1639.429932,1660.808105,1682.279907,1703.843872,1725.498657,1747.242798,1769.074707,1790.993164,1813.004272,1835.119019,1857.336304,1879.654541,1902.072388,1924.588501,1947.201538,1969.910034,1992.712891,2015.608521
World ,All,Budget of C remaining,Gt C,Baseline,762.1242065,760.8219604,759.4998779,758.1464844,756.7570801,755.34552,753.8952026,752.3959351,750.8560181,749.324585,747.7601318,746.1694336,744.5649414,742.9230957,741.2786865,739.6906738,738.0883789,736.4333496,734.742981,733.0831909,731.4411011,729.7466431,728.0961914,726.3730469,724.5795898,722.7860107,720.994812,719.1882935,717.335022,715.4630127,713.5809326,711.7868652,710.0787964,708.3933105,706.638855,704.8112793,702.9104614,700.9172974,698.9046021,696.9121704,694.8443604,692.706543,690.5338745,688.3467407,686.1646729,684.0880737,682.166626,680.2054443,678.1964722,676.2251587,674.2681885,672.1955566,670.1112061,668.0267334,665.9196167,663.7606812,661.4766846,659.0961914,656.6338501,653.7835083,650.3208618,646.7463379,643.1132813,639.3798828,635.546875,631.6279907,627.6292725,623.5473022,619.3391113,614.9072876,610.1826782,605.194458,600.0524292,594.7294922,589.2913208,583.8980713,578.432312,572.7786865,567.0029297,561.1045532,555.1603394,549.3079224,543.5723267,537.8262329,531.9406738,525.8554688,519.5904541,513.1524048,506.4731445,499.6028442,492.6256104,485.5530701,478.3438416,471.0045776,463.5657043,456.0321045,448.3443909,440.3499146,432.2399597,424.4527283,416.5668335,408.5875854,400.4985352,392.1646423,383.5203857,374.5464478,365.2827759,355.7895508,346.206543,336.4734497,326.605957,316.3867493,305.9222717,295.3810425,284.8084412,274.0649109,263.1619263,252.0216827,240.8569489,229.4618835,217.5623779,205.5322571,193.3070374,180.9393311,168.4293823,155.7775269,142.970871,129.9877472,116.8286285,103.4940033,89.98440552,76.31651306,62.51776123,48.58880234,34.53033829,20.34309959,6.027853489,-8.41459465,-22.98340607,-37.67771149,-52.49660492,-67.47770691,-82.68431091,-98.11550903,-113.7703323,-129.6477814,-145.7467957,-162.0663147,-178.6052094,-195.3623047,-212.3364105,-229.4953613,-246.7863159,-264.2079773,-281.7590637,-299.4382629,-317.2441711,-335.1755066,-353.230835,-371.4088135,-389.7079773,-408.1337585,-426.6958923,-445.3930054,-464.2236023,-483.1861877,-502.2792969,-521.5014038,-540.8510132,-560.3265381,-579.9265747,-599.6577759,-619.5327148,-639.5497437,-659.7074585,-680.0042725,-700.4387207,-721.0092773,-741.7143555,-762.5526123,-783.5223389,-804.6107178,-825.7971802,-847.0802002,-868.458374,-889.9301758,-911.4942017,-933.1489868,-954.8930664,-976.7250366,-998.6434937,-1020.654541,-1042.769287,-1064.986572,-1087.30481,-1109.722656,-1132.23877,-1154.851807,-1177.560303,-1200.363159,-1223.258789
World ,All,CH4 anthropogenic emissions,Mt,Baseline,72.65496063,73.41893768,74.45872498,75.37734985,76.51223755,77.583992,78.71746826,79.73487091,80.73509216,81.70046234,82.62269592,83.54866028,84.51626587,85.7070694,86.90578461,88.14054871,89.36040497,90.57707214,91.66030884,92.69498444,93.56350708,94.39494324,95.32149506,96.25112152,97.22439575,98.2525177,99.17126465,100.1317291,101.1124878,101.9165268,102.7333908,103.4537277,104.2664948,105.1319885,106.0051498,107.0137024,107.9845505,108.9463043,109.8232422,110.8314743,111.7799759,112.8155975,114.3988876,116.1959534,118.3123779,120.6231995,122.9873123,125.233284,127.6813354,129.7880859,131.644165,133.8826141,137.0487976,140.8713837,145.1656799,149.9150238,154.7128143,159.5637665,164.2870178,168.3554535,171.9309845,174.9071045,178.9338074,182.2454987,186.8984833,191.3353577,196.2725677,201.4581604,206.7061005,211.5014648,215.9142761,211.0669861,220.5471344,222.5793762,222.3186493,226.8222809,233.221817,238.7147064,239.8369904,246.594574,248.7019653,245.9537354,264.3574829,258.0561523,253.2888184,256.303009,263.9225769,274.3400574,269.0310669,274.87854,278.4408264,277.1970825,274.053833,273.3678894,271.0559692,275.1913452,277.7992249,279.4667053,281.335144,281.8035278,284.9577332,284.0502319,291.4911194,297.8835754,307.9067078,312.092926,318.7919312,319.0174255,323.2047119,324.7382813,327.40271,331.6672668,335.2521057,335.4406433,341.0398254,345.8879089,348.0575256,350.3942261,353.8220825,369.6966553,373.3760071,377.0520935,380.7237549,384.3898926,388.0493774,391.7011414,396.1379089,400.5648499,404.980957,409.3852539,413.776825,418.0954895,422.3997498,426.6886902,430.9614563,435.2172241,439.4552307,443.6746521,447.8747559,452.0548706,456.2142639,461.7215881,467.4230347,473.0981445,478.7459717,484.3656311,489.9561462,495.5166931,501.0464478,506.5445862,512.010376,516.4920044,520.9399414,525.3536377,529.7327271,534.0767212,538.3853149,542.65802,546.8946533,551.0947266,555.2581177,559.815918,564.3361206,568.8184204,573.2625122,577.6680908,582.0349121,586.3627319,590.6513062,594.9005127,599.1101685,603.0276489,606.9063721,610.7460938,614.546875,618.3085327,622.031189,625.7147217,629.3591309,632.9644165,636.5306396,639.3970337,642.2250366,645.0147705,647.7664185,650.4802246,653.1563721,655.795105,658.3965454,660.9610596,663.4887695,666.4437866,669.3624268,672.244873,675.0912476,677.9018555,680.6767578,683.4161987,686.1204224,688.7895508,691.4238281
World ,All,N2O anthropogenic emissions,Mt,Baseline,0.737199605,0.746010005,0.754868865,0.764647663,0.775050104,0.785607398,0.796230316,0.807179749,0.817588449,0.827740669,0.837293506,0.848975778,0.863942206,0.882698596,0.903800845,0.925300121,0.948685586,0.970398843,0.99137342,1.010401607,1.026176333,1.040112495,1.054577589,1.0685637,1.083703399,1.097245932,1.110361576,1.123396873,1.134435654,1.14413929,1.152180672,1.158589244,1.163980365,1.169117451,1.174899578,1.179094434,1.185056925,1.1924299,1.201402307,1.210857868,1.223188639,1.26802218,1.366609693,1.505792975,1.673936248,1.85624516,2.043035746,2.218891621,2.371124744,2.490793705,2.559215784,2.602906704,2.645235777,2.688630819,2.736091614,2.783674717,2.835659981,2.891051292,2.949179173,3.013424873,3.082739115,3.26844883,3.382272005,3.491854429,3.606945038,3.756783009,3.918754578,4.057348251,4.171171188,4.264319897,4.372730255,4.29957962,4.551166058,4.641448975,4.617043972,4.758215904,4.893508434,5.016819477,5.110561371,5.279655457,5.329699039,5.249509811,5.475414753,5.471513748,5.371526718,5.355175972,5.459172726,5.691761494,5.494859219,5.569534779,5.311284542,5.312562943,5.317860603,5.174654007,5.33164978,5.430896282,5.512206554,5.785685062,5.654973507,5.462957859,5.407561302,5.44312191,5.528075695,5.628699303,5.829668045,5.816613197,5.994659424,6.0422225,6.038926601,6.097793579,6.212434292,6.273274422,6.309423447,6.314092636,6.398571491,6.543005466,6.540228844,6.543298721,6.570116043,10.09354115,10.17799091,10.26244068,10.3468914,10.43134022,10.51578999,10.60024071,10.68468952,10.76913929,10.85359001,10.93803883,11.02248955,11.08869648,11.15490341,11.2211113,11.28731728,11.35352421,11.41973209,11.48593903,11.55214596,11.61835384,11.68455982,11.73610592,11.79655552,11.85589123,11.91411304,11.97122192,12.02721786,12.08209991,12.13586712,12.18852139,12.24006271,12.29049015,12.33980465,12.3880043,12.43509102,12.4810648,12.52592468,12.56966972,12.61230183,12.65382099,12.69422626,12.7335186,12.77169609,12.80876064,12.8447113,12.87954903,12.91327381,12.94588375,12.97738075,13.00776386,13.03703403,13.06518936,13.0922327,13.1181612,13.14297676,13.16667843,13.18926716,13.210742,13.23110294,13.25035095,13.26848507,13.28550529,13.30141163,13.31620502,13.32988548,13.3424511,13.35390377,13.36424351,13.3734684,13.38158131,13.38857841,13.39446354,13.39923477,13.40289211,13.40543652,13.40686703,13.4071846,13.40638828,13.40447712,13.40145397,13.39731598
World ,All,SF6 anthropogenic emissions,t,Baseline,0,0,0,0,0,0,0,0,0,0,0,0,0,0,0,0,0,0,0,0,0,0,0,0,0,0,0,0,0,0,0,0,0,0,0,0,0,0,0,0,0,3.629921436,13.79716587,29.21903801,48.98337555,71.63343048,96.31351471,121.7157364,146.766449,170.393219,191.4030304,210.1495972,229.8846893,248.6099701,267.4474487,287.1829224,305.9209595,325.6542053,344.486084,364.2158203,382.9530334,400.5538635,416.5460815,431.3968506,445.137085,460.1119385,476.3431702,494.9536743,517.3059082,544.5103149,575.8516846,666.3761597,705.1851807,810.0233765,834.5686035,982.3288574,1190.590332,1341.79834,1452.550049,1720.696167,1823.28833,1868.567139,2013.239624,2008.075806,2268.071533,2433.604736,2589.726074,2699.712158,2879.368164,3051.87915,3140.103271,3203.136963,3180.421875,3138.719971,3061.422119,3120.759277,3115.00415,2873.320801,2653.983154,2518.775391,2228.964844,2123.694824,2104.419434,2174.672852,2121.599854,2154.174072,6481.5,6622.199707,6762.899902,6903.600098,7044.300293,7147.990234,7251.680176,7355.370117,7459.060059,7562.75,7666.439941,7770.129883,7873.819824,7977.509766,8081.199707,8271.910156,8462.620117,8653.330078,8844.040039,9034.75,9225.459961,9416.169922,9606.879883,9797.589844,9988.300781,10115.5,10242.7002,10369.90039,10497.09961,10624.2998,10751.5,10878.7002,11005.89941,11133.09961,11260.2998,11330.7998,11401.2998,11471.7998,11542.2998,11612.7998,11683.2998,11753.7998,11824.2998,11894.7998,11965.2998,12174.73926,12384.17969,12593.62012,12803.05957,13012.5,13221.93945,13431.37988,13640.82031,13850.25977,14059.7002,14002.92969,13946.16016,13889.39063,13832.62012,13775.85059,13719.08008,13662.30957,13605.54004,13548.76953,13492,13630.37988,13768.75977,13907.13965,14045.51953,14183.89941,14322.28027,14460.66016,14599.04004,14737.41992,14875.7998,14993.49023,15111.17969,15228.87012,15346.55957,15464.25,15581.93945,15699.62988,15817.32031,15935.00977,16052.7002,16139.66016,16226.62012,16313.5791,16400.53906,16487.5,16574.45898,16661.41992,16748.38086,16835.33984,16922.30078
World ,All,PFC anthropogenic emissions,t,Baseline,67.11006165,71.52420807,75.54010773,79.36869049,82.95105743,86.45167542,89.9648819,93.53318787,97.49102783,101.726593,106.3062744,111.3324661,116.80233,122.5614243,128.575943,135.0325317,141.6865845,148.7786407,156.0950165,163.9021149,171.7348938,208.5322876,295.1902161,423.1401672,581.3823242,760.9246216,951.7879639,1143.056152,1328.358887,1494.447266,1633.636963,1754.086914,1867.95752,1978.778809,2085.174072,2189.429443,2293.630859,2399.366943,2503.466309,2611.397217,2724.51123,2839.504883,2958.46582,3080.19043,3208.666992,3346.116211,3489.834229,3635.51416,3805.136719,3978.875732,4162.412598,4353.763184,4571.896484,4812.890625,5064.524414,5325.187988,5604.162598,5892.950195,6188.222656,6498.300293,6799.123535,7144.376953,7536.791992,7950.916016,8397.212891,8844.092773,9276.358398,9694.663086,10074.5293,10402.66504,11183.48828,11779.97266,12329.16602,13238.06836,14215.61816,13253.99121,13830.50684,14811.69238,15265.71289,15653.90332,14997.65723,14650.3291,13404.39355,13701.68652,15226.89844,14447.98535,14012.35938,14903.73828,15511.72949,15775.71973,15758.66992,15045.67188,13561.70508,12656.47168,11857.77441,11872.11816,11945.92871,11429.31934,11061.14258,10825.66309,10619.48047,8942.00293,9204.899414,8657.363281,8716.12793,8311.364258,16145.51953,15874.74512,15603.9707,15333.19629,15062.42188,15186.18652,15309.95215,15433.7168,15557.48145,15681.24707,15805.01172,15928.77637,16052.54199,16176.30664,16300.07129,16380.9248,16461.77734,16542.63086,16623.48438,16704.33789,16785.18945,16866.04297,16946.89648,17027.75,17108.60156,17073.42383,17038.24414,17003.06641,16967.88672,16932.70703,16897.5293,16862.34961,16827.17188,16791.99219,16756.8125,16806.46289,16856.11328,16905.76172,16955.41211,17005.0625,17054.71094,17104.36133,17154.01172,17203.66211,17253.31055,17159.72461,17066.14063,16972.55469,16878.96875,16785.38281,16691.79688,16598.21289,16504.62695,16411.04102,16317.45508,16334.91211,16352.36816,16369.8252,16387.28125,16404.73828,16422.19531,16439.65234,16457.10742,16474.56445,16492.02148,16465.28516,16438.55078,16411.81445,16385.08008,16358.34375,16331.6084,16304.87305,16278.1377,16251.40234,16224.66699,16162.5,16100.33398,16038.16699,15976.00098,15913.83496,15851.66797,15789.50195,15727.33496,15665.16895,15603.00293,15561.56934,15520.13574,15478.70215,15437.26953,15395.83594,15354.40234,15312.96875,15271.53613,15230.10254,15188.66895
World ,All,CO2 equivalent emissions from HFC,Gt CO2e,Baseline,0,0,0,0,0,0,0,0,0,0,0,0,0,0,0,0,0,0,0,0,0,0,0,0,0,0,0,0,0,0,0,0,0,0,0,0,0,0,0,0,0,0,0,0,0,0,0,0,0,0,0,0,0,0,0,0,0,0,0,0,0,0,0,0,0,0,0,0,0,0,0.037353169,0.040077575,0.041607019,0.048574157,0.054046128,0.04821993,0.057912283,0.064109959,0.070039436,0.073347308,0.077836961,0.080066569,0.07518328,0.086879872,0.091616735,0.09130232,0.097619377,0.101767138,0.118556634,0.149101824,0.144353688,0.138735414,0.142421976,0.14371489,0.165019602,0.189282596,0.218090862,0.265965134,0.287339568,0.333426416,0.326074719,0.324742913,0.353427589,0.370538086,0.444127709,0.494887471,0.485704005,0.531401277,0.577086389,0.622558415,0.668428123,0.69092685,0.713498533,0.736029685,0.758618355,0.781050324,0.803448439,0.82585448,0.848259032,0.870685875,0.893116891,0.910731792,0.928349793,0.945970654,0.963594258,0.981220365,0.998848796,1.016479254,1.0341115,1.051745296,1.069380522,1.088734984,1.108090639,1.127447248,1.146804571,1.166162491,1.185521007,1.20487988,1.224239111,1.2435987,1.262958407,1.275502563,1.288046837,1.300591111,1.313135386,1.325679779,1.338223934,1.35076797,1.363312006,1.375855803,1.388399482,1.398447633,1.408495665,1.418543458,1.428591132,1.438638568,1.448685765,1.458732724,1.468779564,1.478826165,1.488872647,1.499707937,1.510543108,1.52137816,1.532212973,1.543047667,1.553882241,1.564716697,1.575550914,1.586385012,1.59721899,1.603675246,1.610131264,1.616587162,1.623042941,1.629498482,1.635953903,1.642409205,1.648864388,1.655319452,1.661774397,1.666774869,1.671775222,1.676775455,1.681775689,1.686775804,1.691775918,1.696775913,1.701775908,1.706775784,1.711775661,1.717140794,1.722505927,1.727870822,1.733235717,1.738600612,1.743965268,1.749329805,1.754694223,1.760058403,1.765422344
World ,All,CO2 emissions,Gt CO2,Pathway,4.738148212,4.813110828,4.881361961,5.073858261,5.104264259,5.269526482,5.372303963,5.679089069,5.564490795,5.672819138,5.814213276,5.834766388,5.935081482,6.132726192,5.828303337,5.785171986,5.996294975,6.159573078,6.231664181,5.813951015,6.336697102,5.976829529,6.147166252,6.572300911,6.55014801,6.588681698,6.501133919,6.796327114,6.760264874,7.004027843,6.695548534,6.350884438,6.086251736,6.306379795,6.612778664,6.815836906,7.192079067,7.466983318,7.198751926,7.448287487,7.767603397,7.919269085,8.006432533,8.002334595,7.95973444,7.001465321,7.084111691,7.334189415,7.383971691,6.933794022,7.543261051,7.657123566,7.581068993,7.709533215,7.716176033,8.211163521,8.606566429,8.889088631,9.217507362,12.4565115,13.03483391,13.16278744,13.5202179,13.90463638,14.23564911,14.52214336,14.82389069,15.13346291,15.84986496,16.83775902,18.04921341,18.60317802,19.1812191,19.9832077,19.77095795,19.68682098,20.53410721,20.95612526,21.44449425,21.82722473,21.63700485,21.05757904,20.88355064,21.27612877,21.98238564,22.75473022,23.2215786,24.132761,24.96843719,25.44001389,25.6978817,26.19820786,26.69831657,27.13410187,27.37978745,27.89500046,28.54061127,30.45827484,28.38934708,28.68786621,29.15336418,29.28826332,30.13557243,31.11282539,32.51311874,33.3972702,34.75130463,34.73479843,35.63898849,35.59674835,36.97865295,38.10829544,38.61976242,38.51588821,38.99566269,39.8639679,39.97326279,40.78352356,41.35635757,41.47849655,40.5682869,39.90309906,39.15615463,36.92589188,34.82073212,32.82024765,30.89002609,29.02588654,27.1765976,25.32693291,23.43667603,22.05986214,20.6232872,19.13439751,17.60359192,16.03428078,14.45803547,12.8714304,11.28294945,9.701519012,8.12362957,6.928758621,5.742298126,4.571259022,3.426636934,2.32784462,1.23997438,0.162760854,-0.9060269,-1.963747859,-3.023955822,-3.863205671,-4.689632416,-5.504071712,-6.311459541,-7.113562107,-7.910689831,-8.705691338,-9.501111984,-10.29633522,-11.0965929,-11.89151764,-12.69008064,-13.49061394,-14.29418373,-15.10070896,-15.90964413,-16.72088814,-17.53421783,-18.34917831,-19.16597176,-19.82694054,-20.49082756,-21.16515923,-21.83870125,-22.51019478,-23.18126297,-23.85069084,-24.51821136,-25.18365288,-25.8468914,-26.26207733,-26.67396736,-27.08445168,-27.49255562,-27.89732361,-28.30076981,-28.70231438,-29.10160065,-29.49772072,-29.88174057,-30.13611984,-30.38831329,-30.63837051,-30.88634491,-31.13227463,-31.37794685,-31.62161446,-31.86232376,-32.10204315,-32.33983612
World ,All,CO2 equivalent emissions,Gt CO2e,Pathway,7.079923153,7.17997551,7.281056404,7.503371716,7.569910049,7.769600868,7.908563137,8.248418808,8.166187286,8.305801392,8.477026939,8.52840519,8.662081718,8.900918007,8.638886452,8.639324188,8.894386292,9.100819588,9.212024689,8.83125782,9.384943008,9.054403305,9.257281303,9.715118408,9.727570534,9.801722527,9.746626854,10.07540894,10.07263374,10.34405136,10.06271553,9.741688728,9.502813339,9.750048637,10.08401012,10.31774521,10.72434521,11.02995014,10.79069901,11.07311821,11.42487717,11.62505817,11.79863548,11.90398502,11.99198055,11.17577744,11.40393639,11.79169559,11.97513103,11.63548374,12.32712364,12.52356625,12.55570221,12.81130695,12.96006584,13.61004162,14.16372108,14.60751438,15.09479046,18.47698402,19.18671989,19.4780426,19.9985981,20.52447319,21.03697586,21.51341629,22.02410126,22.53979492,23.45358276,24.61735153,26.04077721,26.43736267,27.39169884,28.30364227,28.08645821,28.17848206,29.27970505,29.92313004,30.49349976,31.14804268,31.04022026,30.35144043,30.7770462,31.00510979,31.55720139,32.4055481,33.13614655,34.44851685,35.07859039,35.78134155,36.02862549,36.48579407,36.89340973,37.24466705,37.50518799,38.20327377,38.98492813,41.10193253,39.0446701,39.3176918,39.83290863,39.942276,41.06328583,42.27656174,44.11392212,45.15869522,46.89352417,46.92498398,47.96687698,48.01370621,49.53997421,50.81061554,51.43383789,51.33347321,52.00154877,53.06193542,53.2269783,54.1001091,54.77624893,56.85261917,56.1679039,55.7553215,55.23160934,53.18968201,51.24290848,49.36587906,47.54650497,45.75521088,43.93515396,42.07148743,40.11891174,38.66193008,37.10626221,35.46123505,33.74104309,31.95017433,30.1422596,28.30456924,26.4490242,24.58808327,22.71563911,21.33613777,19.94581223,18.56207466,17.20574951,15.90824699,14.62025452,13.34360409,12.07847881,10.83805847,9.603046417,8.634757996,7.683615685,6.749362946,5.830868721,4.923530102,4.027534485,3.140355587,2.259690762,1.386411309,0.518349648,-0.343477547,-1.20212245,-2.056000471,-2.906374454,-3.753412724,-4.597131729,-5.437604904,-6.274851322,-7.108814716,-7.939338207,-8.627007484,-9.311561584,-9.993806839,-10.67252445,-11.3466835,-12.01826763,-12.68630219,-13.35083103,-14.01191902,-14.66964817,-15.07653618,-15.47940254,-15.88034153,-16.27848053,-16.67294884,-17.06586456,-17.45631409,-17.84448814,-18.22951889,-18.62650871,-18.86706352,-19.1059761,-19.34334183,-19.57925797,-19.81381226,-20.04687119,-20.27873421,-20.50847435,-20.73816299,-20.966856
World ,All,Atmospheric concentration,ppm,Pathway,293.7234497,294.0298462,294.3356628,294.5861206,294.7326965,294.9137878,295.1748047,295.490509,295.8251953,296.153656,296.5013428,296.8582153,297.2113342,297.5358276,297.8267212,298.1076355,298.4215393,298.7713013,299.1388245,299.4884644,299.8235168,300.1558228,300.4563904,300.7922668,301.1570129,301.5115356,301.8595276,302.2128601,302.5834351,302.9454651,303.2890015,303.5886536,303.852478,304.1016541,304.3807983,304.6964417,305.0464478,305.4388428,305.833313,306.2087402,306.6108704,307.0358582,307.4671936,307.8893738,308.2956238,308.6494141,308.9419556,309.2605591,309.6026611,309.9288635,310.2480774,310.6121521,310.9709473,311.3203125,311.6712341,312.0401611,312.4623413,312.9268494,313.426178,314.0920105,314.9884033,315.8713379,316.7176208,317.5447388,318.2896423,318.953064,319.6578979,320.4513855,321.3289795,322.2755432,323.3104858,324.4602356,325.6801147,326.9649963,328.2588196,329.4789429,330.6649475,331.9201355,333.2320862,334.5823364,335.9298401,337.2235718,338.4379272,339.5225525,340.5666199,341.7373047,343.0348206,344.412323,345.8897095,347.4428101,349.0313721,350.6255798,352.1139221,353.4576416,354.8875427,356.4535828,358.1312866,359.9541321,361.8087769,363.5160828,365.2721558,367.0622864,368.8852844,370.7889099,372.7834778,374.8812866,377.0551147,379.2839966,381.5177307,383.7833862,386.0758667,388.4945984,390.9867249,393.4675598,395.9039307,398.37854,400.8884583,403.4732056,406.035614,408.6740112,411.20578,413.6211853,415.9429932,418.1009521,420.0010071,421.672821,423.1375732,424.411377,425.5065918,426.4300232,427.184906,427.7969971,428.3042603,428.6999207,428.9796143,429.1402588,429.1803894,429.1006165,428.9016113,428.585022,428.1529541,427.6244507,427.02771,426.3624573,425.6303406,424.8346558,423.9785461,423.0625305,422.0871887,421.0530701,419.9603577,418.8187256,417.6437683,416.4351501,415.1927185,413.9160767,412.6048279,411.2586975,409.8771057,408.4594727,407.0050964,405.5135498,403.9848633,402.4184265,400.8139038,399.1708679,397.4890747,395.7683716,394.008728,392.210144,390.3726501,388.5037842,386.6147461,384.7037964,382.7696838,380.8122559,378.8314514,376.827179,374.7995911,372.7487793,370.6750488,368.5900879,366.5113831,364.4369812,362.3656311,360.2964783,358.2287292,356.1616516,354.094635,352.0272827,349.9597778,347.8984375,345.8515015,343.8174438,341.7952271,339.7839661,337.7827759,335.790863,333.8076782,331.8327637,329.8655701
World ,All,Equivalent CO2,ppm,Pathway,277.2876282,278.4424744,278.9838867,277.3972168,275.0654297,275.0050964,275.8320618,276.8496399,277.7572632,278.7723694,279.9445496,281.1038208,281.8200684,281.6816101,281.7440186,282.5708008,283.7764893,285.117218,286.5005188,287.7980347,288.7623901,289.3731995,290.1021423,291.0535889,292.0246277,292.9081726,293.8565979,294.8734131,295.8241272,296.3954773,296.8319702,297.3997498,297.8306274,298.0813904,298.5073242,299.1404724,299.930603,300.8842163,301.7454529,302.4792175,303.275116,304.1348267,304.9452209,305.5794983,306.2119141,306.9292908,307.6907349,308.5252686,309.4552002,310.3623047,311.1128235,311.8528442,312.4967651,313.0374451,313.5563965,314.1685181,315.0885315,316.2881775,317.6282043,319.0782471,320.5314636,321.5559387,322.0389099,321.2861633,318.142395,314.9909668,314.3602295,315.1376343,316.0697937,316.3570251,317.0600281,319.1397705,321.7042236,324.322052,326.4811096,327.7666321,328.804718,331.0853271,333.8679504,336.6907043,339.7063293,342.8217773,344.0860596,342.0718384,340.675354,342.1323242,344.3662109,346.9728699,350.0263672,353.4509888,356.9290771,358.519165,354.9688416,350.8375244,351.3750305,353.6403198,356.5281677,359.6725464,363.0393982,366.5906677,370.3529663,374.207428,377.9827271,381.480896,384.8115234,388.2158813,391.4325256,394.9516907,398.578064,402.2527161,405.9901428,410.061554,414.3503113,417.843811,421.0486145,424.3752441,427.8006287,431.3703308,434.9100342,438.6131897,442.6024475,446.522522,450.3893127,454.110199,457.5686035,460.7834473,463.7471924,466.4899597,469.0115967,471.3057861,473.3629456,475.1589966,476.7717285,478.1856384,479.3895264,480.375,481.0120239,481.4310913,481.633728,481.6239014,481.4060974,480.8999939,480.2828064,479.5509033,478.7074585,477.7615662,476.7127075,475.572937,474.3454895,473.0354309,471.6487122,470.2434387,468.7897339,467.2831726,465.7263184,464.1221619,462.5285034,460.891449,459.2128296,457.4943542,455.7376099,453.9940491,452.2109985,450.3895264,448.5308228,446.6357727,444.7452087,442.8193054,440.8585205,438.8632507,436.8338318,434.8075562,432.7571716,430.6817322,428.580719,426.4540405,424.3248901,422.1694946,419.9877625,417.77948,415.5445557,413.315033,411.0892334,408.8646851,406.6396179,404.4127197,402.1955261,399.9740601,397.747467,395.5149841,393.2732849,391.0395813,388.8181458,386.606781,384.4039001,382.2080994,380.0270081,377.8510437,375.6793213,373.5109558,371.3451843
World ,All,Temperature change from preindustrial,Degrees C,Pathway,0.001934742,0.025948906,0.023440395,-0.054010741,-0.137362897,-0.124583438,-0.085569113,-0.049536802,-0.024624767,0.000487239,0.026657194,0.048355337,0.050784405,0.02492453,0.01409539,0.03368004,0.062592104,0.090687826,0.115765266,0.135332122,0.141555935,0.136685759,0.139880881,0.150656164,0.160640463,0.167903975,0.177933574,0.189989164,0.198376238,0.194242731,0.188943431,0.191882223,0.191910192,0.18767117,0.190341622,0.199258998,0.21160911,0.226825342,0.237245739,0.243594483,0.251343757,0.26003927,0.266438752,0.26733169,0.269658625,0.276929796,0.286523879,0.296665221,0.308246672,0.318363339,0.323033482,0.325767666,0.326273203,0.324639112,0.32333985,0.325404972,0.334595859,0.350453585,0.3676171,0.381015182,0.386485219,0.377291083,0.356367856,0.301433206,0.184777364,0.092881791,0.090061024,0.127906814,0.158632189,0.160370663,0.173153475,0.217861176,0.269042611,0.310406685,0.332326978,0.327915192,0.318900138,0.349073291,0.389034569,0.424228907,0.461311847,0.500002682,0.481995583,0.377936691,0.318142921,0.350324541,0.397657156,0.43937242,0.484964281,0.534623682,0.583183527,0.569308221,0.426456302,0.306838006,0.345420122,0.42265141,0.49929443,0.567026854,0.630473435,0.692964375,0.752096772,0.805149555,0.849070728,0.879186451,0.899843395,0.91957742,0.933733344,0.955713511,0.981575251,1.007734299,1.035049796,1.067221045,1.10169673,1.115476131,1.126932383,1.142726064,1.161879539,1.183623195,1.207376122,1.232637763,1.259264827,1.286812782,1.314642668,1.34257853,1.370339155,1.397666097,1.424372315,1.450325727,1.475445271,1.499665618,1.522929072,1.545118809,1.566154003,1.586081624,1.604921103,1.6226753,1.639284492,1.654674411,1.668867111,1.68187952,1.693726182,1.704340339,1.713689923,1.721904993,1.729081511,1.735296726,1.74061501,1.74508822,1.748763561,1.751680017,1.753873229,1.755227566,1.75560689,1.755144119,1.753938079,1.752066374,1.749613881,1.746659875,1.7432307,1.739348412,1.735031247,1.730299592,1.725172043,1.719655752,1.713756919,1.707481503,1.700852156,1.693896294,1.686608195,1.678983569,1.671019077,1.662691712,1.653982639,1.644913197,1.635498524,1.625748992,1.615682721,1.605318785,1.594654083,1.583685875,1.572410941,1.560824156,1.548943639,1.536799908,1.524413824,1.511799097,1.498971581,1.485944867,1.472718835,1.459292412,1.445662975,1.431837797,1.417847872,1.403704643,1.389415383,1.374983549,1.360415697,1.345717907,1.330887437,1.315921307,1.300816178
World ,All,Sea level rise,mm,Pathway,0,0,0,0,0,0,0,0,0,0,0,0,0,0,0,0,0,0,0,0,0,0,0,0,0,0,0,0,0,0,0,0,0,0,0,0,0,0,0,0,0,0,0,0,0,0,0,0,0,0,0,0,0,0,0,0,0,0,0,0,0,0,0,0,0,0,0,0,0,0,0,0,0,0,0,0,0,0,0,0,0,0,0,0,0,0,0,0,0,0,0,0,0,0,0,0,0,0,0,0,0,2.614060402,5.94092226,10.05171108,15.00913906,19.99220848,25.50527382,30.76190567,35.9166069,41.15742874,46.55435562,51.86860275,57.23497391,63.42691803,70.18158722,76.78273773,83.30435181,89.80395508,96.32355499,102.9014969,109.5560303,116.3072433,123.1954346,130.2321625,137.4299164,144.800827,152.3518524,160.0864868,168.004715,176.1050568,184.3852539,192.844101,201.4815216,210.2890778,219.2594147,228.3861389,237.6646729,247.0932465,256.6643982,266.3705444,276.2044373,286.1608582,296.2370605,306.420166,316.6990051,327.0639954,337.5065308,348.019104,358.594635,369.2268066,379.9096069,390.6410828,401.4263916,412.2546997,423.1163025,434.0032349,444.9081421,455.8233948,466.7446594,477.6682434,488.5906677,499.5086365,510.4188232,521.3186035,532.2055054,543.0770874,553.930603,564.7623901,575.5707397,586.3540039,597.1105347,607.8389282,618.5387573,629.2068481,639.8405762,650.4373779,660.994751,671.5097656,681.980835,692.4063721,702.7848511,713.1147461,723.3939209,733.6192017,743.7880249,753.8984375,763.9483643,773.9358521,783.8597412,793.7189941,803.5124512,813.2390747,822.8963013,832.4824829,841.9963379,851.4368896,860.8031616,870.0939331,879.3085938,888.4465332,897.5071411
World ,All,Cumulative CO2,Gt CO2,Pathway,110.6253586,115.3916168,120.2303238,125.183876,130.2691345,135.4353638,140.7434387,146.2307892,151.8668976,157.4720154,163.1978607,169.0197754,174.8921661,180.9013672,186.9199219,192.7320557,198.596405,204.6539307,210.8405304,216.9155579,222.9255371,229.1272888,235.167984,241.4745789,248.0385742,254.6031647,261.1590271,267.7708435,274.5536499,281.4053345,288.2936707,294.8599854,301.1116333,307.280426,313.7017212,320.390625,327.3475647,334.6427307,342.0091248,349.3014526,356.8694763,364.6939697,372.6459045,380.6508179,388.6371765,396.2375488,403.2700195,410.4479065,417.8007507,425.0159302,432.1782532,439.7642212,447.3928223,455.0220642,462.7341003,470.6358948,478.9953308,487.7078552,496.7200928,507.1522217,519.8256226,532.9084473,546.2052612,559.8696289,573.8983765,588.2414551,602.87677,617.8167725,633.2188721,649.439209,666.7312622,684.9881592,703.8081055,723.2901001,743.1937256,762.9331055,782.9376831,803.6300049,824.7692871,846.3572998,868.1132202,889.532959,910.5252686,931.5560303,953.0969849,975.3690186,998.2988281,1021.862061,1046.308228,1071.453491,1096.990234,1122.875732,1149.261475,1176.123169,1203.349487,1230.922363,1259.05957,1288.319214,1318.001709,1346.50293,1375.365356,1404.569336,1434.175415,1464.677368,1496.315308,1529.160034,1563.065063,1597.810181,1632.884033,1668.507202,1704.622192,1742.024414,1780.324463,1818.905273,1857.601074,1896.922363,1936.827393,1977.600586,2018.463501,2060.169434,2101.306641,2141.625488,2181.248535,2219.568359,2255.704834,2289.775391,2321.871826,2352.062744,2380.39502,2406.878174,2431.496094,2454.416504,2475.937744,2496.002686,2514.562988,2531.578125,2547.02124,2560.884277,2573.160156,2583.850098,2592.959717,2600.635254,2607.119141,2612.422363,2616.564453,2619.578857,2621.498779,2622.334961,2622.096924,2620.794189,2618.432861,2615.094238,2610.921143,2605.926025,2600.119141,2593.506836,2586.094482,2577.885498,2568.881592,2559.082275,2548.48584,2537.091309,2524.900146,2511.909912,2498.11792,2483.52124,2468.117188,2451.90332,2434.877441,2417.037842,2398.382324,2378.968506,2358.892578,2338.148926,2316.730957,2294.640625,2271.878662,2248.446533,2224.345459,2199.577637,2174.145264,2148.142578,2121.726074,2094.898193,2067.660889,2040.016479,2011.967773,1983.516479,1954.664429,1925.414307,1895.772583,1865.79541,1835.564697,1805.082642,1774.351318,1743.372681,1712.148315,1680.678955,1648.967041,1617.014893,1584.823608
World ,All,Cumulative C,Gt CO2,Pathway,30.22550774,31.52776337,32.84981537,34.20324326,35.592659,37.00419998,38.45449066,39.95376587,41.49368668,43.02513885,44.58957672,46.18026733,47.78474426,49.42660141,51.07101822,52.65903091,54.26131058,55.91637039,57.6067009,59.26654434,60.90861511,62.60308075,64.25354767,65.97666168,67.77010345,69.56370544,71.35491943,73.16143036,75.01465607,76.88670349,78.76876068,80.56283569,82.27093506,83.95639801,85.71084595,87.53842163,89.43922424,91.43243408,93.44511414,95.43755341,97.50531769,99.64315796,101.8158188,104.0029526,106.1850204,108.2616272,110.1830597,112.1442337,114.1532135,116.1245651,118.0814896,120.1541595,122.238472,124.3229675,126.4300766,128.589035,130.8730316,133.2535095,135.7158661,138.5661774,142.0288544,145.6033936,149.2364044,152.9698334,156.8028259,160.7217102,164.7204285,168.8023834,173.0106201,177.4423981,182.1670074,187.1552429,192.2973022,197.6202393,203.0583801,208.4516602,213.9173889,219.5710449,225.3468018,231.245163,237.1893921,243.0417786,248.7773895,254.5234985,260.4089966,266.4942627,272.7592163,279.1972961,285.8765564,292.7468567,299.7240906,306.7966309,314.0058594,321.3451233,328.7839966,336.3175964,344.0053406,351.9997864,360.1097412,367.8969727,375.7828979,383.7621155,391.8511963,400.1850891,408.8293152,417.8032837,427.0669556,436.5601501,446.143158,455.8762817,465.7437439,475.9629517,486.4274597,496.9686584,507.5412903,518.28479,529.1878052,540.3280029,551.4927368,562.8878174,574.1275024,585.1435547,595.9695435,606.4393921,616.3127441,625.6216431,634.3911743,642.6400757,650.3811646,657.6169434,664.3432007,670.6055908,676.4857178,681.9678955,687.0390625,691.6879883,695.9074097,699.6951294,703.0491943,705.9699097,708.4589233,710.5560913,712.3276367,713.7766113,714.9082642,715.7319336,716.2565308,716.4849243,716.4198608,716.0639648,715.4188232,714.5065918,713.366394,712.0016479,710.4150391,708.6084595,706.5831909,704.340332,701.880188,699.2028198,696.3076172,693.1942749,689.8634033,686.3141479,682.5458984,678.5577393,674.348999,669.9189453,665.2670898,660.3928223,655.2956543,649.991333,644.5061646,638.8384399,632.9866333,626.9509277,620.7318726,614.3295898,607.7446289,600.977478,594.0287476,586.9241943,579.706604,572.3765869,564.9346313,557.3815308,549.7179565,541.944397,534.0612793,526.069458,517.9706421,509.7801514,501.5204163,493.1919556,484.7954102,476.3313293,467.8000793,459.2019043,450.5374451,441.8073425,433.0119324
World ,All,Budget of C remaining,Gt C,Pathway,762.1242065,760.8219604,759.4998779,758.1464844,756.7570801,755.34552,753.8952026,752.3959351,750.8560181,749.324585,747.7601318,746.1694336,744.5649414,742.9230957,741.2786865,739.6906738,738.0883789,736.4333496,734.742981,733.0831909,731.4411011,729.7466431,728.0961914,726.3730469,724.5795898,722.7860107,720.994812,719.1882935,717.335022,715.4630127,713.5809326,711.7868652,710.0787964,708.3933105,706.638855,704.8112793,702.9104614,700.9172974,698.9046021,696.9121704,694.8443604,692.706543,690.5338745,688.3467407,686.1646729,684.0880737,682.166626,680.2054443,678.1964722,676.2251587,674.2681885,672.1955566,670.1112061,668.0267334,665.9196167,663.7606812,661.4766846,659.0961914,656.6338501,653.7835083,650.3208618,646.7463379,643.1132813,639.3798828,635.546875,631.6279907,627.6292725,623.5473022,619.3391113,614.9072876,610.1826782,605.194458,600.0524292,594.7294922,589.2913208,583.8980713,578.432312,572.7786865,567.0029297,561.1045532,555.1603394,549.3079224,543.5723267,537.8262329,531.9406738,525.8554688,519.5904541,513.1524048,506.4731445,499.6028442,492.6256104,485.5530701,478.3438416,471.0045776,463.5657043,456.0321045,448.3443909,440.3499146,432.2399597,424.4527283,416.5668335,408.5875854,400.4985352,392.1646423,383.5203857,374.5464478,365.2827759,355.7895508,346.206543,336.4734497,326.605957,316.3867493,305.9222717,295.3810425,284.8084412,274.0649109,263.1619263,252.0216827,240.8569489,229.4618835,218.2222137,207.2061462,196.380188,185.9102936,176.0369415,166.7280579,157.9585419,149.7096405,141.9685516,134.7327576,128.0065155,121.7441101,115.8640213,110.3817902,105.3106613,100.6617203,96.442276,92.65455627,89.30052185,86.37978363,83.89076233,81.79361725,80.02207947,78.57312775,77.44142914,76.61776733,76.09320831,75.86478424,75.92982483,76.28574371,76.93091583,77.84312439,78.98331451,80.3480835,81.93465424,83.7412796,85.76654816,88.00939178,90.46949768,93.14690399,96.04210663,99.15541077,102.4862747,106.0355301,109.8038254,113.7919769,118.0007324,122.4307556,127.082634,131.9569092,137.0540314,142.3583527,147.8435669,153.5112457,159.3630981,165.3987579,171.6178284,178.0200958,184.605072,191.3722229,198.3209534,205.4254913,212.6431274,219.9731445,227.4150848,234.9681854,242.6317444,250.4053345,258.2883911,266.2802429,274.3790894,282.5695496,290.8293152,299.1577454,307.5542908,316.0183716,324.5496216,333.1478271,341.8122559,350.5423889,359.3377991
World ,All,CH4 anthropogenic emissions,Mt,Pathway,72.65496063,73.41893768,74.45872498,75.37734985,76.51223755,77.583992,78.71746826,79.73487091,80.73509216,81.70046234,82.62269592,83.54866028,84.51626587,85.7070694,86.90578461,88.14054871,89.36040497,90.57707214,91.66030884,92.69498444,93.56350708,94.39494324,95.32149506,96.25112152,97.22439575,98.2525177,99.17126465,100.1317291,101.1124878,101.9165268,102.7333908,103.4537277,104.2664948,105.1319885,106.0051498,107.0137024,107.9845505,108.9463043,109.8232422,110.8314743,111.7799759,112.8155975,114.3988876,116.1959534,118.3123779,120.6231995,122.9873123,125.233284,127.6813354,129.7880859,131.644165,133.8826141,137.0487976,140.8713837,145.1656799,149.9150238,154.7128143,159.5637665,164.2870178,168.3554535,171.9309845,174.9071045,178.9338074,182.2454987,186.8984833,191.3353577,196.2725677,201.4581604,206.7061005,211.5014648,215.9142761,211.0669861,220.5471344,222.5793762,222.3186493,226.8222809,233.221817,238.7147064,239.8369904,246.594574,248.7019653,245.9537354,264.3574829,258.0561523,253.2888184,256.303009,263.9225769,274.3400574,269.0310669,274.87854,278.4408264,277.1970825,274.053833,273.3678894,271.0559692,275.1913452,277.7992249,279.4667053,281.335144,281.8035278,284.9577332,284.0502319,291.4911194,297.8835754,307.9067078,312.092926,318.7919312,319.0174255,323.2047119,324.7382813,327.40271,331.6672668,335.2521057,335.4406433,341.0398254,345.8879089,348.0575256,350.3942261,353.8220825,373.9320984,381.4002991,389.6997375,397.0174255,403.151062,408.2701416,412.1893616,415.6984253,417.8833008,418.5377197,417.6701965,415.0951843,412.1772461,407.8803711,402.270874,395.4837646,387.5577087,379.281189,370.3227234,360.8062744,350.8592529,340.3902283,334.1083679,327.0567322,319.7259216,312.4681091,305.7131958,298.9477234,292.2477112,285.7002563,279.6825562,273.9902649,269.9130249,266.0332031,262.3716736,259.0643921,256.0099792,253.2259979,250.7236023,248.5109406,246.596405,244.9856415,243.4385834,242.1590881,241.1437988,240.3829498,239.865509,239.5690918,239.4850159,239.6021729,239.9036407,240.3997955,240.5070496,240.7342224,241.0553284,241.4684448,241.9626007,242.5220337,243.135437,243.7888947,244.4713745,245.1729126,246.0066223,246.8411407,247.6671753,248.4791107,249.2720795,250.0407104,250.7954254,251.5152283,252.1975098,251.9827271,252.7364349,253.4304352,254.0625305,254.6306,255.1326752,255.6371613,256.071106,256.4335022,256.7209778,256.9343262
World ,All,N2O anthropogenic emissions,Mt,Pathway,0.737199605,0.746010005,0.754868865,0.764647663,0.775050104,0.785607398,0.796230316,0.807179749,0.817588449,0.827740669,0.837293506,0.848975778,0.863942206,0.882698596,0.903800845,0.925300121,0.948685586,0.970398843,0.99137342,1.010401607,1.026176333,1.040112495,1.054577589,1.0685637,1.083703399,1.097245932,1.110361576,1.123396873,1.134435654,1.14413929,1.152180672,1.158589244,1.163980365,1.169117451,1.174899578,1.179094434,1.185056925,1.1924299,1.201402307,1.210857868,1.223188639,1.26802218,1.366609693,1.505792975,1.673936248,1.85624516,2.043035746,2.218891621,2.371124744,2.490793705,2.559215784,2.602906704,2.645235777,2.688630819,2.736091614,2.783674717,2.835659981,2.891051292,2.949179173,3.013424873,3.082739115,3.26844883,3.382272005,3.491854429,3.606945038,3.756783009,3.918754578,4.057348251,4.171171188,4.264319897,4.372730255,4.29957962,4.551166058,4.641448975,4.617043972,4.758215904,4.893508434,5.016819477,5.110561371,5.279655457,5.329699039,5.249509811,5.475414753,5.471513748,5.371526718,5.355175972,5.459172726,5.691761494,5.494859219,5.569534779,5.311284542,5.312562943,5.317860603,5.174654007,5.33164978,5.430896282,5.512206554,5.785685062,5.654973507,5.462957859,5.407561302,5.44312191,5.528075695,5.628699303,5.829668045,5.816613197,5.994659424,6.0422225,6.038926601,6.097793579,6.212434292,6.273274422,6.309423447,6.314092636,6.398571491,6.543005466,6.540228844,6.543298721,6.570116043,9.919945717,9.968450546,10.01220798,10.05142403,10.08645916,10.11777782,10.14588547,10.1712904,10.19446278,10.21581078,10.23567104,10.25430489,10.25382996,10.25258827,10.25065136,10.24804878,10.24477005,10.24077415,10.23600101,10.2303772,10.22381496,10.21622467,10.19491768,10.17917824,10.16100216,10.14030075,10.116992,10.0909996,10.06225395,10.03069305,9.996259689,9.958909035,9.918440819,9.875082016,9.828816414,9.779642105,9.727561951,9.672591209,9.614753723,9.554085732,9.490631104,9.431373596,9.370322227,9.307660103,9.243411064,9.177760124,9.110851288,9.042840004,8.973889351,8.904168129,8.833848,8.763108253,8.69224453,8.627804756,8.587676048,8.54793644,8.508777618,8.470389366,8.432958603,8.396671295,8.361703873,8.328231812,8.29629612,8.26604557,8.2376194,8.211151123,8.186759949,8.164560318,8.144655228,8.127134323,8.112082481,8.099570274,8.089719772,8.082579613,8.07818985,8.076579094,8.077767372,8.081763268,8.088568687,8.098174095,8.110560417,8.125699043
World ,All,SF6 anthropogenic emissions,t,Pathway,0,0,0,0,0,0,0,0,0,0,0,0,0,0,0,0,0,0,0,0,0,0,0,0,0,0,0,0,0,0,0,0,0,0,0,0,0,0,0,0,0,3.629921436,13.79716587,29.21903801,48.98337555,71.63343048,96.31351471,121.7157364,146.766449,170.393219,191.4030304,210.1495972,229.8846893,248.6099701,267.4474487,287.1829224,305.9209595,325.6542053,344.486084,364.2158203,382.9530334,400.5538635,416.5460815,431.3968506,445.137085,460.1119385,476.3431702,494.9536743,517.3059082,544.5103149,575.8516846,666.3761597,705.1851807,810.0233765,834.5686035,982.3288574,1190.590332,1341.79834,1452.550049,1720.696167,1823.28833,1868.567139,2013.239624,2008.075806,2268.071533,2433.604736,2589.726074,2699.712158,2879.368164,3051.87915,3140.103271,3203.136963,3180.421875,3138.719971,3061.422119,3120.759277,3115.00415,2873.320801,2653.983154,2518.775391,2228.964844,2123.694824,2104.419434,2174.672852,2121.599854,2154.174072,6626.620117,6912.540039,7198.459961,7484.379883,7770.299805,7935.810059,8101.319824,8266.830078,8432.339844,8597.849609,8763.359375,8928.870117,9094.379883,9259.889648,9425.399414,9443.110352,9460.820313,9478.530273,9496.240234,9513.950195,9531.660156,9549.370117,9567.080078,9584.790039,9602.5,9610.980469,9619.459961,9627.94043,9636.419922,9644.900391,9653.379883,9661.860352,9670.339844,9678.820313,9687.299805,9696.519531,9705.740234,9714.959961,9724.180664,9733.400391,9742.620117,9751.839844,9761.060547,9770.280273,9779.5,9794.349609,9809.200195,9824.049805,9838.900391,9853.75,9868.600586,9883.450195,9898.300781,9913.150391,9928,9943.480469,9958.959961,9974.44043,9989.919922,10005.39941,10020.87988,10036.35938,10051.83984,10067.32031,10082.7998,10074.12988,10065.45996,10056.79004,10048.12012,10039.44922,10030.78027,10022.11035,10013.44043,10004.77051,9996.100586,9983.980469,9971.860352,9959.740234,9947.620117,9935.5,9923.379883,9911.259766,9899.139648,9887.019531,9874.899414,9837.120117,9799.339844,9761.55957,9723.780273,9686,9648.219727,9610.439453,9572.660156,9534.879883,9497.099609
World ,All,PFC anthropogenic emissions,t,Pathway,67.11006165,71.52420807,75.54010773,79.36869049,82.95105743,86.45167542,89.9648819,93.53318787,97.49102783,101.726593,106.3062744,111.3324661,116.80233,122.5614243,128.575943,135.0325317,141.6865845,148.7786407,156.0950165,163.9021149,171.7348938,208.5322876,295.1902161,423.1401672,581.3823242,760.9246216,951.7879639,1143.056152,1328.358887,1494.447266,1633.636963,1754.086914,1867.95752,1978.778809,2085.174072,2189.429443,2293.630859,2399.366943,2503.466309,2611.397217,2724.51123,2839.504883,2958.46582,3080.19043,3208.666992,3346.116211,3489.834229,3635.51416,3805.136719,3978.875732,4162.412598,4353.763184,4571.896484,4812.890625,5064.524414,5325.187988,5604.162598,5892.950195,6188.222656,6498.300293,6799.123535,7144.376953,7536.791992,7950.916016,8397.212891,8844.092773,9276.358398,9694.663086,10074.5293,10402.66504,11183.48828,11779.97266,12329.16602,13238.06836,14215.61816,13253.99121,13830.50684,14811.69238,15265.71289,15653.90332,14997.65723,14650.3291,13404.39355,13701.68652,15226.89844,14447.98535,14012.35938,14903.73828,15511.72949,15775.71973,15758.66992,15045.67188,13561.70508,12656.47168,11857.77441,11872.11816,11945.92871,11429.31934,11061.14258,10825.66309,10619.48047,8942.00293,9204.899414,8657.363281,8716.12793,8311.364258,18527.63867,20639.14844,22750.65625,24862.16602,26973.67383,27021.25586,27068.83789,27116.41992,27164,27211.58203,27259.16406,27306.74609,27354.32617,27401.9082,27449.49023,27515.46484,27581.44141,27647.41602,27713.39258,27779.36719,27845.34375,27911.31836,27977.29492,28043.26953,28109.24609,28127.16992,28145.0957,28163.02148,28180.94531,28198.87109,28216.79492,28234.7207,28252.64648,28270.57031,28288.49609,28263,28237.50391,28212.00781,28186.51172,28161.01563,28135.51953,28110.02344,28084.52734,28059.03125,28033.53516,28022.92383,28012.3125,28001.70117,27991.08984,27980.47852,27969.86719,27959.25586,27948.64453,27938.0332,27927.42188,27907.29297,27887.16406,27867.0332,27846.9043,27826.77539,27806.64648,27786.51758,27766.38867,27746.25781,27726.12891,27643.45117,27560.77344,27478.0957,27395.41602,27312.73828,27230.06055,27147.38281,27064.70313,26982.02539,26899.34766,26787.88672,26676.42383,26564.96289,26453.50195,26342.04102,26230.57813,26119.11719,26007.65625,25896.19336,25784.73242,25642.00781,25499.28125,25356.55469,25213.82813,25071.10352,24928.37695,24785.65039,24642.92578,24500.19922,24357.47266
World ,All,CO2 equivalent emissions from HFC,Gt CO2e,Pathway,0,0,0,0,0,0,0,0,0,0,0,0,0,0,0,0,0,0,0,0,0,0,0,0,0,0,0,0,0,0,0,0,0,0,0,0,0,0,0,0,0,0,0,0,0,0,0,0,0,0,0,0,0,0,0,0,0,0,0,0,0,0,0,0,0,0,0,0,0,0,0.037353169,0.040077575,0.041607019,0.048574157,0.054046128,0.04821993,0.057912283,0.064109959,0.070039436,0.073347308,0.077836961,0.080066569,0.07518328,0.086879872,0.091616735,0.09130232,0.097619377,0.101767138,0.118556634,0.149101824,0.144353688,0.138735414,0.142421976,0.14371489,0.165019602,0.189282596,0.218090862,0.265965134,0.287339568,0.333426416,0.326074719,0.324742913,0.353427589,0.370538086,0.444127709,0.494887471,0.441131622,0.442257434,0.443371058,0.444271624,0.445569873,0.437619776,0.429742634,0.421824962,0.413964808,0.405947983,0.397897273,0.389854461,0.381810218,0.373788267,0.365770429,0.36691761,0.36806795,0.369221151,0.370377034,0.37153548,0.372696191,0.373858929,0.375023454,0.37618956,0.377357066,0.378772795,0.380189657,0.381607443,0.383026004,0.384445161,0.385864854,0.387284935,0.388705403,0.390126139,0.391547114,0.391634017,0.39172107,0.391808152,0.391895235,0.391982317,0.39206928,0.392156154,0.392242908,0.392329484,0.392415881,0.394113302,0.395810485,0.397507489,0.399204284,0.400900871,0.402597249,0.404293418,0.405989408,0.40768519,0.409380823,0.410989285,0.412597567,0.4142057,0.415813684,0.41742149,0.419029176,0.420636714,0.422244072,0.423851311,0.425458342,0.42601651,0.426574528,0.427132398,0.427690089,0.42824766,0.428805083,0.429362357,0.429919511,0.430476546,0.431033492,0.430311054,0.429588556,0.428865939,0.428143263,0.427420527,0.426697731,0.425974876,0.425251961,0.424528986,0.423805952,0.422462851,0.42111969,0.41977644,0.4184331,0.417089671,0.415746123,0.414402425,0.413058579,0.411714584,0.41037035