WEO Sector,WEO Metric,GCAM Value,REGION,VARIABLE,UNIT,2041,2042,2043,2044,2045,2046,2047,2048,2049,2050,2051,2052,2053,2054,2055,2056,2057,2058,2059,2060,2061,2062,2063,2064,2065,2066,2067,2068,2069,2070,2071,2072,2073,2074,2075,2076,2077,2078,2079,2080,2081,2082,2083,2084,2085,2086,2087,2088,2089,2090,2091,2092,2093,2094,2095,2096,2097,2098,2099,2100
TPED,Total primary demand,Primary Energy,World,Primary Energy,EJ/yr,1.014335722820172,1.0141331144094128,1.0139361531623423,1.013744606224837,1.0135582533711538,1.0133768861592891,1.0132003071532327,1.0130283292060198,1.0128607747981055,1.0126974754261455,1.0107001482654014,1.0105868672165186,1.010475959623024,1.0103673516655778,1.0102609725546725,1.010156754376768,1.010054631949706,1.0099545426867629,1.0098564264687409,1.0097602255235498,1.008850509965616,1.0087728656309223,1.0086965717752883,1.008621593468869,1.008547896976127,1.0084754497052202,1.0084042201599432,1.0083341778940693,1.0082652934679606,1.0081975384073094,1.007358756444027,1.0073050007228839,1.0072520246773733,1.0071998114669425,1.0071483447325675,1.007097608579663,1.007047587561719,1.0069982666646198,1.0069496312916204,1.0069016672489428,1.0050174791002313,1.0049924296886095,1.0049676291493619,1.004943073791906,1.0049187599982696,1.0048946842213178,1.0048708429830244,1.0048472328727986,1.0048238505458595,1.0048006927216535,1.0044448178629775,1.0044251488821798,1.0044056532107988,1.0043863285682584,1.0043671727138213,1.0043481834457222,1.0043293586003257,1.0043106960513026,1.0042921937088305,1.0042738495188135
TPED,Coal,Primary Energy|Coal,World,Primary Energy|Coal,EJ/yr,1.0228889175304157,1.0223767382148168,1.0218869790150833,1.0214181993356823,1.0209690794129305,1.0205384079065232,1.0201250709893954,1.0197280427289925,1.019346376585071,1.0189791978756857,1.0157890298691281,1.0155436113256335,1.015305705389987,1.0150749723051227,1.0148510924970289,1.014633765097979,1.0144227065975535,1.0142176496087398,1.014018341737816,1.0138245445479728,1.0132307917464956,1.013058023753591,1.0128897096192064,1.0127256793082164,1.0125657713319853,1.0124098322180648,1.0122577160188935,1.0121092838561923,1.0119644034980642,1.0118229489660968,1.0095941775070025,1.009503003999779,1.0094135470247507,1.009325758558023,1.009239592350587,1.0091550038470722,1.0090719501089245,1.0089903897417276,1.0089102828264092,1.0088315908540921,1.0047109856413243,1.0046888963180958,1.0046670131771929,1.0046453333452583,1.0046238540020787,1.0046025723793623,1.004581485759549,1.004560591474653,1.0045398869051376,1.004519369478821,1.0022147676798363,1.002209873323822,1.0022050005519232,1.0022001492216752,1.002195319191864,1.002190510322513,1.0021857224748696,1.0021809555113916,1.0021762092957343,1.0021714836927367
TPED,Oil,Primary Energy|Oil,World,Primary Energy|Oil,EJ/yr,1.000926180278796,1.0009253232626387,1.000924467831049,1.0009236139796367,1.0009227617040268,1.0009219109998617,1.0009210618627988,1.0009202142885119,1.0009193682726911,1.0009185238110416,1.0087240271104692,1.0086485766929332,1.0085744201625597,1.008501524519309,1.0084298578758828,1.008359389411217,1.008290089326285,1.0082219288020813,1.0081548799596636,1.00808891582213,1.0103066069518662,1.010201464467269,1.0100984455339792,1.0099974864614716,1.0098985260809883,1.0098015056219563,1.0097063685955978,1.009613060685255,1.0095215296429805,1.0094317251919804,1.0101065184206406,1.0100053986746294,1.0099062823701328,1.0098091105512128,1.009713826552682,1.0096203758899158,1.0095287061549605,1.0094387669185287,1.009350509637491,1.0092638875675104,1.007164143412063,1.0071131835450304,1.0070629435313236,1.0070134082250681,1.0069645629023247,1.0069163932465022,1.0068688853343648,1.0068220256226148,1.0067758009350225,1.0067301984500714,0.9995839718462969,0.9995837986948362,0.9995836253991841,0.9995834519591599,0.9995832783745832,0.9995831046452731,0.9995829307710492,0.9995827567517294,0.999582582587132,0.9995824082770755
TPED,Natural gas,Primary Energy|Gas,World,Primary Energy|Gas,EJ/yr,1.012602919799654,1.0124460630650243,1.0122930628297824,1.0121437785965046,1.011998076610562,1.0118558294604143,1.0117169157060018,1.0115812195329614,1.011448630430593,1.0113190428916978,1.0011067340413142,1.001105510535172,1.00110428973124,1.0011030716205767,1.0011018561942788,1.0011006434434828,1.0010994333593644,1.0010982259331374,1.0010970211560546,1.001095819019407,1.0032674944642026,1.0032568527159822,1.0032462800599524,1.0032357758254118,1.0032253393503132,1.003214969981123,1.0032046670726849,1.0031944299880862,1.0031842580985262,1.003174150783189,1.0029972949245658,1.0029883379942626,1.0029794344371326,1.0029705837775276,1.0029617855454338,1.00295303927639,1.0029443445114046,1.002935700796876,1.002927107684514,1.0029185647312615,1.0045805555287823,1.0045596697084898,1.0045389734885664,1.0045184642989045,1.0044981396156396,1.0044779969601147,1.004458033897872,1.0044382480376728,1.0044186370305428,1.0043991985688419,1.016540813696878,1.0162716670831184,1.0160111391571325,1.0157588224578078,1.0155143348099862,1.0152773173929537,1.0150474329833183,1.0148243643541786,1.014607812814597,1.014397496875245
TPED,Nuclear,Primary Energy|Nuclear,World,Primary Energy|Nuclear,EJ/yr,0.8999999999999999,0.888888888888889,0.875,0.8571428571428571,0.8333333333333333,0.8000000000000002,0.7499999999999999,0.6666666666666665,0.49999999999999967,0.0,1.0,1.0,1.0,1.0,1.0,1.0,1.0,1.0,1.0,1.0,1.0,1.0,1.0,1.0,1.0,1.0,1.0,1.0,1.0,1.0,1.0,1.0,1.0,1.0,1.0,1.0,1.0,1.0,1.0,1.0,1.0,1.0,1.0,1.0,1.0,1.0,1.0,1.0,1.0,1.0,1.0,1.0,1.0,1.0,1.0,1.0,1.0,1.0,1.0,1.0
TPED,Hydro,Primary Energy|Hydro,World,Primary Energy|Hydro,EJ/yr,1.0084802217960782,1.0084089123542503,1.0083387921816545,1.0082698317731211,1.0082020025914868,1.008135277028219,1.0080696283659472,1.0080050307427948,1.0079414591184095,1.0078788892415989,1.007817391647535,1.0077567540631103,1.0076970499397164,1.007638257887305,1.0075803571644057,1.0075233276537257,1.0074671498388486,1.0074118047819653,1.0073572741025894,1.0073035399572052,1.0072504041605128,1.0071982141983407,1.0071467702155035,1.007096056331466,1.0070460571132756,1.0069967575599008,1.0069481430872278,1.0069001995136766,1.0068529130464063,1.0068062702680889,1.0067604273026827,1.0067150308249555,1.0066702399580276,1.0066260426634897,1.0065824272199013,1.0065393822124251,1.0064968965228676,1.0064549593201053,1.00641356005088,1.0063726884309425,1.0063323293247468,1.0062924832485467,1.0062531354981734,1.0062142767834237,1.0061758980435944,1.0061379904404417,1.0061005453513934,1.006063554363011,1.0060270092646884,1.005990902042574,1.005955181607362,1.005919927364802,1.005885088070887,1.0058506564424508,1.005816625365781,1.00578298789172,1.005749737230933,1.0057168667493401,1.0056843699637037,1.0056522405373653
TPED,Bioenergy,Primary Energy|Biomass,World,Primary Energy|Biomass,EJ/yr,1.0173885907075964,1.0170913954278793,1.0168041883991055,1.0165264744095543,1.0162577904516985,1.0159977031462384,1.015745806409501,1.0155017193377938,1.0152650842855317,1.015035565116744,1.0136219471162782,1.0134388833578754,1.013260674697371,1.0130871305168645,1.0129180700481188,1.0127533217444775,1.0125927227002423,1.0124361181133732,1.012283360787787,1.012134310671893,0.9978863123192351,0.9978818351803499,0.9978773390345689,0.9978728237605989,0.9978682892361128,0.9978637353377376,0.9978591619410446,0.9978545689205369,0.9978499561496382,0.9978453235006812,0.9976622331339029,0.9976567551737892,0.9976512514809738,0.9976457218737113,0.9976401661685402,0.9976345841802634,0.997628975721927,0.9976233406048003,0.9976176786383538,0.997611989630238,0.9995646361450773,0.9995644465208354,0.9995642567313389,0.9995640667763711,0.9995638766557157,0.9995636863691559,0.9995634959164743,0.9995633052974534,0.9995631145118751,0.9995629235595211,0.9972047237731394,0.9971968883016478,0.997189008779273,0.9971810848334879,0.997173116087553,0.9971651021604571,0.9971570426668555,0.9971489372170093,0.9971407854167224,0.997132586867277
TPED,Other renewables,Primary Energy|Non-Biomass Renewables,World,Primary Energy|Non-Biomass Renewables,EJ/yr,1.0302134172860127,1.0293273381797017,1.0284917509638527,1.0277024593898316,1.0269557196606096,1.0262481810506088,1.0255768356380786,1.0249389755592184,1.02433215650289,1.0237541664082486,1.0182275119347006,1.0179012172830286,1.017586399327442,1.0172824630312132,1.016988853793583,1.0167050540723344,1.016430580339326,1.0161649803313086,1.0159078305631417,1.015658734074649,1.0145661949176958,1.0143570670801598,1.0141538591745478,1.0139563233394073,1.01376422535977,1.0135773437407352,1.0133954688555158,1.0132184021610477,1.013045955475004,1.0128779503086678,1.0133266635532667,1.01315139927981,1.0129806851070418,1.012814346115267,1.0126522162372773,1.0124941377053311,1.0123399605390775,1.0121895420709328,1.0120427465057513,1.011899444511935,1.0097646581026112,1.0096702315972905,1.0095776138531811,1.0094867533924674,1.0093976006724075,1.0093101079952511,1.0092242294231486,1.0091399206977236,1.0090571391640162,1.008975843698524,1.0103111604184758,1.0102059254835953,1.0101028168872694,1.0100017708280453,1.0099027260317033,1.0098056236273516,1.0097104070307399,1.0096170218343052,1.0095254157035038,1.00943553827901
Power sector,Power sector,Secondary Energy|Electricity,World,Secondary Energy|Electricity,EJ/yr,1.0239312508343537,1.0233719312843055,1.0228381593923281,1.0223282238569358,1.0218405628797942,1.0213737481885063,1.0209264710654786,1.0204975300950312,1.020085820387162,1.0196903240744377,1.0140703874583152,1.013875158600757,1.013685273263728,1.013500515026391,1.0133206789993978,1.0131455710669512,1.012975007187869,1.0128088127503647,1.0126468219757898,1.0124888773670513,1.0129797881493474,1.0128134719973638,1.0126513640977688,1.0124933067255981,1.0123391499406564,1.0121887511130827,1.0120419744831968,1.0118986907527687,1.0117587767051235,1.0116221148517406,1.012516960118016,1.0123622226698867,1.0122112643015106,1.0120639482410199,1.0119201442379082,1.011779728178932,1.0116425817308417,1.0115085920077842,1.0113776512614099,1.0112496565918965,1.008280829683106,1.0082128207135592,1.008145919735227,1.0080800998900696,1.0080153351811534,1.007951600438413,1.0078888712860363,1.007827124111382,1.0077663360353426,1.0077064848840815,1.009008518384484,1.008928089525852,1.0088490841106899,1.0087714646819455,1.0086951950853518,1.0086202404132754,1.008546566951446,1.0084741421283896,1.0084029344674172,1.0083329135410095
Other energy sector,Electricity,Secondary Energy|Electricity,World,Secondary Energy|Electricity,EJ/yr,1.0239312508343537,1.0233719312843055,1.0228381593923281,1.0223282238569358,1.0218405628797942,1.0213737481885063,1.0209264710654786,1.0204975300950312,1.020085820387162,1.0196903240744377,1.0140703874583152,1.013875158600757,1.013685273263728,1.013500515026391,1.0133206789993978,1.0131455710669512,1.012975007187869,1.0128088127503647,1.0126468219757898,1.0124888773670513,1.0129797881493474,1.0128134719973638,1.0126513640977688,1.0124933067255981,1.0123391499406564,1.0121887511130827,1.0120419744831968,1.0118986907527687,1.0117587767051235,1.0116221148517406,1.012516960118016,1.0123622226698867,1.0122112643015106,1.0120639482410199,1.0119201442379082,1.011779728178932,1.0116425817308417,1.0115085920077842,1.0113776512614099,1.0112496565918965,1.008280829683106,1.0082128207135592,1.008145919735227,1.0080800998900696,1.0080153351811534,1.007951600438413,1.0078888712860363,1.007827124111382,1.0077663360353426,1.0077064848840815,1.009008518384484,1.008928089525852,1.0088490841106899,1.0087714646819455,1.0086951950853518,1.0086202404132754,1.008546566951446,1.0084741421283896,1.0084029344674172,1.0083329135410095
Power sector,Coal,Secondary Energy|Electricity|Coal,World,Secondary Energy|Electricity|Coal,EJ/yr,1.0248858461822778,1.0242815785533366,1.023705960413377,1.0231570014536249,1.0226328915510767,1.02213198082916,1.0216527623088423,1.021193856765883,1.0207539994737176,1.020332028563609,1.016364349636276,1.0161008693802889,1.015845739203145,1.0155985683570172,1.0153589901000468,1.0151266598806925,1.0149012536844124,1.0146824665259957,1.0144700110727887,1.014263616385749,1.0130535029521432,1.0128853045906303,1.012721385661566,1.012561584895589,1.0124057490260052,1.0122537322984786,1.0121053960163273,1.0119606081184573,1.0118192427872224,1.011681180083771,1.0126677061687153,1.0125092427570752,1.0123546948796363,1.0122039191818095,1.012056779222584,1.0119131450627161,1.0117728928820051,1.0116359046232901,1.0115020676610156,1.011371274492412,1.0087775922593845,1.0087012165285363,1.0086261584560012,1.0085523842344186,1.0084798612031547,1.008408557800091,1.0083384435158256,1.008269488850144,1.0082016652706356,1.0081349451733292,1.009264959378889,1.0091799079050467,1.0090964037562968,1.0090144050879937,1.0089338715508305,1.0088547642246346,1.0087770455556504,1.0087006792970947,1.0086256304527899,1.0085518652236882
Power sector,Oil,Secondary Energy|Electricity|Oil,World,Secondary Energy|Electricity|Oil,EJ/yr,1.0152371330271994,1.0150084473188703,1.0147865245442191,1.0145710690737249,1.0143618022609573,1.0141584612403047,1.01396079782541,1.0137685774986083,1.0135815784827156,1.0133995908874416,1.0203392818319204,1.0199338418054462,1.0195442498213025,1.0191695944778543,1.0188090329438009,1.0184617846285215,1.0181271255408524,1.0178043832504933,1.0174929323782556,1.0171921905515042,1.03866501250747,1.0372256810828042,1.0358896639002833,1.034646222615209,1.0334860572221836,1.032401073036426,1.031384191553705,1.0304291958425569,1.0295306033304652,1.0286835604837155,1.03165126695029,1.0306801997576718,1.029766943970482,1.0289064862149384,1.028094376507701,1.0273266512780024,1.0265997686753359,1.0259105539344302,1.0252561530194437,1.024633993119732,1.0163146404999805,1.0160527457244486,1.0157991263662232,1.0155533962927699,1.0153151930263309,1.0150841759598626,1.0148600247320365,1.0146424377450085,1.0144311308105252,1.0142258359115959,1.0008466132653193,1.0008458971175982,1.000845182180428,1.0008444684507416,1.0008437559254824,1.0008430446016043,1.0008423344760715,1.0008416255458583,1.0008409178079491,1.0008402112593389
Power sector,Natural gas,Secondary Energy|Electricity|Gas,World,Secondary Energy|Electricity|Gas,EJ/yr,1.024488686147597,1.0239033251208292,1.0233452949457003,1.0228127251485915,1.0223039121313993,1.021817300967672,1.0213514695308163,1.020905114613116,1.0204770397502008,1.0200661445114074,1.0050530575147556,1.0050276524975215,1.005002501657569,1.0049776011993186,1.0049529474023884,1.00492853661974,1.0049043652758811,1.0048804298651193,1.0048567269498665,1.0048332531589936,1.009445152669034,1.009356776486628,1.0092700388055023,1.0091848944772737,1.0091012999971933,1.0090192134300282,1.0089385943399118,1.00885940372393,1.0087816039492006,1.0087051586932414,1.0100780141041585,1.0099774611103647,1.00987889482147,1.0097822569341015,1.0096874914041394,1.009594544338335,1.009503363892109,1.0094139001731197,1.0093261051502314,1.0092399325675256,1.0053313119996445,1.0053030398397123,1.005275065954797,1.0052473856494062,1.0052199943260895,1.0051928874828926,1.0051660607108914,1.0051395096917992,1.0051132301956522,1.005087218078561,1.008075363949362,1.0080106748345927,1.007947013890411,1.0078843567974247,1.0078226799972145,1.0077619606627986,1.0077021766704644,1.0076433065728936,1.0075853295735067,1.0075282255019706
Power sector,Nuclear,Secondary Energy|Electricity|Nuclear,World,Secondary Energy|Electricity|Nuclear,EJ/yr,0.8999999999999999,0.888888888888889,0.875,0.8571428571428571,0.8333333333333333,0.8000000000000002,0.7499999999999999,0.6666666666666665,0.49999999999999967,0.0,1.0,1.0,1.0,1.0,1.0,1.0,1.0,1.0,1.0,1.0,1.0,1.0,1.0,1.0,1.0,1.0,1.0,1.0,1.0,1.0,1.0,1.0,1.0,1.0,1.0,1.0,1.0,1.0,1.0,1.0,1.0,1.0,1.0,1.0,1.0,1.0,1.0,1.0,1.0,1.0,1.0,1.0,1.0,1.0,1.0,1.0,1.0,1.0,1.0,1.0
Power sector,Hydro,Secondary Energy|Electricity|Hydro,World,Secondary Energy|Electricity|Hydro,EJ/yr,1.0084802217960782,1.0084089123542503,1.0083387921816545,1.0082698317731211,1.0082020025914868,1.008135277028219,1.0080696283659472,1.0080050307427948,1.0079414591184095,1.0078788892415989,1.007817391647535,1.0077567540631103,1.0076970499397164,1.007638257887305,1.0075803571644057,1.0075233276537257,1.0074671498388486,1.0074118047819653,1.0073572741025894,1.0073035399572052,1.0072504041605128,1.0071982141983407,1.0071467702155035,1.007096056331466,1.0070460571132756,1.0069967575599008,1.0069481430872278,1.0069001995136766,1.0068529130464063,1.0068062702680889,1.0067604273026827,1.0067150308249555,1.0066702399580276,1.0066260426634897,1.0065824272199013,1.0065393822124251,1.0064968965228676,1.0064549593201053,1.00641356005088,1.0063726884309425,1.0063323293247468,1.0062924832485467,1.0062531354981734,1.0062142767834237,1.0061758980435944,1.0061379904404417,1.0061005453513934,1.006063554363011,1.0060270092646884,1.005990902042574,1.005955181607362,1.005919927364802,1.005885088070887,1.0058506564424508,1.005816625365781,1.00578298789172,1.005749737230933,1.0057168667493401,1.0056843699637037,1.0056522405373653
Power sector,Bioenergy,Secondary Energy|Electricity|Biomass,World,Secondary Energy|Electricity|Biomass,EJ/yr,1.0734704322993036,1.0684419710955009,1.0640577335475931,1.0602013702151507,1.0567829583194503,1.053731901969492,1.0509920045782646,1.0485179757373382,1.0462729079138764,1.0442264227276403,1.045233862298657,1.043276307752965,1.041481156460051,1.0398290033408224,1.038303416439489,1.0368903885251939,1.035577905758838,1.0343556052721763,1.0332145009869562,1.0321467623182106,1.0201736913613395,1.019774761427556,1.0193913030362447,1.0190224332682534,1.01866733513142,1.0183252515199297,1.0179954798258983,1.0176773671224708,1.0173703058489494,1.0170737299379449,1.0158300776307945,1.0155833913361918,1.015344275486515,1.0151123868592873,1.0148874026707961,1.0146690190770113,1.014456949804533,1.0142509248986058,1.014050689576675,1.0138560031772579,1.0114105686421815,1.0112818364727,1.0111559765693512,1.0110328938639133,1.010912497437891,1.0107947002985402,1.0106794191692456,1.0105665742931857,1.0104560892493168,1.0103478907797812,1.0107217436355909,1.0106080073008268,1.0104966586690314,1.0103876233325273,1.0102808299435284,1.0101762100584477,1.0100736979916196,1.0099732306777711,1.0098747475426435,1.0097781903812053
Power sector,Other renewables,Secondary Energy|Electricity|Non-Biomass Renewables,World,Secondary Energy|Electricity|Non-Biomass Renewables,EJ/yr,1.030303655588288,1.029412353750201,1.0285719844366064,1.0277783031901813,1.0270275244222986,1.0263162610344854,1.0256414733290493,1.025000425583242,1.0243906489785273,1.0238099098257567,1.0184662733648397,1.01813145299729,1.0178085579655878,1.017496962298277,1.017196083080932,1.0169053768166778,1.0166243361497393,1.0163524869104559,1.01608938544556,1.0158346162021017,1.0146228033607334,1.0144120586609113,1.0142073021883595,1.0140082822887433,1.0138147612139075,1.01362651417441,1.0134433284684832,1.0132650026803163,1.0130913459413156,1.0129221772486388,1.0131426436334472,1.01297215522023,1.0128060333676296,1.0126441124417958,1.0124862350814512,1.012332251687794,1.012182019951684,1.0120354044149742,1.0118922760631397,1.011752511946635,1.0096177011711327,1.0095260821595904,1.0094361922172548,1.009347982854199,1.009261407376835,1.0091764208054936,1.0090929797965051,1.0090110425684844,1.0089305688325736,1.0088515197263839,1.0101892212620969,1.0100864482095413,1.0099857276844177,1.0098869988067178,1.0097902030805428,1.0096952842785323,1.0096021883329487,1.0095108632329763,1.0094212589278315,1.0093333272352896
Other energy sector,Other energy sector,Secondary Energy|Liquids|Fossil,World,Secondary Energy|Liquids|Fossil,EJ/yr,1.0736406725974266,1.0685896822623813,1.0641871088603116,1.0603156233766564,1.0568845936501217,1.053822899862379,1.0510739516757588,1.0485921581391393,1.0463403791092358,1.0442880539014332,1.036769250701321,1.0354652210956763,1.0342505188712652,1.0331162694592069,1.0320547361784767,1.0310591435267957,1.0301235324101352,1.0292426407730504,1.0284118045780601,1.027626875198809,1.0286048345881131,1.027809352655403,1.0270569173004271,1.026344126449725,1.0256679273265326,1.0250255727440338,1.0244145838011038,1.023832717912423,1.023277941303749,1.0227484052613218,1.014721325664933,1.0145077523183879,1.0143002872922697,1.0140986722289562,1.0139026631382602,1.0137120294123978,1.013526552920898,1.0133460271779913,1.0131702565757896,1.012999055677277,1.0077802186106795,1.0077201541238876,1.007661009946357,1.0076027650874027,1.0075453991898713,1.0074888925064203,1.0074332258768528,1.0073783807064562,1.0073243389452946,1.0072710830684024,1.0084127235157432,1.0083425400330261,1.0082735178789075,1.0082056284650938,1.008138844133995,1.0080731381211547,1.0080084845194879,1.0079448582452213,1.0078822350054475,1.007820591267198
Other,Petrochem. feedstock,Secondary Energy|Liquids|Fossil,World,Secondary Energy|Liquids|Fossil,EJ/yr,1.0736406725974266,1.0685896822623813,1.0641871088603116,1.0603156233766564,1.0568845936501217,1.053822899862379,1.0510739516757588,1.0485921581391393,1.0463403791092358,1.0442880539014332,1.036769250701321,1.0354652210956763,1.0342505188712652,1.0331162694592069,1.0320547361784767,1.0310591435267957,1.0301235324101352,1.0292426407730504,1.0284118045780601,1.027626875198809,1.0286048345881131,1.027809352655403,1.0270569173004271,1.026344126449725,1.0256679273265326,1.0250255727440338,1.0244145838011038,1.023832717912423,1.023277941303749,1.0227484052613218,1.014721325664933,1.0145077523183879,1.0143002872922697,1.0140986722289562,1.0139026631382602,1.0137120294123978,1.013526552920898,1.0133460271779913,1.0131702565757896,1.012999055677277,1.0077802186106795,1.0077201541238876,1.007661009946357,1.0076027650874027,1.0075453991898713,1.0074888925064203,1.0074332258768528,1.0073783807064562,1.0073243389452946,1.0072710830684024,1.0084127235157432,1.0083425400330261,1.0082735178789075,1.0082056284650938,1.008138844133995,1.0080731381211547,1.0080084845194879,1.0079448582452213,1.0078822350054475,1.007820591267198
TFC,Total final consumption,Final Energy,World,Final Energy,EJ/yr,1.0116069440822246,1.0114737686906201,1.01134361467967,1.0112163803825103,1.0110919686430193,1.0109702865683976,1.0108512452978562,1.0107347597862024,1.0106207486012189,1.0105091337338155,1.0105340590669205,1.010424249407929,1.0103167054967626,1.0102113579243353,1.010108140087948,1.0100069880508713,1.0099078404102757,1.0098106381729353,1.0097153246381776,1.0096218452875902,1.0088995171895871,1.0088210144201255,1.0087438844889605,1.0086680916964272,1.0085936015700159,1.008520380812092,1.0084483972502678,1.0083776197902676,1.008308018371144,1.0082395639227038,1.007439031919768,1.007384101354096,1.0073299760678875,1.0072766384819603,1.0072240715251042,1.0071722586158667,1.0071211836451128,1.007070830959328,1.007021185344622,1.0069722320114043,1.0054608383589037,1.0054311795651998,1.0054018411956833,1.0053728180856116,1.0053441051806455,1.0053156975339157,1.0052875903031808,1.0052597787480757,1.0052322582274464,1.005205024196769,1.0037627559232092,1.0037486506657125,1.0037346507646376,1.0037207550439675,1.0037069623451242,1.0036932715266447,1.0036796814638669,1.0036661910486224,1.0036527991889335,1.00363950480872
Other,Other,Final Energy,World,Final Energy,EJ/yr,1.0116069440822246,1.0114737686906201,1.01134361467967,1.0112163803825103,1.0110919686430193,1.0109702865683976,1.0108512452978562,1.0107347597862024,1.0106207486012189,1.0105091337338155,1.0105340590669205,1.010424249407929,1.0103167054967626,1.0102113579243353,1.010108140087948,1.0100069880508713,1.0099078404102757,1.0098106381729353,1.0097153246381776,1.0096218452875902,1.0088995171895871,1.0088210144201255,1.0087438844889605,1.0086680916964272,1.0085936015700159,1.008520380812092,1.0084483972502678,1.0083776197902676,1.008308018371144,1.0082395639227038,1.007439031919768,1.007384101354096,1.0073299760678875,1.0072766384819603,1.0072240715251042,1.0071722586158667,1.0071211836451128,1.007070830959328,1.007021185344622,1.0069722320114043,1.0054608383589037,1.0054311795651998,1.0054018411956833,1.0053728180856116,1.0053441051806455,1.0053156975339157,1.0052875903031808,1.0052597787480757,1.0052322582274464,1.005205024196769,1.0037627559232092,1.0037486506657125,1.0037346507646376,1.0037207550439675,1.0037069623451242,1.0036932715266447,1.0036796814638669,1.0036661910486224,1.0036527991889335,1.00363950480872
TFC,Natural gas,Final Energy|Gases,World,Final Energy|Gases,EJ/yr,1.006758863712887,1.006713488161366,1.006668717803342,1.0066245406114274,1.0065809448748426,1.0065379191890633,1.0064954524458756,1.0064535338238152,1.0064121527789724,1.0063712990361524,1.005251118988332,1.0052236887770059,1.0051965436502608,1.0051696791867093,1.0051430910559223,1.0051167750161016,1.0050907269118254,1.005064942671859,1.0050394183070344,1.0050141499081928,1.0049850338988102,1.0049603066022492,1.004935823404827,1.0049115807098048,1.0048875749907624,1.0048638027898864,1.0048402607163107,1.004816945444503,1.0047938537127001,1.0047709823213855,1.0026091915687465,1.0026024014049422,1.0025956464908676,1.002588926552746,1.002582241319628,1.002575590523356,1.0025689738985284,1.0025623911824628,1.002555842115163,1.0025493264392844,1.0033189433886087,1.0033079644418945,1.003297057891626,1.0032862230240709,1.0032754591348474,1.0032647655287732,1.0032541415197138,1.0032435864304379,1.0032330995924714,1.0032226803459583,1.0087815767935857,1.008705132008356,1.0086300066611378,1.0085561668839356,1.0084835799580414,1.0084122142656942,1.0083420392441598,1.0082730253420877,1.0082051439780224,1.008138367500931
TFC,Electricity,Final Energy|Electricity,World,Final Energy|Electricity,EJ/yr,1.0245155620739692,1.0239289308835302,1.0233697185046644,1.022836046525602,1.0223262042857915,1.0218386305586178,1.0213718975829669,1.0209246970995993,1.0204958281047032,1.020084186079201,1.014806772654135,1.0145907310171072,1.0143809031277866,1.0141770247088089,1.0139788462599806,1.013786132039678,1.0135986591293582,1.0134162165733713,1.0132386045871016,1.0130656338271835,1.0135202601481046,1.01333990121335,1.013164290873553,1.0129932440297542,1.0128265850797447,1.0126641473167244,1.0125057723730824,1.012351309705397,1.0122006161171377,1.0120535553158818,1.0126565923961903,1.0124984051762718,1.0123441233214543,1.0121936039703119,1.0120467111454594,1.0119033153438388,1.011763293155922,1.0116265269114768,1.0114929043497636,1.0113623183122096,1.0085534074741287,1.008480867161562,1.0084095469113181,1.0083394161995747,1.0082704455122922,1.0082026063037974,1.0081358709573955,1.00807021274788,1.008005605805851,1.0079420250837305,1.0076309686383422,1.007573177954876,1.0075162560105537,1.0074601833625152,1.007404941143794,1.00735051104215,1.0072968752798324,1.0072440165942196,1.0071919182192945,1.0071405638679167
TFC,Other renewables,Final Energy|Electricity,World,Final Energy|Electricity,EJ/yr,1.0245155620739692,1.0239289308835302,1.0233697185046644,1.022836046525602,1.0223262042857915,1.0218386305586178,1.0213718975829669,1.0209246970995993,1.0204958281047032,1.020084186079201,1.014806772654135,1.0145907310171072,1.0143809031277866,1.0141770247088089,1.0139788462599806,1.013786132039678,1.0135986591293582,1.0134162165733713,1.0132386045871016,1.0130656338271835,1.0135202601481046,1.01333990121335,1.013164290873553,1.0129932440297542,1.0128265850797447,1.0126641473167244,1.0125057723730824,1.012351309705397,1.0122006161171377,1.0120535553158818,1.0126565923961903,1.0124984051762718,1.0123441233214543,1.0121936039703119,1.0120467111454594,1.0119033153438388,1.011763293155922,1.0116265269114768,1.0114929043497636,1.0113623183122096,1.0085534074741287,1.008480867161562,1.0084095469113181,1.0083394161995747,1.0082704455122922,1.0082026063037974,1.0081358709573955,1.00807021274788,1.008005605805851,1.0079420250837305,1.0076309686383422,1.007573177954876,1.0075162560105537,1.0074601833625152,1.007404941143794,1.00735051104215,1.0072968752798324,1.0072440165942196,1.0071919182192945,1.0071405638679167
TFC,Heat,Final Energy|Heat,World,Final Energy|Heat,EJ/yr,1.0013499811665756,1.0013481611743806,1.0013463460828644,1.0013445358722597,1.0013427305229048,1.001340930015244,1.001339134329827,1.0013373434473058,1.0013355573484373,1.0013337760140806,0.999913747277268,0.9999137398370942,0.9999137323956365,0.9999137249528948,0.9999137175088688,0.9999137100635582,0.9999137026169626,0.9999136951690814,0.9999136877199146,0.999913680269462,0.996824565708066,0.996814450204005,0.9968042700471057,0.9967940246155413,0.9967837132794859,0.9967733354009846,0.9967628903338216,0.9967523774233867,0.9967417960065382,0.996731145411464,0.9947135898127331,0.9946854951602078,0.9946571002938609,0.9946284003758072,0.9945993904636514,0.9945700655076504,0.994540420347783,0.9945104497107238,0.9944801482067154,0.9944495103263364,0.9934053877901208,0.9933616101835835,0.9933172474672245,0.9932722878316917,0.9932267191476822,0.9931805289550305,0.9931337044513502,0.9930862324802048,0.9930380995187815,0.9929892916650508,0.988731799408631,0.9886033800085031,0.9884719997706272,0.9883375551031817,0.9881999375247853,0.9880590333725673,0.987914723489067,0.9877668828861554,0.9876153803839821,0.9874600782227565
TFC,Bioenergy,Final Energy|Solids|Biomass,World,Final Energy|Solids|Biomass,EJ/yr,1.0018703820193666,1.0018668902214642,1.001863411436874,1.0018599455929842,1.0018564926177216,1.0018530524395473,1.001849624987452,1.0018462101909507,1.0018428079800779,1.001839418285383,1.0038271393783924,1.0038125482249487,1.0037980679078882,1.0037836971690972,1.0037694347694308,1.0037552794883586,1.0037412301236142,1.0037272854908563,1.0037134444233362,1.0036997057715709,0.9923363483058399,0.9922771631743171,0.9922170567737572,0.9921560074248781,0.9920939927628106,0.992030989709783,0.9919669744464854,0.991901922382046,0.9918358081225345,0.9917686054379105,0.9947802229403779,0.9947528339031576,0.9947251559201354,0.9946971843946331,0.9946689146319498,0.9946403418367379,0.9946114611102896,0.9945822674477376,0.994552755735164,0.9945229207466129,0.996362737979444,0.9963494600089803,0.9963360847397991,0.9963226110984851,0.996309037995775,0.9962953643262636,0.9962815889681053,0.9962677107827055,0.9962537286144081,0.9962396412901737,0.9969162858888537,0.996906747181488,0.996897149279752,0.9968874916309173,0.9968777736753517,0.9968679948464122,0.9968581545703347,0.9968482522661216,0.9968382873454273,0.9968282592124423
Industry,Industry,Final Energy|Industry,World,Final Energy|Industry,EJ/yr,1.0120986709145978,1.0119540428836495,1.0118128317859036,1.0116749179441156,1.0115401872054324,1.0114085306262663,1.0112798441784965,1.0111540284753322,1.0110309885153212,1.0109106334431153,1.0100691326919917,1.0099687559654018,1.0098703607478166,1.0097738889380883,1.0096792846845812,1.0095864942773438,1.0094954660464288,1.009406150265951,1.0093184990635062,1.0092324663346135,1.0081135711477767,1.0080482709289778,1.0079840134258262,1.0079207738609772,1.0078585282359402,1.0077972533007138,1.0077369265248306,1.0076775260697368,1.007619030762432,1.0075614200703087,1.0067125895416,1.0066678311281045,1.00662366564414,1.006580081385134,1.0065370669525657,1.0064946112440327,1.006452703443693,1.0064113330130806,1.0063704896822714,1.0063301634413808,1.0043904145448233,1.0043712230635067,1.0043521986324675,1.004333339080049,1.004314642272075,1.0042961061110431,1.004277728535341,1.0042595075184826,1.0042414410683627,1.004223527226531,1.003320834107684,1.0033098426692568,1.0032989237506642,1.003288076636554,1.0032773006209512,1.0032665950071062,1.0032559591073427,1.0032453922429125,1.0032348937438496,1.0032244629488292
Industry,Coal,Final Energy|Industry|Solids|Coal,World,Final Energy|Industry|Solids|Coal,EJ/yr,1.0087566482520485,1.0086806349848816,1.0086059300474342,1.008532499949737,1.0084603123351628,1.0083893359328857,1.0083195405127172,1.0082508968421726,1.0081833766456487,1.0081169525655895,1.0065678801136475,1.0065250245347648,1.0064827245977124,1.0064409695658745,1.0063997489774816,1.0063590526368709,1.006318870606081,1.0062791931967603,1.0062400109623777,1.0062013146907263,1.0053907696218216,1.0053618650426333,1.0053332687752246,1.0053049759128354,1.0052769816522775,1.005249281291216,1.005221870225536,1.005194743946791,1.0051678980397314,1.005141328179909,1.001133865860749,1.0011325816650645,1.001131300375002,1.0011300219807113,1.001128746472387,1.0011274738402671,1.001126204074634,1.0011249371658142,1.0011236731041773,1.0011224118801356,0.9992958276156062,0.9992953314074431,0.9992948344994624,0.9992943368901824,0.9992938385781173,0.9992933395617776,0.9992928398396688,0.9992923394102927,0.9992918382721465,0.9992913364237241,0.9974283114937418,0.9974216808600441,0.9974150159461816,0.9974083164856244,0.9974015822090723,0.9973948128444187,0.9973880081167137,0.9973811677481281,0.9973742914579141,0.9973673789623675
Industry,Oil,Final Energy|Industry|Liquids,World,Final Energy|Industry|Liquids,EJ/yr,1.0123425382971198,1.0121920573622063,1.0120452015736805,1.0119018414937897,1.0117618537744926,1.0116251208034914,1.0114915303746688,1.0113609753809922,1.0112333535281135,1.0111085670670583,1.013553147399278,1.0133719158527155,1.0131954671760006,1.0130236144983744,1.0128561805588545,1.0126929970963507,1.0125339042856472,1.012378750215273,1.0122273904036811,1.0120796873504923,1.0130940739729015,1.0129248352243858,1.012759915420104,1.01259915131496,1.0124423877884934,1.0122894773456408,1.012140279653865,1.0119946611135926,1.0118524944592038,1.0117136583880622,1.0104887948863281,1.0103799220133935,1.0102732861048045,1.0101688189187048,1.0100664549610525,1.009966131348695,1.0098677876805495,1.009771365916338,1.0096768102623617,1.009584067063843,1.0064079612115906,1.0063671606928426,1.0063268764537776,1.0062870987566914,1.0062478181072374,1.0062090252468716,1.0061707111455775,1.0061328669948582,1.0060954842009844,1.0060585543784892,0.9993839747326413,0.9993835950115936,0.9993832148221331,0.9993828341633928,0.9993824530345032,0.9993820714345928,0.9993816893627877,0.9993813068182122,0.9993809237999883,0.9993805403072357
Industry,Natural gas,Final Energy|Industry|Gases,World,Final Energy|Industry|Gases,EJ/yr,1.0058138122432276,1.0057802072038176,1.0057469884199526,1.0057141492702661,1.0056816832838757,1.0056495841361286,1.0056178456444964,1.005586461764604,1.0055554265863929,1.005524734330411,1.006782462077324,1.0067367701889933,1.0066916898125504,1.0066472087534528,1.0066033151392575,1.0065599974090529,1.0065172443033088,1.0064750448541198,1.0064333883758223,1.006392264455976,1.007434649149389,1.007379783051602,1.0073257208212445,1.007272444920072,1.0072199383163403,1.007168184466651,1.0071171672985746,1.0070668711940094,1.0070172809732394,1.0069683818796609,1.0051306458177447,1.0051044566585379,1.0050785335043757,1.0050528723229901,1.0050274691632006,1.0050023201528877,1.0049774214970235,1.004952769475765,1.0049283604425996,1.0049041908225467,1.0050466414086547,1.0050213007045936,1.0049962132156536,1.0049713751653524,1.0049467828519338,1.0049224326465283,1.0048983209913673,1.004874444398051,1.004850799445866,1.004827382780151,1.0100994318994452,1.0099984532022295,1.0098994737769438,1.0098024348303904,1.0097072798522582,1.0096139545053875,1.0095224065223003,1.0094325856075883,1.0093444433457743,1.0092579331142888
Industry,Electricity,Final Energy|Industry|Electricity,World,Final Energy|Industry|Electricity,EJ/yr,1.0194893791409498,1.0191168044902754,1.0187582075048178,1.0184128160800403,1.018079913949741,1.0177588357279324,1.017448962469808,1.0171497176894766,1.0168605637805548,1.0165809987928622,1.0106936248204237,1.0105804811248549,1.0104697065918766,1.0103612275791911,1.0102549734652984,1.0101508764961804,1.0100488716412246,1.0099488964577488,1.0098508909635362,1.0097547975168262,1.0118964767560537,1.0117566144653372,1.0116200025749766,1.0114865290775183,1.0113560870533729,1.0112285743851699,1.0111038934911394,1.0109819510760658,1.010862657898469,1.0107459285527984,1.0131893790867705,1.0130176839187346,1.0128504014543724,1.0126873637369551,1.0125284112266761,1.0123733922799243,1.0122221626667396,1.01207458512323,1.011930528936027,1.0117898695561354,1.0085218422968605,1.0084498341428605,1.0083790327062154,1.0083094079056047,1.0082409306513014,1.008173572804645,1.0081073071394908,1.0080421073055161,1.0079779477932846,1.0079148039009689,1.009591493969226,1.0095003712160022,1.0094109635686004,1.0093232230560778,1.009237103479942,1.0091525603330394,1.009069550722855,1.0089880332989514,1.008907968184285,1.0088293169101603
Industry,Other renewables,Final Energy|Industry|Electricity,World,Final Energy|Industry|Electricity,EJ/yr,1.0194893791409498,1.0191168044902754,1.0187582075048178,1.0184128160800403,1.018079913949741,1.0177588357279324,1.017448962469808,1.0171497176894766,1.0168605637805548,1.0165809987928622,1.0106936248204237,1.0105804811248549,1.0104697065918766,1.0103612275791911,1.0102549734652984,1.0101508764961804,1.0100488716412246,1.0099488964577488,1.0098508909635362,1.0097547975168262,1.0118964767560537,1.0117566144653372,1.0116200025749766,1.0114865290775183,1.0113560870533729,1.0112285743851699,1.0111038934911394,1.0109819510760658,1.010862657898469,1.0107459285527984,1.0131893790867705,1.0130176839187346,1.0128504014543724,1.0126873637369551,1.0125284112266761,1.0123733922799243,1.0122221626667396,1.01207458512323,1.011930528936027,1.0117898695561354,1.0085218422968605,1.0084498341428605,1.0083790327062154,1.0083094079056047,1.0082409306513014,1.008173572804645,1.0081073071394908,1.0080421073055161,1.0079779477932846,1.0079148039009689,1.009591493969226,1.0095003712160022,1.0094109635686004,1.0093232230560778,1.009237103479942,1.0091525603330394,1.009069550722855,1.0089880332989514,1.008907968184285,1.0088293169101603
Industry,Heat,Final Energy|Industry|Heat,World,Final Energy|Industry|Heat,EJ/yr,1.0044268223086006,1.004407311921864,1.0043879727572183,1.004368802570557,1.004349799156819,1.0043309603491442,1.004312284018048,1.0042937680706197,1.004275410449742,1.0042572091333264,1.0053034867138437,1.0052755081265854,1.0052478231926856,1.0052204273131558,1.0051933159845445,1.005166484796467,1.0051399294292158,1.0051136456514416,1.005087629317904,1.005061876367294,1.0028924366150982,1.0028840945544075,1.0028758004739213,1.0028675539608816,1.0028593546072517,1.0028512020096494,1.0028430957692784,1.0028350354918658,1.0028270207875964,1.0028190512710522,1.0004541027122442,1.0004538965965686,1.0004536906679187,1.0004534849260396,1.0004532793706777,1.0004530740015793,1.0004528688184917,1.000452663821162,1.0004524590093375,1.0004522543827679,0.9994850608279785,0.9994847955290147,0.9994845299565437,0.9994842641101421,0.9994839979893858,0.9994837315938504,0.9994834649231096,0.9994831979767368,0.9994829307543044,0.999482663255384,0.9985084749107218,0.9985062469405565,0.9985040123043594,0.9985017709721683,0.9984995229138423,0.9984972680990583,0.998495006497311,0.9984927380779116,0.9984904628099849,0.9984881806624704
Industry,Bioenergy,Final Energy|Industry|Solids|Biomass,World,Final Energy|Industry|Solids|Biomass,EJ/yr,1.0167271094079218,1.0164519164022907,1.0161856317419538,1.0159278297550893,1.0156781114647968,1.0154361025287686,1.0152014513668834,1.0149738274570193,1.0147529197817207,1.0145384354103597,1.0153696500086709,1.0151369996222948,1.014911287469501,1.0146922077363822,1.0144794723211268,1.0142728095700133,1.0140719631201236,1.013876690838416,1.01368676384792,1.0135019656328208,0.9986496072990673,0.998647781272768,0.9986459503014078,0.9986441143648723,0.9986422734429372,0.9986404275152685,0.9986385765614213,0.9986367205608393,0.9986348594928546,0.9986329933366849,1.0008688327039588,1.0008680784889783,1.000867325582297,1.000866573980515,1.000865823680242,1.0008650746781005,1.0008643269707245,1.0008635805547594,1.0008628354268632,1.0008620915837032,1.0009070985380095,1.000906276455961,1.0009054558626311,1.0009046367539787,1.0009038191259785,1.0009030029746189,1.0009021882959042,1.0009013750858515,1.000900563340493,1.0008997530558756,1.0007535270804222,1.0007529597048939,1.0007523931831448,1.000751827513249,1.0007512626932864,1.0007506987213433,1.0007501355955108,1.0007495733138867,1.0007490118745737,1.0007484512756808
Transport,Transport,Final Energy|Transportation,World,Final Energy|Transportation,EJ/yr,1.010115772483371,1.0100144683994996,1.0099151732107055,1.0098178277480307,1.0097223751435693,1.009628760719685,1.0095369318845686,1.0094468380337165,1.00935843045694,1.009271662250548,1.011566720705931,1.0114344614835284,1.0113051926931151,1.0111788140462417,1.0110552296893065,1.010934347961094,1.010816081166049,1.0107003453621075,1.0105870601620046,1.0104761485470708,1.0110345567792074,1.0109141242554158,1.0107962921810538,1.0106809772300989,1.0105680995989172,1.0104575828220894,1.010349353599666,1.0102433416350425,1.0101394794826999,1.0100377024051097,1.010141360998326,1.0100395463346867,1.009939755696813,1.0098419293237497,1.0097460097842643,1.0096519418644165,1.0095596724615747,1.0094691504844537,1.0093803267587818,1.0092931539382215,1.0088231962372654,1.0087460283131615,1.0086701985114992,1.0085956723260923,1.0085224164270588,1.0084503986111202,1.0083795877543986,1.0083099537675682,1.008241467553224,1.0081741009653413,1.007031073191342,1.006981982362332,1.0069335722829444,1.0068858288906033,1.0068387385074138,1.0067922878270972,1.0067464639024566,1.0067012541333447,1.0066566462551134,1.0066126283275207
Transport,Oil,Final Energy|Transportation|Liquids,World,Final Energy|Transportation|Liquids,EJ/yr,1.004812715621188,1.0047896643288523,1.0047668327998291,1.004744217906304,1.0047218165795369,1.0046996258084768,1.0046776426384108,1.004655864169652,1.004634287556267,1.0046129100048333,1.0118898997516235,1.0117501911567077,1.0116137276369321,1.0114803974280389,1.0113500938399111,1.0112227149718425,1.0110981634467682,1.0109763461630028,1.010857174062145,1.0107405619119416,1.0114748200024302,1.0113446422743404,1.011217385053653,1.0110929511492306,1.0109712476351675,1.010852185619355,1.0107356800269525,1.0106216493976605,1.0105100156957765,1.0104007041321006,1.0105687582992788,1.0104582278172396,1.0103499853129319,1.0102439604724953,1.010140085834024,1.0100382966444221,1.0099385307247968,1.0098407283437976,1.0097448320983617,1.0096507868013653,1.009172763059401,1.0090893882545866,1.0090075154494573,1.0089271044184889,1.0088481163598375,1.0087705138329086,1.0086942606991796,1.0086193220660868,1.008545664233787,1.0084732546446267,1.0068182442270583,1.0067720705958134,1.0067265181401046,1.0066815744086404,1.0066372272806972,1.0065934649552222,1.0065502759403624,1.006507649043405,1.0064655733611065,1.0064240382703948
Transport,Biofuels,Final Energy|Transportation|Liquids,World,Final Energy|Transportation|Liquids,EJ/yr,1.004812715621188,1.0047896643288523,1.0047668327998291,1.004744217906304,1.0047218165795369,1.0046996258084768,1.0046776426384108,1.004655864169652,1.004634287556267,1.0046129100048333,1.0118898997516235,1.0117501911567077,1.0116137276369321,1.0114803974280389,1.0113500938399111,1.0112227149718425,1.0110981634467682,1.0109763461630028,1.010857174062145,1.0107405619119416,1.0114748200024302,1.0113446422743404,1.011217385053653,1.0110929511492306,1.0109712476351675,1.010852185619355,1.0107356800269525,1.0106216493976605,1.0105100156957765,1.0104007041321006,1.0105687582992788,1.0104582278172396,1.0103499853129319,1.0102439604724953,1.010140085834024,1.0100382966444221,1.0099385307247968,1.0098407283437976,1.0097448320983617,1.0096507868013653,1.009172763059401,1.0090893882545866,1.0090075154494573,1.0089271044184889,1.0088481163598375,1.0087705138329086,1.0086942606991796,1.0086193220660868,1.008545664233787,1.0084732546446267,1.0068182442270583,1.0067720705958134,1.0067265181401046,1.0066815744086404,1.0066372272806972,1.0065934649552222,1.0065502759403624,1.006507649043405,1.0064655733611065,1.0064240382703948
Transport,Other fuels,Final Energy|Transportation|Liquids,World,Final Energy|Transportation|Liquids,EJ/yr,1.004812715621188,1.0047896643288523,1.0047668327998291,1.004744217906304,1.0047218165795369,1.0046996258084768,1.0046776426384108,1.004655864169652,1.004634287556267,1.0046129100048333,1.0118898997516235,1.0117501911567077,1.0116137276369321,1.0114803974280389,1.0113500938399111,1.0112227149718425,1.0110981634467682,1.0109763461630028,1.010857174062145,1.0107405619119416,1.0114748200024302,1.0113446422743404,1.011217385053653,1.0110929511492306,1.0109712476351675,1.010852185619355,1.0107356800269525,1.0106216493976605,1.0105100156957765,1.0104007041321006,1.0105687582992788,1.0104582278172396,1.0103499853129319,1.0102439604724953,1.010140085834024,1.0100382966444221,1.0099385307247968,1.0098407283437976,1.0097448320983617,1.0096507868013653,1.009172763059401,1.0090893882545866,1.0090075154494573,1.0089271044184889,1.0088481163598375,1.0087705138329086,1.0086942606991796,1.0086193220660868,1.008545664233787,1.0084732546446267,1.0068182442270583,1.0067720705958134,1.0067265181401046,1.0066815744086404,1.0066372272806972,1.0065934649552222,1.0065502759403624,1.006507649043405,1.0064655733611065,1.0064240382703948
Transport,International bunkers,Final Energy|Transportation|Freight,World,Final Energy|Transportation|Freight,EJ/yr,1.0084976830866037,1.0084260809212724,1.0083556753248337,1.0082864365514104,1.008218335832972,1.0081513453394817,1.0080854381409736,1.008020588171459,1.0079567701945535,1.0078939597707328,1.0082184257551319,1.0081514338016353,1.0080855251783922,1.0080206738182866,1.0079568544838522,1.0078940427345242,1.0078322148954337,1.007771348027654,1.007711419899825,1.007652408961081,1.0084006573230322,1.008330674183943,1.0082618474248888,1.00819414861922,1.008127550264443,1.0080620257449677,1.0079975492966413,1.0079340959729732,1.0078716416129514,1.007810162810369,1.008288154247607,1.0082200254090974,1.0081530074804472,1.0080870735096286,1.0080221974094692,1.0079583539232426,1.0078955185918808,1.0078336677227335,1.0077727783597805,1.0077128282552255,1.0076682748831864,1.0076099199253599,1.0075524464129169,1.0074958345243517,1.0074400650280513,1.0073851192605128,1.0073309791055223,1.0072776269742363,1.0072250457861331,1.0071732189507798,1.0055792720798546,1.0055483165124464,1.0055177025522652,1.0054874245756784,1.0054574770818183,1.0054278546892483,1.0053985521327395,1.0053695642601512,1.00534088602941,1.0053125125055877
Transport,Electricity,Final Energy|Transportation|Electricity,World,Final Energy|Transportation|Electricity,EJ/yr,1.0553879870558591,1.0524811611797584,1.0498642285634172,1.047495882997794,1.045342309949579,1.043375561782978,1.0415723382564717,1.0399130590642043,1.0383811499589408,1.036962487195052,1.010755506754372,1.0106410567961277,1.010529016928979,1.0104193118184541,1.0103118692374382,1.0102066199075947,1.010103497350402,1.0100024377471262,1.0099033798071193,1.0098062646438621,1.0096005256503036,1.009509232024339,1.0094196583078994,1.0093317563516542,1.0092454797869284,1.0091607839441405,1.0090776257756837,1.0089959637829702,1.0089157579473778,1.0088369696648578,1.0091942460712904,1.0091104820574264,1.009028230525216,1.0089474508760936,1.0088681039516223,1.0087901519702,1.0087135584670732,1.0086382882374607,1.0085643072825994,1.0084915827585397,1.0078561716275334,1.0077949332937526,1.0077346422731819,1.0076752767531487,1.0076168155855518,1.0075592382617449,1.0075025248885479,1.0074466561653308,1.0073916133621161,1.007337378298641,1.0094330326960685,1.0093448821175133,1.0092583637992085,1.0091734328208655,1.0090900458955043,1.0090081612958905,1.0089277387849087,1.008848739549634,1.0087711261388739,1.0086948624039687
Buildings,Buildings,Final Energy|Residential and Commercial,World,Final Energy|Residential and Commercial,EJ/yr,1.0111289947362168,1.0110065034176179,1.0108866791463864,1.0107694357547372,1.0106546907472482,1.0105423651072853,1.0104323831155424,1.0103246721798198,1.010219162675246,1.0101157877941889,1.0097877815446874,1.0096929094643183,1.0095998589011195,1.0095085778949773,1.009419016443431,1.0093311264103362,1.0092448614395972,1.0091601768736382,1.009077029676316,1.0089953783599925,1.0078408859191157,1.00777988473048,1.0077198253788928,1.0076606862189998,1.007602446263677,1.0075450851591992,1.0074885831615237,1.0074329211136315,1.0073780804238706,1.0073240430452548,1.0059096228120945,1.0058749043433681,1.005840591427423,1.005806676999518,1.0057731541580537,1.005740016159893,1.0057072564158374,1.00567486848626,1.0056428460768856,1.0056111830347116,1.0039966405915708,1.0039807310403106,1.003964947650127,1.0039492889262787,1.0039337533975472,1.003918339615771,1.003903046155398,1.0038878716130462,1.0038728146070726,1.0038578737771562,1.0012892388527916,1.0012875788561044,1.0012859231286733,1.00128427165405,1.00128262441587,1.0012809813978525,1.0012793425838014,1.0012777079576014,1.0012760775032212,1.0012744512047098
Buildings,Coal,Final Energy|Residential and Commercial|Solids|Coal,World,Final Energy|Residential and Commercial|Solids|Coal,EJ/yr,0.9898144766920381,0.9897096642372802,0.989602672243632,0.9894934320126734,0.9893818719281888,0.9892679172995986,0.9891514901951973,0.9890325092644183,0.9889108895482731,0.9887865422770374,0.9886877423406913,0.9885583110067419,0.9884258835661339,0.988290354768829,0.9881516143766171,0.9880095468640634,0.987864031097681,0.9877149399914543,0.9875621401366551,0.9874054914036864,0.9850646825775751,0.9848382368319768,0.9846048187397808,0.9843641012442697,0.9841157365085075,0.983859354238306,0.9835945598401205,0.9833209323945976,0.9830380224238842,0.9827453494277948,0.9810069836320767,0.9806392648729129,0.9802570263902333,0.9798593908758095,0.9794454088905671,0.979014051295911,0.9785642007116135,0.9780946418509914,0.9776040505573631,0.9770909813335286,0.9814914510522382,0.981142424696701,0.9807799817553212,0.9804033334670227,0.9800116280065293,0.9796039440530623,0.9791792835556071,0.9787365635751725,0.9782746070636664,0.9777921324140842,0.9757351375102894,0.9751317119196656,0.9744975086171916,0.9738301112549828,0.973126843745577,0.9723847343980485,0.9716004739430152,0.9707703661961673,0.9698902698087445,0.9689555291680646
Buildings,Oil,Final Energy|Residential and Commercial|Liquids,World,Final Energy|Residential and Commercial|Liquids,EJ/yr,1.0144487030981872,1.014242911498689,1.0140428997207809,1.01384842764014,1.013659268252133,1.0134752067878645,1.0132960399007427,1.0131215749170843,1.0129516291449605,1.0127860292360584,1.0161055117594342,1.0158502356035317,1.0156029255573433,1.0153632144657134,1.0151307573948278,1.0149052299761447,1.0146863268962514,1.0144737605178678,1.0142672596188977,1.0140665682379006,1.0129137602680638,1.0127491211735993,1.0125886272395135,1.0124321238663643,1.0122794640483035,1.012130507912504,1.011985122291712,1.0118431803271681,1.0117045610994175,1.0115691492847458,1.0061643544711416,1.0061265880109436,1.0060892814919595,1.0060524265629087,1.006016015073475,1.0059800390683002,1.0059444907811876,1.0059093626295137,1.0058746472088362,1.0058403372876903,1.0018233015018718,1.0018199831239085,1.0018166768027859,1.0018133824729127,1.001810100069173,1.0018068295269216,1.0018035707819786,1.0018003237706279,1.0017970884296101,1.0017938646961204,0.9882242264009957,0.9880839051660468,0.9879401994388821,0.9877929852758622,0.9876421326066325,0.9874875048508187,0.9873289585055848,0.9871663427014297,0.9869994987233351,0.9868282594940719
Buildings,Natural gas,Final Energy|Residential and Commercial|Gases,World,Final Energy|Residential and Commercial|Gases,EJ/yr,1.003337429130072,1.0033263277469533,1.0033152999726647,1.0033043450775196,1.0032934623414436,1.0032826510538178,1.0032719105133232,1.0032612400277898,1.0032506389140474,1.00324010649778,1.0030276162361518,1.0030184774448314,1.0030093936579523,1.0030003643804144,1.0029913891230415,1.0029824674024939,1.0029735987411803,1.0029647826671733,1.002956018714126,1.0029473064211885,1.0015931019949957,1.0015905680578494,1.0015880421687016,1.0015855242892704,1.0015830143815185,1.0015805124076471,1.0015780183300966,1.0015755321115452,1.001573053714904,1.0015705831033188,0.9986612344289336,0.9986594397330022,0.9986576402188154,0.998655835866944,0.9986540266578534,0.9986522125719044,0.9986503935893511,0.9986485696903415,0.9986467408549162,0.9986449070630068,1.0004250252863074,1.0004248447165602,1.000424664300176,1.0004244840369594,1.0004243039267158,1.0004241239692502,1.0004239441643683,1.0004237645118765,1.0004235850115808,1.0004234056632881,1.0071252034482188,1.0070747941008955,1.0070250930142797,1.0069760853657101,1.0069277567432762,1.0068800931316888,1.0068330808987291,1.00678670678225,1.0067409578777027,1.0066958216261641
Buildings,Electricity,Final Energy|Residential and Commercial|Electricity,World,Final Energy|Residential and Commercial|Electricity,EJ/yr,1.0256449788336837,1.025003757989286,1.024393820797628,1.023812932392187,1.02325906583007,1.0227303784611008,1.0222251914481146,1.0217419719588694,1.0212793176316188,1.020835942982735,1.0181819695503072,1.0178572888678608,1.0175440005815775,1.0172415154249352,1.0169492840819938,1.016666793858156,1.016393565678394,1.0161291513759751,1.0158731312394043,1.0156251117893416,1.015227995901503,1.0149995823233586,1.0147779197002467,1.0145627130955035,1.014353684506177,1.0141505716649166,1.0139531269421718,1.0137611163390272,1.0135743185620716,1.0133925241726025,1.013036193246561,1.0128684378045596,1.0127049450098895,1.0125455544307285,1.0123901135863282,1.0122384774604694,1.0120905080502112,1.011946073946987,1.0118050499473676,1.0116673166910777,1.0088893072175886,1.0088109836767964,1.008734028296047,1.0086584055370875,1.0085840810819173,1.0085110217808602,1.008439195603268,1.008368571590694,1.0082991198124045,1.0082308113230807,1.0065902448133812,1.0065470978358257,1.006504512158351,1.0064624768987895,1.0064209814544725,1.0063800154933107,1.0063395689452193,1.0062996319938646,1.0062601950687218,1.0062212488374287
Buildings,Other renewables,Final Energy|Residential and Commercial|Electricity,World,Final Energy|Residential and Commercial|Electricity,EJ/yr,1.0256449788336837,1.025003757989286,1.024393820797628,1.023812932392187,1.02325906583007,1.0227303784611008,1.0222251914481146,1.0217419719588694,1.0212793176316188,1.020835942982735,1.0181819695503072,1.0178572888678608,1.0175440005815775,1.0172415154249352,1.0169492840819938,1.016666793858156,1.016393565678394,1.0161291513759751,1.0158731312394043,1.0156251117893416,1.015227995901503,1.0149995823233586,1.0147779197002467,1.0145627130955035,1.014353684506177,1.0141505716649166,1.0139531269421718,1.0137611163390272,1.0135743185620716,1.0133925241726025,1.013036193246561,1.0128684378045596,1.0127049450098895,1.0125455544307285,1.0123901135863282,1.0122384774604694,1.0120905080502112,1.011946073946987,1.0118050499473676,1.0116673166910777,1.0088893072175886,1.0088109836767964,1.008734028296047,1.0086584055370875,1.0085840810819173,1.0085110217808602,1.008439195603268,1.008368571590694,1.0082991198124045,1.0082308113230807,1.0065902448133812,1.0065470978358257,1.006504512158351,1.0064624768987895,1.0064209814544725,1.0063800154933107,1.0063395689452193,1.0062996319938646,1.0062601950687218,1.0062212488374287
Buildings,Heat,Final Energy|Residential and Commercial|Heat,World,Final Energy|Residential and Commercial|Heat,EJ/yr,0.9983757154718053,0.9983730728792545,0.9983704216740807,0.9983677618141102,0.9983650932568938,0.9983624159597039,0.9983597298795328,0.9983570349730903,0.9983543311968007,0.9983516185068015,0.9943832190070857,0.9943514925779593,0.9943194056988879,0.9942869521920681,0.9942541257377092,0.9942209198699303,0.9941873279725136,0.9941533432745109,0.9941189588456932,0.9940841675918389,0.9898777921026345,0.9897742852924657,0.9896686397500085,0.9895607884952269,0.9894506617217044,0.9893381866459728,0.9892232873470974,0.9891058845957786,0.9889858956721569,0.9888632341714465,0.9871899401108652,0.9870237130985187,0.9868531153514585,0.9866779721885365,0.9864980994944945,0.9863133030743556,0.986123377954061,0.9859281076220612,0.9857272632059568,0.9855206025776106,0.9842250345397409,0.9839721964930145,0.9837111215498666,0.9834414005358911,0.9831625967189445,0.9828742434494091,0.9825758415537599,0.9822668564508087,0.9819467149555816,0.9816148017306267,0.9712941861341823,0.9704458090292201,0.9695457585618878,0.9685891654218732,0.9675705286622263,0.9664836098484612,0.9653213051830295,0.9640754900665999,0.9627368289065015,0.9612945407564569
Buildings,Bioenergy,Final Energy|Residential and Commercial|Solids|Biomass,World,Final Energy|Residential and Commercial|Solids|Biomass,EJ/yr,0.9856215547883308,0.9854117991415509,0.9851958329795139,0.9849733763329936,0.9847441321480689,0.9845077849627266,0.9842639994585113,0.9840124188732434,0.9837526632590031,0.983484327567488,0.986616865926066,0.986435328103405,0.986248797554042,0.9860570654381917,0.9858599111040168,0.9856571012405319,0.9854483889565485,0.9852335127780163,0.9850121955551963,0.9847841432700679,0.979798292361279,0.9793817688842511,0.9789477078593798,0.9784949778505999,0.978022347956615,0.9775284766352191,0.977011898986175,0.976471012238767,0.9759040591412047,0.9753091088892492,0.9798317613452932,0.9794166310479503,0.978984052037154,0.9785329005931054,0.9780619543871413,0.9775698814226904,0.9770552274537485,0.976516401630595,0.9759516600743295,0.9753590870229795,0.9822655521128816,0.9819453630955792,0.9816133997033158,0.9812690002986498,0.9809114527253493,0.9805399893929104,0.9801537817757563,0.9797519342441466,0.9793334771301327,0.9788973589155463,0.9823152911736363,0.9819969118008592,0.9816668586399876,0.9813244776487499,0.9809690649967312,0.9805998622358881,0.980216050897787,0.9798167464365708,0.9794009914233123,0.9789677478815372
Buildings,Traditional biomass,Final Energy|Residential and Commercial|Solids|Biomass,World,Final Energy|Residential and Commercial|Solids|Biomass,EJ/yr,0.9856215547883308,0.9854117991415509,0.9851958329795139,0.9849733763329936,0.9847441321480689,0.9845077849627266,0.9842639994585113,0.9840124188732434,0.9837526632590031,0.983484327567488,0.986616865926066,0.986435328103405,0.986248797554042,0.9860570654381917,0.9858599111040168,0.9856571012405319,0.9854483889565485,0.9852335127780163,0.9850121955551963,0.9847841432700679,0.979798292361279,0.9793817688842511,0.9789477078593798,0.9784949778505999,0.978022347956615,0.9775284766352191,0.977011898986175,0.976471012238767,0.9759040591412047,0.9753091088892492,0.9798317613452932,0.9794166310479503,0.978984052037154,0.9785329005931054,0.9780619543871413,0.9775698814226904,0.9770552274537485,0.976516401630595,0.9759516600743295,0.9753590870229795,0.9822655521128816,0.9819453630955792,0.9816133997033158,0.9812690002986498,0.9809114527253493,0.9805399893929104,0.9801537817757563,0.9797519342441466,0.9793334771301327,0.9788973589155463,0.9823152911736363,0.9819969118008592,0.9816668586399876,0.9813244776487499,0.9809690649967312,0.9805998622358881,0.980216050897787,0.9798167464365708,0.9794009914233123,0.9789677478815372
