Country,2012,2013,2014,2015,2016,2017,2018,2019,2020,2021,2022,2023,2024,2025,2026,2027,2028,2029,2030,2031,2032,2033,2034,2035,2036,2037,2038,2039,2040,2041,2042,2043,2044,2045,2046,2047,2048,2049,2050,2051,2052,2053,2054,2055,2056,2057,2058,2059,2060,2061,2062,2063,2064,2065,2066,2067,2068,2069,2070,2071,2072,2073,2074,2075,2076,2077,2078,2079,2080,2081,2082,2083,2084,2085,2086,2087,2088,2089,2090,2091,2092,2093,2094,2095,2096,2097,2098,2099,2100
AFG,11673610.7815517,,,,,,,,,,,,,,,,,,17492394.8553212,,,,,18149168.4818824,,,,,18541688.683492,,,,,,,,,,19029502.934142,,,,,,,,,,,,,,,,,,,,,,,,,,,,,,,,,,,,,,,,,,,,,,,,,,19029502.934142
AGO,7949569.14051601,,,,,,,,,,,,,,,,,,12451973.9598215,,,,,13266128.5462107,,,,,13976746.126275,,,,,,,,,,15032519.958131,,,,,,,,,,,,,,,,,,,,,,,,,,,,,,,,,,,,,,,,,,,,,,,,,,15032519.958131
ALB,1729463.41368568,,,,,,,,,,,,,,,,,,1862228.14106688,,,,,1868509.14657923,,,,,1871619.25220336,,,,,,,,,,1875606.62357373,,,,,,,,,,,,,,,,,,,,,,,,,,,,,,,,,,,,,,,,,,,,,,,,,,1875606.62357373
ARG,86101747.9433506,,,,,,,,,,,,,,,,,,95622043.5035593,,,,,97612546.7785503,,,,,99441242.5922418,,,,,,,,,,102330870.196459,,,,,,,,,,,,,,,,,,,,,,,,,,,,,,,,,,,,,,,,,,,,,,,,,,102330870.196459
ARM,1598839.25421557,,,,,,,,,,,,,,,,,,1723889.8848509,,,,,1730251.02761108,,,,,1729439.90584019,,,,,,,,,,1701083.9826587,,,,,,,,,,,,,,,,,,,,,,,,,,,,,,,,,,,,,,,,,,,,,,,,,,1701083.9826587
AUS,54109956.9946854,,,,,,,,,,,,,,,,,,52384298.0424504,,,,,51848505.2368792,,,,,51286909.0765171,,,,,,,,,,50203687.1881137,,,,,,,,,,,,,,,,,,,,,,,,,,,,,,,,,,,,,,,,,,,,,,,,,,50203687.1881137
AUT,5002690.83021148,,,,,,,,,,,,,,,,,,5098302.96742115,,,,,5033505.63373714,,,,,4972209.24405373,,,,,,,,,,4860640.83163376,,,,,,,,,,,,,,,,,,,,,,,,,,,,,,,,,,,,,,,,,,,,,,,,,,4860640.83163376
AZE,7075663.23306417,,,,,,,,,,,,,,,,,,6626577.6484647,,,,,6415073.58286032,,,,,6196224.02890139,,,,,,,,,,5759048.540656,,,,,,,,,,,,,,,,,,,,,,,,,,,,,,,,,,,,,,,,,,,,,,,,,,5759048.540656
BEL,6811684.87953721,,,,,,,,,,,,,,,,,,6888517.08957224,,,,,6757922.6068051,,,,,6640281.92427788,,,,,,,,,,6429709.67714377,,,,,,,,,,,,,,,,,,,,,,,,,,,,,,,,,,,,,,,,,,,,,,,,,,6429709.67714377
BEN,3134652.30891196,,,,,,,,,,,,,,,,,,5312063.20561821,,,,,5871104.54264754,,,,,6433107.24804157,,,,,,,,,,7486910.13165777,,,,,,,,,,,,,,,,,,,,,,,,,,,,,,,,,,,,,,,,,,,,,,,,,,7486910.13165777
BFA,13335983.8489957,,,,,,,,,,,,,,,,,,18253448.1599133,,,,,19090929.9459848,,,,,19608739.1178809,,,,,,,,,,19734110.4964871,,,,,,,,,,,,,,,,,,,,,,,,,,,,,,,,,,,,,,,,,,,,,,,,,,19734110.4964871
BGD,90097288.1057903,,,,,,,,,,,,,,,,,,93817902.4793259,,,,,93313326.5467903,,,,,92808111.2422814,,,,,,,,,,91646547.8727537,,,,,,,,,,,,,,,,,,,,,,,,,,,,,,,,,,,,,,,,,,,,,,,,,,91646547.8727537
BGR,3382489.80444439,,,,,,,,,,,,,,,,,,3736789.66229314,,,,,3794522.47128019,,,,,3852609.2676197,,,,,,,,,,3964846.49783636,,,,,,,,,,,,,,,,,,,,,,,,,,,,,,,,,,,,,,,,,,,,,,,,,,3964846.49783636
BIH,1358121.16188533,,,,,,,,,,,,,,,,,,1498228.64324467,,,,,1515167.36959937,,,,,1529212.47739132,,,,,,,,,,1546211.21855789,,,,,,,,,,,,,,,,,,,,,,,,,,,,,,,,,,,,,,,,,,,,,,,,,,1546211.21855789
BLR,9219349.00989262,,,,,,,,,,,,,,,,,,10678311.2666091,,,,,10778823.4023726,,,,,10810193.9515372,,,,,,,,,,10838023.8547141,,,,,,,,,,,,,,,,,,,,,,,,,,,,,,,,,,,,,,,,,,,,,,,,,,10838023.8547141
BOL,17106443.9286144,,,,,,,,,,,,,,,,,,28324973.1194734,,,,,30861968.0099896,,,,,33308448.0766994,,,,,,,,,,37860891.4826118,,,,,,,,,,,,,,,,,,,,,,,,,,,,,,,,,,,,,,,,,,,,,,,,,,37860891.4826118
BRA,353784645.275141,,,,,,,,,,,,,,,,,,396137712.858316,,,,,408994908.779432,,,,,417418933.758924,,,,,,,,,,420578625.694913,,,,,,,,,,,,,,,,,,,,,,,,,,,,,,,,,,,,,,,,,,,,,,,,,,420578625.694913
BWA,2622895.92999297,,,,,,,,,,,,,,,,,,4391048.54395155,,,,,4758032.98776792,,,,,5094117.38373101,,,,,,,,,,5629057.85994506,,,,,,,,,,,,,,,,,,,,,,,,,,,,,,,,,,,,,,,,,,,,,,,,,,5629057.85994506
CAF,4977238.42470709,,,,,,,,,,,,,,,,,,9664761.97329673,,,,,10805093.8757207,,,,,11911777.0445945,,,,,,,,,,13870100.3780464,,,,,,,,,,,,,,,,,,,,,,,,,,,,,,,,,,,,,,,,,,,,,,,,,,13870100.3780464
CAN,42817268.810228,,,,,,,,,,,,,,,,,,49842981.3702816,,,,,50164743.7493989,,,,,50178970.4061664,,,,,,,,,,49527648.0873891,,,,,,,,,,,,,,,,,,,,,,,,,,,,,,,,,,,,,,,,,,,,,,,,,,49527648.0873891
CHL,10565272.2919125,,,,,,,,,,,,,,,,,,10324528.9926534,,,,,10090229.2338352,,,,,9858061.32019314,,,,,,,,,,9395015.75479132,,,,,,,,,,,,,,,,,,,,,,,,,,,,,,,,,,,,,,,,,,,,,,,,,,9395015.75479132
CHN,643958733.498362,,,,,,,,,,,,,,,,,,712460765.154624,,,,,701775923.403516,,,,,690455336.284033,,,,,,,,,,669510770.728038,,,,,,,,,,,,,,,,,,,,,,,,,,,,,,,,,,,,,,,,,,,,,,,,,,669510770.728038
CIV,4038254.32796385,,,,,,,,,,,,,,,,,,7549253.67215344,,,,,8364211.00961824,,,,,9031659.30216122,,,,,,,,,,9720336.66732642,,,,,,,,,,,,,,,,,,,,,,,,,,,,,,,,,,,,,,,,,,,,,,,,,,9720336.66732642
CMR,9332970.09649976,,,,,,,,,,,,,,,,,,17579464.799487,,,,,19581430.7352066,,,,,21442303.1716878,,,,,,,,,,24242419.758344,,,,,,,,,,,,,,,,,,,,,,,,,,,,,,,,,,,,,,,,,,,,,,,,,,24242419.758344
COG,542476.604535222,,,,,,,,,,,,,,,,,,868784.761633327,,,,,935629.026848274,,,,,996979.997038888,,,,,,,,,,1096014.74969289,,,,,,,,,,,,,,,,,,,,,,,,,,,,,,,,,,,,,,,,,,,,,,,,,,1096014.74969289
COL,44267037.1620475,,,,,,,,,,,,,,,,,,73857467.8187117,,,,,78788436.1720718,,,,,82433450.5943842,,,,,,,,,,85643538.8586158,,,,,,,,,,,,,,,,,,,,,,,,,,,,,,,,,,,,,,,,,,,,,,,,,,85643538.8586158
CRI,3416184.73731476,,,,,,,,,,,,,,,,,,4052870.81385138,,,,,4121627.06887375,,,,,4158567.45018043,,,,,,,,,,4162352.47005141,,,,,,,,,,,,,,,,,,,,,,,,,,,,,,,,,,,,,,,,,,,,,,,,,,4162352.47005141
CUB,7422268.87796289,,,,,,,,,,,,,,,,,,7202217.12488752,,,,,7047479.12892604,,,,,6897501.57631989,,,,,,,,,,6596650.95227516,,,,,,,,,,,,,,,,,,,,,,,,,,,,,,,,,,,,,,,,,,,,,,,,,,6596650.95227516
CZE,4769790.80289036,,,,,,,,,,,,,,,,,,4806184.20491679,,,,,4766794.04341176,,,,,4731347.22968149,,,,,,,,,,4674135.72843503,,,,,,,,,,,,,,,,,,,,,,,,,,,,,,,,,,,,,,,,,,,,,,,,,,4674135.72843503
DEU,42887310.7996349,,,,,,,,,,,,,,,,,,41489872.783844,,,,,40895447.6884558,,,,,40398066.7400577,,,,,,,,,,39594490.4067834,,,,,,,,,,,,,,,,,,,,,,,,,,,,,,,,,,,,,,,,,,,,,,,,,,39594490.4067834
DNK,9207498.8566317,,,,,,,,,,,,,,,,,,8384812.73433324,,,,,8088300.73519028,,,,,7800965.18165591,,,,,,,,,,7250879.31313863,,,,,,,,,,,,,,,,,,,,,,,,,,,,,,,,,,,,,,,,,,,,,,,,,,7250879.31313863
DOM,8680474.3979838,,,,,,,,,,,,,,,,,,8020916.38171115,,,,,7578851.6951984,,,,,7084491.96282152,,,,,,,,,,5936104.54220218,,,,,,,,,,,,,,,,,,,,,,,,,,,,,,,,,,,,,,,,,,,,,,,,,,5936104.54220218
DZA,9732884.68394244,,,,,,,,,,,,,,,,,,12851190.8240783,,,,,13764694.7012121,,,,,14708127.2804642,,,,,,,,,,16647821.8725907,,,,,,,,,,,,,,,,,,,,,,,,,,,,,,,,,,,,,,,,,,,,,,,,,,16647821.8725907
ECU,12759884.6117337,,,,,,,,,,,,,,,,,,16478778.3991467,,,,,16854996.5534254,,,,,17037607.2124796,,,,,,,,,,16753557.1558127,,,,,,,,,,,,,,,,,,,,,,,,,,,,,,,,,,,,,,,,,,,,,,,,,,16753557.1558127
EGY,26363159.533557,,,,,,,,,,,,,,,,,,27403313.7432369,,,,,27238046.6588887,,,,,27022476.656256,,,,,,,,,,26494864.7459847,,,,,,,,,,,,,,,,,,,,,,,,,,,,,,,,,,,,,,,,,,,,,,,,,,26494864.7459847
ESP,29632736.9306827,,,,,,,,,,,,,,,,,,28565948.4772818,,,,,27882996.6918156,,,,,27157036.8893056,,,,,,,,,,25626730.1863439,,,,,,,,,,,,,,,,,,,,,,,,,,,,,,,,,,,,,,,,,,,,,,,,,,25626730.1863439
EST,740281.019960932,,,,,,,,,,,,,,,,,,680204.028427659,,,,,660103.86068201,,,,,641056.629747877,,,,,,,,,,606785.627268945,,,,,,,,,,,,,,,,,,,,,,,,,,,,,,,,,,,,,,,,,,,,,,,,,,606785.627268945
ETH,59707422.1173028,,,,,,,,,,,,,,,,,,80410528.787393,,,,,92723011.3044705,,,,,103439019.603744,,,,,,,,,,116271837.262889,,,,,,,,,,,,,,,,,,,,,,,,,,,,,,,,,,,,,,,,,,,,,,,,,,116271837.262889
FIN,3025396.44472626,,,,,,,,,,,,,,,,,,2894125.17470568,,,,,2834997.8413848,,,,,2782520.83680469,,,,,,,,,,2692148.00719147,,,,,,,,,,,,,,,,,,,,,,,,,,,,,,,,,,,,,,,,,,,,,,,,,,2692148.00719147
FRA,48437035.4261214,,,,,,,,,,,,,,,,,,49981019.5426483,,,,,49536883.8780221,,,,,49005148.6254481,,,,,,,,,,47849677.940254,,,,,,,,,,,,,,,,,,,,,,,,,,,,,,,,,,,,,,,,,,,,,,,,,,47849677.940254
GAB,189178.61793851,,,,,,,,,,,,,,,,,,306995.447191714,,,,,335192.779760399,,,,,362912.64573882,,,,,,,,,,414195.671329091,,,,,,,,,,,,,,,,,,,,,,,,,,,,,,,,,,,,,,,,,,,,,,,,,,414195.671329091
GBR,23091100.3684398,,,,,,,,,,,,,,,,,,22521839.1439058,,,,,22303262.4588872,,,,,22135236.5160747,,,,,,,,,,21930730.9168185,,,,,,,,,,,,,,,,,,,,,,,,,,,,,,,,,,,,,,,,,,,,,,,,,,21930730.9168185
GEO,2248928.88814335,,,,,,,,,,,,,,,,,,2301029.00325031,,,,,2282093.14027732,,,,,2261413.82377508,,,,,,,,,,2210674.96147348,,,,,,,,,,,,,,,,,,,,,,,,,,,,,,,,,,,,,,,,,,,,,,,,,,2210674.96147348
GHA,4929998.97161187,,,,,,,,,,,,,,,,,,8565492.37159475,,,,,9554825.65059261,,,,,10549746.0371154,,,,,,,,,,12358389.813086,,,,,,,,,,,,,,,,,,,,,,,,,,,,,,,,,,,,,,,,,,,,,,,,,,12358389.813086
GIN,8808843.60753561,,,,,,,,,,,,,,,,,,16068773.8005775,,,,,18019045.4882808,,,,,19973784.7271906,,,,,,,,,,23506297.5434407,,,,,,,,,,,,,,,,,,,,,,,,,,,,,,,,,,,,,,,,,,,,,,,,,,23506297.5434407
GMB,800781.818158048,,,,,,,,,,,,,,,,,,749219.120900596,,,,,720397.243774238,,,,,692638.485641793,,,,,,,,,,636219.04192533,,,,,,,,,,,,,,,,,,,,,,,,,,,,,,,,,,,,,,,,,,,,,,,,,,636219.04192533
GRC,5860656.94349156,,,,,,,,,,,,,,,,,,6198401.97408507,,,,,6208009.70401726,,,,,6213681.19033852,,,,,,,,,,6227868.46523549,,,,,,,,,,,,,,,,,,,,,,,,,,,,,,,,,,,,,,,,,,,,,,,,,,6227868.46523549
GTM,7595148.61729685,,,,,,,,,,,,,,,,,,9224493.2978915,,,,,9617550.52937939,,,,,10012801.9431986,,,,,,,,,,10780009.381059,,,,,,,,,,,,,,,,,,,,,,,,,,,,,,,,,,,,,,,,,,,,,,,,,,10780009.381059
GUY,1634884.89994151,,,,,,,,,,,,,,,,,,1425935.61407894,,,,,1319998.23795184,,,,,1202187.82939352,,,,,,,,,,929804.67118069,,,,,,,,,,,,,,,,,,,,,,,,,,,,,,,,,,,,,,,,,,,,,,,,,,929804.67118069
HKG,5933.03839959367,,,,,,,,,,,,,,,,,,6423.57556014404,,,,,6517.77038314327,,,,,6597.57599099962,,,,,,,,,,6734.21462939009,,,,,,,,,,,,,,,,,,,,,,,,,,,,,,,,,,,,,,,,,,,,,,,,,,6734.21462939009
HND,5722010.8717533,,,,,,,,,,,,,,,,,,6554854.34835918,,,,,6674825.31760141,,,,,6764270.29871754,,,,,,,,,,6815066.184203,,,,,,,,,,,,,,,,,,,,,,,,,,,,,,,,,,,,,,,,,,,,,,,,,,6815066.184203
HRV,1935869.7577239,,,,,,,,,,,,,,,,,,1890293.19815613,,,,,1859510.89516775,,,,,1831106.62818891,,,,,,,,,,1782005.64201216,,,,,,,,,,,,,,,,,,,,,,,,,,,,,,,,,,,,,,,,,,,,,,,,,,1782005.64201216
HTI,2642660.22073988,,,,,,,,,,,,,,,,,,2911516.13059829,,,,,2961320.69251075,,,,,3015411.27647597,,,,,,,,,,3125066.59974969,,,,,,,,,,,,,,,,,,,,,,,,,,,,,,,,,,,,,,,,,,,,,,,,,,3125066.59974969
HUN,4892557.61870991,,,,,,,,,,,,,,,,,,4988984.67977284,,,,,4998595.23781832,,,,,5007582.79943736,,,,,,,,,,5038578.25897169,,,,,,,,,,,,,,,,,,,,,,,,,,,,,,,,,,,,,,,,,,,,,,,,,,5038578.25897169
IDN,137640740.905111,,,,,,,,,,,,,,,,,,139967864.711079,,,,,137298918.957191,,,,,133812706.625124,,,,,,,,,,124780549.730232,,,,,,,,,,,,,,,,,,,,,,,,,,,,,,,,,,,,,,,,,,,,,,,,,,124780549.730232
IND,694670884.79719,,,,,,,,,,,,,,,,,,715736568.093912,,,,,714957869.291204,,,,,713946523.930594,,,,,,,,,,710918840.672044,,,,,,,,,,,,,,,,,,,,,,,,,,,,,,,,,,,,,,,,,,,,,,,,,,710918840.672044
IRL,9595824.7171376,,,,,,,,,,,,,,,,,,8776380.48775677,,,,,8582983.57141103,,,,,8409380.13193972,,,,,,,,,,8121698.96505054,,,,,,,,,,,,,,,,,,,,,,,,,,,,,,,,,,,,,,,,,,,,,,,,,,8121698.96505054
IRN,35477462.6903666,,,,,,,,,,,,,,,,,,38410408.3163313,,,,,39735171.919247,,,,,40902713.2282786,,,,,,,,,,41588638.2714057,,,,,,,,,,,,,,,,,,,,,,,,,,,,,,,,,,,,,,,,,,,,,,,,,,41588638.2714057
IRQ,7657395.25344763,,,,,,,,,,,,,,,,,,8094620.4383982,,,,,8098785.0920167,,,,,8052731.01216137,,,,,,,,,,7907938.98465811,,,,,,,,,,,,,,,,,,,,,,,,,,,,,,,,,,,,,,,,,,,,,,,,,,7907938.98465811
ISR,2108731.73410459,,,,,,,,,,,,,,,,,,1723590.58386791,,,,,1607861.50567051,,,,,1494245.56751997,,,,,,,,,,1272081.0156159,,,,,,,,,,,,,,,,,,,,,,,,,,,,,,,,,,,,,,,,,,,,,,,,,,1272081.0156159
ITA,25476383.8285709,,,,,,,,,,,,,,,,,,25099292.4719169,,,,,24554788.1843186,,,,,23973536.1147211,,,,,,,,,,22795859.4368831,,,,,,,,,,,,,,,,,,,,,,,,,,,,,,,,,,,,,,,,,,,,,,,,,,22795859.4368831
JAM,689199.641819215,,,,,,,,,,,,,,,,,,672256.048768144,,,,,654212.871506054,,,,,633840.595575888,,,,,,,,,,585499.319280571,,,,,,,,,,,,,,,,,,,,,,,,,,,,,,,,,,,,,,,,,,,,,,,,,,585499.319280571
JOR,854687.464676032,,,,,,,,,,,,,,,,,,907027.2953718,,,,,910904.374188343,,,,,914002.903512755,,,,,,,,,,918628.119570429,,,,,,,,,,,,,,,,,,,,,,,,,,,,,,,,,,,,,,,,,,,,,,,,,,918628.119570429
JPN,23699974.5335568,,,,,,,,,,,,,,,,,,22825936.7401471,,,,,22167210.0707916,,,,,21490182.6004717,,,,,,,,,,20212093.4229379,,,,,,,,,,,,,,,,,,,,,,,,,,,,,,,,,,,,,,,,,,,,,,,,,,20212093.4229379
KAZ,22817441.597039,,,,,,,,,,,,,,,,,,30661679.7461394,,,,,31666036.2278556,,,,,32266411.7644203,,,,,,,,,,32264203.296156,,,,,,,,,,,,,,,,,,,,,,,,,,,,,,,,,,,,,,,,,,,,,,,,,,32264203.296156
KEN,23941227.770681,,,,,,,,,,,,,,,,,,36540793.7173286,,,,,40014553.5217082,,,,,42916535.8126608,,,,,,,,,,46054039.8591249,,,,,,,,,,,,,,,,,,,,,,,,,,,,,,,,,,,,,,,,,,,,,,,,,,46054039.8591249
KGZ,4110846.79498837,,,,,,,,,,,,,,,,,,4720842.52682443,,,,,4821477.79551846,,,,,4910396.54434654,,,,,,,,,,5039609.75908057,,,,,,,,,,,,,,,,,,,,,,,,,,,,,,,,,,,,,,,,,,,,,,,,,,5039609.75908057
KHM,18301234.8590166,,,,,,,,,,,,,,,,,,19146094.9580305,,,,,19198279.3649083,,,,,19226356.347249,,,,,,,,,,19242420.2745229,,,,,,,,,,,,,,,,,,,,,,,,,,,,,,,,,,,,,,,,,,,,,,,,,,19242420.2745229
KOR,18188750.8457125,,,,,,,,,,,,,,,,,,16353205.470934,,,,,15576128.2574869,,,,,14788871.4677151,,,,,,,,,,13222951.7371654,,,,,,,,,,,,,,,,,,,,,,,,,,,,,,,,,,,,,,,,,,,,,,,,,,13222951.7371654
LAO,7245061.90099263,,,,,,,,,,,,,,,,,,7702939.16519577,,,,,7782979.47113945,,,,,7858727.15847532,,,,,,,,,,7993263.70324369,,,,,,,,,,,,,,,,,,,,,,,,,,,,,,,,,,,,,,,,,,,,,,,,,,7993263.70324369
LBN,899264.182211774,,,,,,,,,,,,,,,,,,1001393.12102676,,,,,1009310.57980658,,,,,1015994.48121156,,,,,,,,,,1026541.17915387,,,,,,,,,,,,,,,,,,,,,,,,,,,,,,,,,,,,,,,,,,,,,,,,,,1026541.17915387
LBR,361009.271918262,,,,,,,,,,,,,,,,,,611308.892626138,,,,,676052.172844839,,,,,740414.21707353,,,,,,,,,,855423.357065509,,,,,,,,,,,,,,,,,,,,,,,,,,,,,,,,,,,,,,,,,,,,,,,,,,855423.357065509
LKA,6465963.70441274,,,,,,,,,,,,,,,,,,7512241.00241381,,,,,7708150.22503512,,,,,7874480.65833728,,,,,,,,,,8099184.89302271,,,,,,,,,,,,,,,,,,,,,,,,,,,,,,,,,,,,,,,,,,,,,,,,,,8099184.89302271
LSO,899331.084078665,,,,,,,,,,,,,,,,,,1470992.2118763,,,,,1598823.80187794,,,,,1723625.17451586,,,,,,,,,,1950795.96784684,,,,,,,,,,,,,,,,,,,,,,,,,,,,,,,,,,,,,,,,,,,,,,,,,,1950795.96784684
LTU,2315800.12668721,,,,,,,,,,,,,,,,,,2406526.87786553,,,,,2405176.82081771,,,,,2406953.86292011,,,,,,,,,,2418307.87147577,,,,,,,,,,,,,,,,,,,,,,,,,,,,,,,,,,,,,,,,,,,,,,,,,,2418307.87147577
LVA,1196990.99429624,,,,,,,,,,,,,,,,,,1167557.78670847,,,,,1145048.89228291,,,,,1123494.20007883,,,,,,,,,,1084521.35984596,,,,,,,,,,,,,,,,,,,,,,,,,,,,,,,,,,,,,,,,,,,,,,,,,,1084521.35984596
MAR,13492734.5046067,,,,,,,,,,,,,,,,,,18513926.9349993,,,,,19909813.41142,,,,,21344692.2630502,,,,,,,,,,23870164.3964785,,,,,,,,,,,,,,,,,,,,,,,,,,,,,,,,,,,,,,,,,,,,,,,,,,23870164.3964785
MDA,1299013.28110589,,,,,,,,,,,,,,,,,,1549110.39932215,,,,,1570034.96986935,,,,,1585516.73706584,,,,,,,,,,1602004.47714515,,,,,,,,,,,,,,,,,,,,,,,,,,,,,,,,,,,,,,,,,,,,,,,,,,1602004.47714515
MDG,16088881.5261489,,,,,,,,,,,,,,,,,,28290166.9699907,,,,,31318208.8041215,,,,,34079129.4317988,,,,,,,,,,37894189.7895512,,,,,,,,,,,,,,,,,,,,,,,,,,,,,,,,,,,,,,,,,,,,,,,,,,37894189.7895512
MEX,63196387.6595288,,,,,,,,,,,,,,,,,,79633354.9738977,,,,,82822184.0930462,,,,,85599053.7548074,,,,,,,,,,89882034.6000902,,,,,,,,,,,,,,,,,,,,,,,,,,,,,,,,,,,,,,,,,,,,,,,,,,89882034.6000902
MLI,14276621.0103156,,,,,,,,,,,,,,,,,,27441809.7012478,,,,,30814298.2226531,,,,,33937610.8913578,,,,,,,,,,38654427.9480935,,,,,,,,,,,,,,,,,,,,,,,,,,,,,,,,,,,,,,,,,,,,,,,,,,38654427.9480935
MMR,60219987.7536201,,,,,,,,,,,,,,,,,,68132610.1292053,,,,,70235589.8967749,,,,,72059939.2356344,,,,,,,,,,74955364.511189,,,,,,,,,,,,,,,,,,,,,,,,,,,,,,,,,,,,,,,,,,,,,,,,,,74955364.511189
MNG,6983991.65401097,,,,,,,,,,,,,,,,,,7909579.02221572,,,,,8054218.72529922,,,,,8183050.02613537,,,,,,,,,,8401729.52394609,,,,,,,,,,,,,,,,,,,,,,,,,,,,,,,,,,,,,,,,,,,,,,,,,,8401729.52394609
MOZ,3654350.00116969,,,,,,,,,,,,,,,,,,6400911.83104706,,,,,7130250.25951577,,,,,7872023.72475289,,,,,,,,,,9281578.84818152,,,,,,,,,,,,,,,,,,,,,,,,,,,,,,,,,,,,,,,,,,,,,,,,,,9281578.84818152
MRT,3484372.02506364,,,,,,,,,,,,,,,,,,5744032.77128878,,,,,6273327.43064944,,,,,6782058.28188839,,,,,,,,,,7695222.40556546,,,,,,,,,,,,,,,,,,,,,,,,,,,,,,,,,,,,,,,,,,,,,,,,,,7695222.40556546
MUS,95064.372893007,,,,,,,,,,,,,,,,,,159004.814115112,,,,,171396.95093178,,,,,181794.389935573,,,,,,,,,,192938.695613043,,,,,,,,,,,,,,,,,,,,,,,,,,,,,,,,,,,,,,,,,,,,,,,,,,192938.695613043
MWI,3383454.09834424,,,,,,,,,,,,,,,,,,5894184.7464179,,,,,6568048.0905714,,,,,7253497.91839556,,,,,,,,,,8530971.00632289,,,,,,,,,,,,,,,,,,,,,,,,,,,,,,,,,,,,,,,,,,,,,,,,,,8530971.00632289
MYS,10199212.2927979,,,,,,,,,,,,,,,,,,11649173.9382691,,,,,11772881.0598195,,,,,11860998.9500647,,,,,,,,,,11972026.6441295,,,,,,,,,,,,,,,,,,,,,,,,,,,,,,,,,,,,,,,,,,,,,,,,,,11972026.6441295
NAM,3184869.18947474,,,,,,,,,,,,,,,,,,5258861.80490317,,,,,5709359.05752256,,,,,6122748.84815602,,,,,,,,,,6784877.15025052,,,,,,,,,,,,,,,,,,,,,,,,,,,,,,,,,,,,,,,,,,,,,,,,,,6784877.15025052
NER,15127940.6765186,,,,,,,,,,,,,,,,,,16930640.2886362,,,,,17176224.5852965,,,,,17269922.9589543,,,,,,,,,,17413289.8320847,,,,,,,,,,,,,,,,,,,,,,,,,,,,,,,,,,,,,,,,,,,,,,,,,,17413289.8320847
NGA,49206397.8381061,,,,,,,,,,,,,,,,,,78791192.9629336,,,,,87735460.683131,,,,,95810730.5676552,,,,,,,,,,106769316.244577,,,,,,,,,,,,,,,,,,,,,,,,,,,,,,,,,,,,,,,,,,,,,,,,,,106769316.244577
NIC,7173870.32673223,,,,,,,,,,,,,,,,,,9727670.12079913,,,,,10451997.9823978,,,,,11211933.1716834,,,,,,,,,,12784043.7469386,,,,,,,,,,,,,,,,,,,,,,,,,,,,,,,,,,,,,,,,,,,,,,,,,,12784043.7469386
NLD,15620773.3657334,,,,,,,,,,,,,,,,,,12898016.8005332,,,,,12067564.1974227,,,,,11260767.3374066,,,,,,,,,,9695440.97692607,,,,,,,,,,,,,,,,,,,,,,,,,,,,,,,,,,,,,,,,,,,,,,,,,,9695440.97692607
NOR,2142644.68793333,,,,,,,,,,,,,,,,,,2058156.04757019,,,,,2021184.25061377,,,,,1988838.17423895,,,,,,,,,,1938615.72121775,,,,,,,,,,,,,,,,,,,,,,,,,,,,,,,,,,,,,,,,,,,,,,,,,,1938615.72121775
NPL,23842719.4046354,,,,,,,,,,,,,,,,,,31008938.4614746,,,,,31334346.1942263,,,,,31424414.6822272,,,,,,,,,,31747373.4317314,,,,,,,,,,,,,,,,,,,,,,,,,,,,,,,,,,,,,,,,,,,,,,,,,,31747373.4317314
NZL,18347806.073969,,,,,,,,,,,,,,,,,,17215975.3760601,,,,,16874573.5454949,,,,,16574726.2152207,,,,,,,,,,16083486.2589963,,,,,,,,,,,,,,,,,,,,,,,,,,,,,,,,,,,,,,,,,,,,,,,,,,16083486.2589963
PAK,141989154.119294,,,,,,,,,,,,,,,,,,257087521.306797,,,,,251891183.156635,,,,,246585486.111954,,,,,,,,,,236849487.24113,,,,,,,,,,,,,,,,,,,,,,,,,,,,,,,,,,,,,,,,,,,,,,,,,,236849487.24113
PAN,2895950.30434865,,,,,,,,,,,,,,,,,,3702938.5515725,,,,,3831816.60075687,,,,,3939698.94332043,,,,,,,,,,4075892.28546622,,,,,,,,,,,,,,,,,,,,,,,,,,,,,,,,,,,,,,,,,,,,,,,,,,4075892.28546622
PER,16852627.9355167,,,,,,,,,,,,,,,,,,22659954.8069598,,,,,23755837.2088932,,,,,24805749.9800969,,,,,,,,,,26709364.7760481,,,,,,,,,,,,,,,,,,,,,,,,,,,,,,,,,,,,,,,,,,,,,,,,,,26709364.7760481
PHL,52079702.1762705,,,,,,,,,,,,,,,,,,51532158.5658713,,,,,50756638.0303273,,,,,49883287.2220911,,,,,,,,,,47886331.6042228,,,,,,,,,,,,,,,,,,,,,,,,,,,,,,,,,,,,,,,,,,,,,,,,,,47886331.6042228
POL,18019275.109762,,,,,,,,,,,,,,,,,,19509364.3026552,,,,,19694619.2072891,,,,,19851252.4066509,,,,,,,,,,20115179.8397062,,,,,,,,,,,,,,,,,,,,,,,,,,,,,,,,,,,,,,,,,,,,,,,,,,20115179.8397062
PRK,5260316.6270494,,,,,,,,,,,,,,,,,,6283385.61713252,,,,,6422448.08492759,,,,,6538838.99026554,,,,,,,,,,6753535.14878467,,,,,,,,,,,,,,,,,,,,,,,,,,,,,,,,,,,,,,,,,,,,,,,,,,6753535.14878467
PRT,5274043.03730191,,,,,,,,,,,,,,,,,,4409769.02933338,,,,,4155216.64427584,,,,,3909341.90918657,,,,,,,,,,3443897.98191644,,,,,,,,,,,,,,,,,,,,,,,,,,,,,,,,,,,,,,,,,,,,,,,,,,3443897.98191644
PRY,19200409.4447604,,,,,,,,,,,,,,,,,,22639675.2014854,,,,,22912729.9313647,,,,,23075353.861548,,,,,,,,,,23487815.5073921,,,,,,,,,,,,,,,,,,,,,,,,,,,,,,,,,,,,,,,,,,,,,,,,,,23487815.5073921
ROU,10134492.6759799,,,,,,,,,,,,,,,,,,11332416.3000832,,,,,11362467.6707551,,,,,11352197.0157325,,,,,,,,,,11254714.5376555,,,,,,,,,,,,,,,,,,,,,,,,,,,,,,,,,,,,,,,,,,,,,,,,,,11254714.5376555
RUS,60857294.870072,,,,,,,,,,,,,,,,,,81895558.3461386,,,,,86258531.4696249,,,,,90081892.038219,,,,,,,,,,96302182.5768199,,,,,,,,,,,,,,,,,,,,,,,,,,,,,,,,,,,,,,,,,,,,,,,,,,96302182.5768199
RWA,2449458.63478192,,,,,,,,,,,,,,,,,,3338617.402626,,,,,3570980.81109582,,,,,3811915.70653867,,,,,,,,,,4259935.87795038,,,,,,,,,,,,,,,,,,,,,,,,,,,,,,,,,,,,,,,,,,,,,,,,,,4259935.87795038
SAU,4364359.65682553,,,,,,,,,,,,,,,,,,3932632.41291946,,,,,3778787.89838478,,,,,3621623.04003088,,,,,,,,,,3295631.0095452,,,,,,,,,,,,,,,,,,,,,,,,,,,,,,,,,,,,,,,,,,,,,,,,,,3295631.0095452
SEN,5332679.82740226,,,,,,,,,,,,,,,,,,10070482.9279626,,,,,11153607.3115846,,,,,12129911.2611203,,,,,,,,,,13497779.8006162,,,,,,,,,,,,,,,,,,,,,,,,,,,,,,,,,,,,,,,,,,,,,,,,,,13497779.8006162
SLE,2232133.61101416,,,,,,,,,,,,,,,,,,3444325.20849916,,,,,3755591.00591296,,,,,4070443.19626806,,,,,,,,,,4625291.1363206,,,,,,,,,,,,,,,,,,,,,,,,,,,,,,,,,,,,,,,,,,,,,,,,,,4625291.1363206
SLV,2098645.56392487,,,,,,,,,,,,,,,,,,2448141.45139279,,,,,2524036.59721088,,,,,2601310.53972936,,,,,,,,,,2747889.38857966,,,,,,,,,,,,,,,,,,,,,,,,,,,,,,,,,,,,,,,,,,,,,,,,,,2747889.38857966
SRB,4257029.57144815,,,,,,,,,,,,,,,,,,5271267.42576569,,,,,5456859.76093663,,,,,5629223.35916825,,,,,,,,,,5933206.13645904,,,,,,,,,,,,,,,,,,,,,,,,,,,,,,,,,,,,,,,,,,,,,,,,,,5933206.13645904
SUR,543341.881967831,,,,,,,,,,,,,,,,,,445016.844160392,,,,,408342.150428633,,,,,369696.688273192,,,,,,,,,,285081.763369692,,,,,,,,,,,,,,,,,,,,,,,,,,,,,,,,,,,,,,,,,,,,,,,,,,285081.763369692
SVK,1883761.44188722,,,,,,,,,,,,,,,,,,1880378.48380023,,,,,1852618.20936988,,,,,1826500.52722724,,,,,,,,,,1783021.04873894,,,,,,,,,,,,,,,,,,,,,,,,,,,,,,,,,,,,,,,,,,,,,,,,,,1783021.04873894
SWE,4212113.39913957,,,,,,,,,,,,,,,,,,3876732.64204804,,,,,3758362.98486527,,,,,3646036.30997496,,,,,,,,,,3440686.51549935,,,,,,,,,,,,,,,,,,,,,,,,,,,,,,,,,,,,,,,,,,,,,,,,,,3440686.51549935
SWZ,801923.293989535,,,,,,,,,,,,,,,,,,1199426.34860166,,,,,1289494.69016747,,,,,1375889.0255945,,,,,,,,,,1526725.79208214,,,,,,,,,,,,,,,,,,,,,,,,,,,,,,,,,,,,,,,,,,,,,,,,,,1526725.79208214
TCD,10598218.940639,,,,,,,,,,,,,,,,,,19400865.3600547,,,,,21537517.03035,,,,,23506195.1410123,,,,,,,,,,26373937.1017361,,,,,,,,,,,,,,,,,,,,,,,,,,,,,,,,,,,,,,,,,,,,,,,,,,26373937.1017361
TGO,1332378.45324682,,,,,,,,,,,,,,,,,,2457331.01236731,,,,,2750800.1628284,,,,,3046355.70480836,,,,,,,,,,3586360.81721112,,,,,,,,,,,,,,,,,,,,,,,,,,,,,,,,,,,,,,,,,,,,,,,,,,3586360.81721112
THA,65075108.0562814,,,,,,,,,,,,,,,,,,69778007.3793552,,,,,70291826.8359625,,,,,70736023.5454417,,,,,,,,,,71347997.2121468,,,,,,,,,,,,,,,,,,,,,,,,,,,,,,,,,,,,,,,,,,,,,,,,,,71347997.2121468
TJK,5096992.88516453,,,,,,,,,,,,,,,,,,4830475.59864863,,,,,4706190.57239965,,,,,4578356.04705985,,,,,,,,,,4303149.59783546,,,,,,,,,,,,,,,,,,,,,,,,,,,,,,,,,,,,,,,,,,,,,,,,,,4303149.59783546
TKM,9168446.83153668,,,,,,,,,,,,,,,,,,8982617.15542761,,,,,8658086.87039743,,,,,8260615.67410896,,,,,,,,,,7303979.54751026,,,,,,,,,,,,,,,,,,,,,,,,,,,,,,,,,,,,,,,,,,,,,,,,,,7303979.54751026
TTO,1125874.34134831,,,,,,,,,,,,,,,,,,728844.320082948,,,,,607202.592108856,,,,,485652.33943167,,,,,,,,,,241619.132882717,,,,,,,,,,,,,,,,,,,,,,,,,,,,,,,,,,,,,,,,,,,,,,,,,,241619.132882717
TUN,3829099.48315424,,,,,,,,,,,,,,,,,,4513896.25378715,,,,,4612815.10943532,,,,,4690495.55367011,,,,,,,,,,4770650.66997483,,,,,,,,,,,,,,,,,,,,,,,,,,,,,,,,,,,,,,,,,,,,,,,,,,4770650.66997483
TUR,40085447.3568461,,,,,,,,,,,,,,,,,,55818329.5290572,,,,,57558363.2429893,,,,,58503492.6877293,,,,,,,,,,58624022.6201753,,,,,,,,,,,,,,,,,,,,,,,,,,,,,,,,,,,,,,,,,,,,,,,,,,58624022.6201753
TWN,1804511.15100001,,,,,,,,,,,,,,,,,,1869252.65154357,,,,,1866177.65457705,,,,,1857370.40499763,,,,,,,,,,1840332.65635674,,,,,,,,,,,,,,,,,,,,,,,,,,,,,,,,,,,,,,,,,,,,,,,,,,1840332.65635674
TZA,30980019.4408884,,,,,,,,,,,,,,,,,,58842389.4353645,,,,,65701854.6800026,,,,,71156310.8130708,,,,,,,,,,76844728.3082855,,,,,,,,,,,,,,,,,,,,,,,,,,,,,,,,,,,,,,,,,,,,,,,,,,76844728.3082855
UGA,17539572.5654053,,,,,,,,,,,,,,,,,,19181508.5576199,,,,,19517610.1708873,,,,,19748964.2011945,,,,,,,,,,20229385.8473928,,,,,,,,,,,,,,,,,,,,,,,,,,,,,,,,,,,,,,,,,,,,,,,,,,20229385.8473928
UKR,24874488.8666202,,,,,,,,,,,,,,,,,,35245383.0023073,,,,,37065969.8400205,,,,,38615527.8415865,,,,,,,,,,40927039.3380699,,,,,,,,,,,,,,,,,,,,,,,,,,,,,,,,,,,,,,,,,,,,,,,,,,40927039.3380699
URY,19134174.1144163,,,,,,,,,,,,,,,,,,22337200.9067014,,,,,22482116.1462919,,,,,22432149.4058453,,,,,,,,,,21882664.8002729,,,,,,,,,,,,,,,,,,,,,,,,,,,,,,,,,,,,,,,,,,,,,,,,,,21882664.8002729
USA,355190688.895046,,,,,,,,,,,,,,,,,,314340356.471514,,,,,298304301.524072,,,,,280423463.98562,,,,,,,,,,243465771.478053,,,,,,,,,,,,,,,,,,,,,,,,,,,,,,,,,,,,,,,,,,,,,,,,,,243465771.478053
UZB,26833022.8304772,,,,,,,,,,,,,,,,,,24456950.3522925,,,,,23441863.7711997,,,,,22389489.2840203,,,,,,,,,,20197736.059968,,,,,,,,,,,,,,,,,,,,,,,,,,,,,,,,,,,,,,,,,,,,,,,,,,20197736.059968
VEN,26259025.934328,,,,,,,,,,,,,,,,,,40290125.9623315,,,,,42883774.5493447,,,,,45002418.6315952,,,,,,,,,,47332705.2584651,,,,,,,,,,,,,,,,,,,,,,,,,,,,,,,,,,,,,,,,,,,,,,,,,,47332705.2584651
VNM,59097143.1131205,,,,,,,,,,,,,,,,,,70255379.3117279,,,,,71969013.5713527,,,,,73292099.7325272,,,,,,,,,,74941063.274034,,,,,,,,,,,,,,,,,,,,,,,,,,,,,,,,,,,,,,,,,,,,,,,,,,74941063.274034
XEAP,2480151.01012199,,,,,,,,,,,,,,,,,,2278236.80410104,,,,,2186845.18515452,,,,,2094100.96773394,,,,,,,,,,1911939.36595544,,,,,,,,,,,,,,,,,,,,,,,,,,,,,,,,,,,,,,,,,,,,,,,,,,1911939.36595544
XECA,1002146.7627255,,,,,,,,,,,,,,,,,,1070209.53644587,,,,,1074151.80494225,,,,,1076179.35362536,,,,,,,,,,1074436.71517704,,,,,,,,,,,,,,,,,,,,,,,,,,,,,,,,,,,,,,,,,,,,,,,,,,1074436.71517704
XEU,1856360.49110706,,,,,,,,,,,,,,,,,,1588268.58394279,,,,,1516736.23632637,,,,,1450659.97746378,,,,,,,,,,1331728.01766901,,,,,,,,,,,,,,,,,,,,,,,,,,,,,,,,,,,,,,,,,,,,,,,,,,1331728.01766901
XHIC,8686981.53717499,,,,,,,,,,,,,,,,,,8283819.60951819,,,,,8037262.74675486,,,,,7765139.95862933,,,,,,,,,,7140695.5206342,,,,,,,,,,,,,,,,,,,,,,,,,,,,,,,,,,,,,,,,,,,,,,,,,,7140695.5206342
XLAC,486488.742319877,,,,,,,,,,,,,,,,,,529202.215777973,,,,,536980.282142356,,,,,544164.378420308,,,,,,,,,,556318.514138293,,,,,,,,,,,,,,,,,,,,,,,,,,,,,,,,,,,,,,,,,,,,,,,,,,556318.514138293
XMNA,378121.500902922,,,,,,,,,,,,,,,,,,393407.228169713,,,,,393775.056388607,,,,,393918.334600781,,,,,,,,,,393153.592211136,,,,,,,,,,,,,,,,,,,,,,,,,,,,,,,,,,,,,,,,,,,,,,,,,,393153.592211136
XSAS,518293.842505742,,,,,,,,,,,,,,,,,,899992.493161567,,,,,994175.31729799,,,,,1082728.74383795,,,,,,,,,,1203860.93893059,,,,,,,,,,,,,,,,,,,,,,,,,,,,,,,,,,,,,,,,,,,,,,,,,,1203860.93893059
XSSA,1923394.96739588,,,,,,,,,,,,,,,,,,2131552.51562848,,,,,2163220.89752374,,,,,2186439.79085188,,,,,,,,,,2192769.43237373,,,,,,,,,,,,,,,,,,,,,,,,,,,,,,,,,,,,,,,,,,,,,,,,,,2192769.43237373
YEM,5351131.52205917,,,,,,,,,,,,,,,,,,6091190.27577281,,,,,6333611.05150026,,,,,6578690.89925815,,,,,,,,,,6948154.82872258,,,,,,,,,,,,,,,,,,,,,,,,,,,,,,,,,,,,,,,,,,,,,,,,,,6948154.82872258
ZAF,32999234.0343736,,,,,,,,,,,,,,,,,,64221690.1362007,,,,,69900628.1116013,,,,,74208029.4399357,,,,,,,,,,77954680.2467203,,,,,,,,,,,,,,,,,,,,,,,,,,,,,,,,,,,,,,,,,,,,,,,,,,77954680.2467203
ZMB,4335700.28216166,,,,,,,,,,,,,,,,,,8173272.39988795,,,,,9137990.99876435,,,,,10081715.5161068,,,,,,,,,,11726707.2129809,,,,,,,,,,,,,,,,,,,,,,,,,,,,,,,,,,,,,,,,,,,,,,,,,,11726707.2129809
ZWE,5967509.95918738,,,,,,,,,,,,,,,,,,12197840.3587491,,,,,13940843.7495683,,,,,15707545.6994918,,,,,,,,,,18866664.8371082,,,,,,,,,,,,,,,,,,,,,,,,,,,,,,,,,,,,,,,,,,,,,,,,,,18866664.8371082
