model,scenario,region,sector,product_category,product_long,product_short,flow_category,flow_long,flow_short,unit,1990,1991,1992,1993,1994,1995,1996,1997,1998,1999,2000,2001,2002,2003,2004,2005,2006,2007,2008,2009,2010,2011,2012,2013,2014,2015,2016,2017,2018,2019,2020,2021,2022,2023,2024,2025,2026,2027,2028,2029,2030,2031,2032,2033,2034,2035,2036,2037,2038,2039,2040,2041,2042,2043,2044,2045,2046,2047,2048,2049,2050
PD22,pathway,iran,Agriculture,Emissions,Agroforestry,EM,Emissions,CO2e,AFOLU,MtCO2e,0.0,0.0,0.0,0.0,0.0,0.0,0.0,0.0,0.0,0.0,0.0,0.0,0.0,0.0,0.0,0.0,0.0,0.0,0.0,0.0,0.0,0.0,0.0,0.0,0.0,0.0,0.0,0.0,0.0,0.0,0.0,8.128711830495673,16.081205896830962,23.85195396899886,33.268636294917926,44.26461769531691,55.174413551370144,65.98468366512486,76.68208783862823,88.08135447617246,100.14154109306315,111.58741460398343,122.42527403232958,132.65744562235,142.28741526457407,151.31866885323956,159.75469228711034,167.59897147047286,174.8549923143538,181.53967037889933,187.66992123429276,193.26266046296521,198.33480366229531,202.90326644790116,206.98483599418722,210.59629950272063,213.76325726538866,216.51130961452884,218.8660569318422,220.84492891946238,222.48387261038752
PD22,pathway,iran,Agriculture,Emissions,Biochar,EM,Emissions,CO2e,AFOLU,MtCO2e,,,,,,,,,,,,,,,,,,,,,,,,,,,,,,,,,,,,,,,,,,,,,,,,,,,,,,,,,,,,,
PD22,pathway,iran,Agriculture,Emissions,Burning - Crop residues,EM,Emissions,CO2e,AFOLU,Mt,0.0,0.0,0.0,0.0,0.0,0.0,0.0,0.0,0.0,0.0,0.0,0.0,0.0,0.0,0.0,0.0,0.0,0.0,0.0,0.0,0.0,0.0,0.0,0.0,0.0,0.0,0.0,0.0,0.0,0.0,0.0,0.0,0.0,0.0,0.0,0.0,0.0,0.0,0.0,0.0,0.0,0.0,0.0,0.0,0.0,0.0,0.0,0.0,0.0,0.0,0.0,0.0,0.0,0.0,0.0,0.0,0.0,0.0,0.0,0.0,0.0
PD22,pathway,iran,Agriculture,Emissions,Crop Residues,EM,Emissions,CO2e,AFOLU,Mt,0.0,0.0,0.0,0.0,0.0,0.0,0.0,0.0,0.0,0.0,0.0,0.0,0.0,0.0,0.0,0.0,0.0,0.0,0.0,0.0,0.0,0.0,0.0,0.0,0.0,0.0,0.0,0.0,0.0,0.0,0.0,0.0,0.0,0.0,0.0,0.0,0.0,0.0,0.0,0.0,0.0,0.0,0.0,0.0,0.0,0.0,0.0,0.0,0.0,0.0,0.0,0.0,0.0,0.0,0.0,0.0,0.0,0.0,0.0,0.0,0.0
PD22,pathway,iran,Agriculture,Emissions,Cropland Soil Health,EM,Emissions,CO2e,AFOLU,MtCO2e,0.0,0.0,0.0,0.0,0.0,0.0,0.0,0.0,0.0,0.0,0.0,0.0,0.0,0.0,0.0,0.0,0.0,0.0,0.0,0.0,0.0,0.0,0.0,0.0,0.0,0.0,0.0,0.0,0.0,0.0,0.0,0.3755819013372183,0.7432415832287694,1.1027259556171984,1.5402278134974157,2.0526125373102193,2.5613509429763046,3.0658215630871437,3.5654029302342063,4.098521576222952,4.663254433671055,5.1994748295138775,5.707199804249314,6.186446411861141,6.637231706476444,7.05957274239719,7.4538453953922446,7.820214045064313,8.158843071333912,8.470530136106719,8.75607290176171,9.01626903125542,9.251916188249227,9.463812037264608,9.652748186111811,9.819516243881937,9.965323405455653,10.091376867621088,10.198883829494159,10.28866619760938,10.36241907272586
PD22,pathway,iran,Agriculture,Emissions,Enteric Fermentation,EM,Emissions,CO2e,AFOLU,Mt,0.0,0.0,0.0,0.0,0.0,0.0,0.0,0.0,0.0,0.0,0.0,0.0,0.0,0.0,0.0,0.0,0.0,0.0,0.0,0.0,0.0,0.0,0.0,0.0,0.0,0.0,0.0,0.0,0.0,0.0,0.0,0.0,0.0,0.0,0.0,0.0,0.0,0.0,0.0,0.0,0.0,0.0,0.0,0.0,0.0,0.0,0.0,0.0,0.0,0.0,0.0,0.0,0.0,0.0,0.0,0.0,0.0,0.0,0.0,0.0,0.0
PD22,pathway,iran,Agriculture,Emissions,Improved Rice,EM,Emissions,CO2e,AFOLU,MtCO2e,,,,,,,,,,,,,,,,,,,,,,,,,,,,,,,,,,,,,,,,,,,,,,,,,,,,,,,,,,,,,
PD22,pathway,iran,Agriculture,Emissions,Manure Management,EM,Emissions,CO2e,AFOLU,Mt,0.0,0.0,0.0,0.0,0.0,0.0,0.0,0.0,0.0,0.0,0.0,0.0,0.0,0.0,0.0,0.0,0.0,0.0,0.0,0.0,0.0,0.0,0.0,0.0,0.0,0.0,0.0,0.0,0.0,0.0,0.0,0.0,0.0,0.0,0.0,0.0,0.0,0.0,0.0,0.0,0.0,0.0,0.0,0.0,0.0,0.0,0.0,0.0,0.0,0.0,0.0,0.0,0.0,0.0,0.0,0.0,0.0,0.0,0.0,0.0,0.0
PD22,pathway,iran,Agriculture,Emissions,Manure applied to Soils,EM,Emissions,CO2e,AFOLU,Mt,0.0,0.0,0.0,0.0,0.0,0.0,0.0,0.0,0.0,0.0,0.0,0.0,0.0,0.0,0.0,0.0,0.0,0.0,0.0,0.0,0.0,0.0,0.0,0.0,0.0,0.0,0.0,0.0,0.0,0.0,0.0,0.0,0.0,0.0,0.0,0.0,0.0,0.0,0.0,0.0,0.0,0.0,0.0,0.0,0.0,0.0,0.0,0.0,0.0,0.0,0.0,0.0,0.0,0.0,0.0,0.0,0.0,0.0,0.0,0.0,0.0
PD22,pathway,iran,Agriculture,Emissions,Manure left on Pasture,EM,Emissions,CO2e,AFOLU,Mt,0.0,0.0,0.0,0.0,0.0,0.0,0.0,0.0,0.0,0.0,0.0,0.0,0.0,0.0,0.0,0.0,0.0,0.0,0.0,0.0,0.0,0.0,0.0,0.0,0.0,0.0,0.0,0.0,0.0,0.0,0.0,0.0,0.0,0.0,0.0,0.0,0.0,0.0,0.0,0.0,0.0,0.0,0.0,0.0,0.0,0.0,0.0,0.0,0.0,0.0,0.0,0.0,0.0,0.0,0.0,0.0,0.0,0.0,0.0,0.0,0.0
PD22,pathway,iran,Agriculture,Emissions,Nitrogen Fertilizer Management,EM,Emissions,CO2e,AFOLU,MtCO2e,0.0,0.0,0.0,0.0,0.0,0.0,0.0,0.0,0.0,0.0,0.0,0.0,0.0,0.0,0.0,0.0,0.0,0.0,0.0,0.0,0.0,0.0,0.0,0.0,0.0,0.0,0.0,0.0,0.0,0.0,0.0,0.0,0.0,0.0,0.0,0.0,0.0,0.0,0.0,0.0,0.0,0.0,0.0,0.0,0.0,0.0,0.0,0.0,0.0,0.0,0.0,0.0,0.0,0.0,0.0,0.0,0.0,0.0,0.0,0.0,0.0
PD22,pathway,iran,Agriculture,Emissions,Optimal Intensity,EM,Emissions,CO2e,AFOLU,MtCO2e,0.0,0.0,0.0,0.0,0.0,0.0,0.0,0.0,0.0,0.0,0.0,0.0,0.0,0.0,0.0,0.0,0.0,0.0,0.0,0.0,0.0,0.0,0.0,0.0,0.0,0.0,0.0,0.0,0.0,0.0,0.0,0.010886928817134503,0.02334840655121259,0.037319851650761515,0.13715093038677217,0.31996325294702554,0.5092557758786833,0.7046041978242119,0.9055842174260746,1.149901832769272,1.4358617325148595,1.7049328913827013,1.957314509812003,2.1932058014108913,2.412805979927432,2.6163142592804656,2.8039298535972383,2.9758519772593104,3.1322798449585854,3.2734126717657013,3.3994496732134696,3.510590065398686,3.607033065106423,3.6889778899616466,3.7566237586142925,3.8101698909650796,3.8498155084410595,3.875759834331989,3.888202094200656,3.8873415163837226,3.8733773326028675
PD22,pathway,iran,Agriculture,Emissions,Rice Cultivation,EM,Emissions,CO2e,AFOLU,Mt,0.0,0.0,0.0,0.0,0.0,0.0,0.0,0.0,0.0,0.0,0.0,0.0,0.0,0.0,0.0,0.0,0.0,0.0,0.0,0.0,0.0,0.0,0.0,0.0,0.0,0.0,0.0,0.0,0.0,0.0,0.0,0.0,0.0,0.0,0.0,0.0,0.0,0.0,0.0,0.0,0.0,0.0,0.0,0.0,0.0,0.0,0.0,0.0,0.0,0.0,0.0,0.0,0.0,0.0,0.0,0.0,0.0,0.0,0.0,0.0,0.0
PD22,pathway,iran,Agriculture,Emissions,Synthetic Fertilizers,EM,Emissions,CO2e,AFOLU,Mt,0.0,0.0,0.0,0.0,0.0,0.0,0.0,0.0,0.0,0.0,0.0,0.0,0.0,0.0,0.0,0.0,0.0,0.0,0.0,0.0,0.0,0.0,0.0,0.0,0.0,0.0,0.0,0.0,0.0,0.0,0.0,0.0,0.0,0.0,0.0,0.0,0.0,0.0,0.0,0.0,0.0,0.0,0.0,0.0,0.0,0.0,0.0,0.0,0.0,0.0,0.0,0.0,0.0,0.0,0.0,0.0,0.0,0.0,0.0,0.0,0.0
PD22,pathway,iran,Commercial,Emissions,Addtl Emissions,EM,Emissions,CO2e,IND,Mt,0.0,0.0,0.0,0.0,0.0,0.0,0.0,0.0,0.0,0.0,0.0,0.0,0.0,0.0,0.0,0.0,0.0,0.0,0.0,0.0,0.0,0.0,0.0,0.0,0.0,0.0,0.0,0.0,0.0,0.0,0.0,0.018681862213215883,0.03870627198873877,0.060124245371765084,0.08297911717487183,0.10730362991068099,0.13311675313631666,0.16042043437908893,0.18919657740145301,0.21940462765556124,0.2509801927324138,0.28383510867021555,0.3178592581064331,0.3529242476568927,0.3888887809863306,0.42560527166084383,0.462926996426345,0.5007149634769386,0.5388437027075648,0.577205372266713,0.615711869291106,0.6542949565971964,0.6929046953403459,0.731506654097793,0.7700784303811699,0.8086059858518583,0.8470801950827199,0.8854938774565216,0.9238394539850703,0.9621072651687259,1.0002845107008547
PD22,pathway,iran,Commercial,Natural gas,Natural gas,NATGAS,Final consumption,CO2e,COMMPUB,Mt,0.0,0.0,0.0,0.0,0.0,0.0,0.0,0.0,0.0,0.0,0.0,0.0,0.0,0.0,0.0,0.0,0.0,0.0,0.0,0.0,0.0,0.0,0.0,0.0,0.0,0.0,0.0,0.0,0.0,0.0,0.0,0.3448959125497044,0.7117764606711869,1.1012217286375279,1.5137259020514335,1.9496767330774976,2.409334213270906,2.8928097740994883,3.4000478112380126,3.930811715705195,4.484676757197912,5.06103195683551,5.6590923987771795,6.277922249388334,6.916467210919183,7.5735935213957895,8.248129312247704,8.93890352473706,9.6447778882366,10.36466865028784,11.09755653625543,11.842485360519284,12.598551360243704,13.364886361515886,14.14063820962506,14.924951589994272,15.716951645561911,16.51573190348663,17.320347162666785,18.12981129312854,18.94309941218221
PD22,pathway,iran,Commercial,Oil products,Fuel oil,RESFUEL,Final consumption,CO2e,COMMPUB,Mt,0.0,0.0,0.0,0.0,0.0,0.0,0.0,0.0,0.0,0.0,0.0,0.0,0.0,0.0,0.0,0.0,0.0,0.0,0.0,0.0,0.0,0.0,0.0,0.0,0.0,0.0,0.0,0.0,0.0,0.0,0.0,0.0033288753531914017,0.0070683966059268966,0.01124979435954171,0.01589950874020868,0.021036638255917894,0.026670084505909297,0.03279557509600581,0.039392841711968496,0.04642331661802471,0.05382876364441491,0.06153125030711269,0.069434772602854,0.07742865650251339,0.08539260013754031,0.0932029370822511,0.1007394622602452,0.1078920344411741,0.11456619323372472,0.12068720087278119,0.1262021936850884,0.13108043281188939,0.1353119067944816,0.1389047110920591,0.1418816956398515,0.1442768448052115,0.1461317655301619,0.1474925437158507,0.1484071144416318,0.1489231962621041,0.1490867710607322
PD22,pathway,iran,Commercial,Oil products,Gas/diesel oil excl. biofuels,NONBIODIES,Final consumption,CO2e,COMMPUB,Mt,0.0,0.0,0.0,0.0,0.0,0.0,0.0,0.0,0.0,0.0,0.0,0.0,0.0,0.0,0.0,0.0,0.0,0.0,0.0,0.0,0.0,0.0,0.0,0.0,0.0,0.0,0.0,0.0,0.0,0.0,0.0,0.042263386416935944,0.08974033131581782,0.14282733826983574,0.20186009100121094,0.26708106408093935,0.3386032721726817,0.41637247297930546,0.5001313400749676,0.589390217660869,0.683409739589327,0.7812004753958832,0.8815435586896323,0.9830338724977294,1.0841440648415666,1.183304067340408,1.2789877568883443,1.3697967809233886,1.4545318707449817,1.5322441560254922,1.60226247980854,1.6641965816824826,1.7179193562129427,1.763533583313208,1.8013293656575289,1.8317381686199976,1.8552882337482113,1.8725646674345513,1.884176053229532,1.8907282256863538,1.892804970589364
PD22,pathway,iran,Commercial,Oil products,Liquified petroleum gases (LPG),LPG,Final consumption,CO2e,COMMPUB,Mt,0.0,0.0,0.0,0.0,0.0,0.0,0.0,0.0,0.0,0.0,0.0,0.0,0.0,0.0,0.0,0.0,0.0,0.0,0.0,0.0,0.0,0.0,0.0,0.0,0.0,0.0,0.0,0.0,0.0,0.0,0.0,0.0017732239224795,0.003765190529944895,0.005992535725974496,0.008469343625853193,0.011205787614781401,0.0142066093928966,0.0174695331430664,0.0209837623481898,0.024728752763003597,0.028673483169103398,0.032776440523689096,0.036986485454696696,0.0412446641668588,0.045486894311453994,0.049647301308883396,0.0536618543696272,0.0574718835094463,0.061027071606841496,0.06428760738053749,0.0672253314313076,0.0698238697968029,0.072077889577414,0.0739917030589384,0.07557748193525979,0.0768533289848802,0.0778414073761699,0.0785662661275612,0.0790534392769553,0.07932834552393779,0.0794154784788452
PD22,pathway,iran,Commercial,Oil products,Motor gasoline excl. biofuels,NONBIOGASO,Final consumption,CO2e,COMMPUB,Mt,0.0,0.0,0.0,0.0,0.0,0.0,0.0,0.0,0.0,0.0,0.0,0.0,0.0,0.0,0.0,0.0,0.0,0.0,0.0,0.0,0.0,0.0,0.0,0.0,0.0,0.0,0.0,0.0,0.0,0.0,0.0,0.002842253347379503,0.006035123512372315,0.009605275741275426,0.013575285086966177,0.0179614581973378,0.022771395417116896,0.028001448899700104,0.03363431319568469,0.0396370584820919,0.04595996167503369,0.052536482625032785,0.059284651396093485,0.06610997252161659,0.07290973011341,0.07957833556419219,0.0860131556286407,0.0921201497532867,0.0978186659656416,0.10304489182440349,0.1077536913793421,0.11191881924277379,0.1155317274521009,0.11859932805525339,0.1211411307358338,0.1231861519548445,0.124769916463948,0.1259317732302601,0.12671265008234,0.1271532899760365,0.1272929530663057
PD22,pathway,iran,Commercial,Oil products,Other kerosene,OTHKERO,Final consumption,CO2e,COMMPUB,Mt,0.0,0.0,0.0,0.0,0.0,0.0,0.0,0.0,0.0,0.0,0.0,0.0,0.0,0.0,0.0,0.0,0.0,0.0,0.0,0.0,0.0,0.0,0.0,0.0,0.0,0.0,0.0,0.0,0.0,0.0,0.0,0.004183062333128984,0.008882142003161314,0.01413648336088369,0.01997931104949921,0.0264346242401739,0.0335136086759997,0.041210895669579695,0.04950101607207111,0.058335505694921796,0.06764118500982222,0.07732012411436709,0.08725168444829942,0.097296793107599,0.10730427885226801,0.117118742542278,0.126589134566576,0.1355770515356946,0.1439637945910255,0.1516554483116088,0.1585855842443111,0.1647155759617104,0.17003284307212568,0.1745475583236572,0.17828843492819532,0.1812981776168897,0.18362906964264308,0.1853390225151172,0.1864882714199553,0.1871367794579509,0.1873423274302217
PD22,pathway,iran,Electric Power,Coal,Blast furnace gas,BLFURGS,Electricity output,CO2e,ELAUTOE,Mt,0.0,0.0,0.0,0.0,0.0,0.0,0.0,0.0,0.0,0.0,0.0,0.0,0.0,0.0,0.0,0.0,0.0,0.0,0.0,0.0,0.0,0.0,0.0,0.0,0.0,0.0,0.0,0.0,0.0,0.0,0.0,0.0,0.00034796867393090125,0.0007380630634383906,0.0011853031534996006,0.0017067358833710994,0.0023217444008278992,0.0030523570003129913,0.003923538543723307,0.004963438976366599,0.0062035634321509076,0.007678816586692602,0.00942736111054511,0.011490217857500096,0.013910526475716112,0.016732383484716992,0.01999918588137109,0.023751438177779596,0.028024035028979807,0.032843112950244904,0.0382226695816415,0.04416126466005271,0.050639219382355605,0.0576167873495434,0.06503374664157649,0.07281073606011851,0.08085243175968579,0.0890523694314709,0.0972989271863523,0.10548177112336939,0.11349798866836841
PD22,pathway,iran,Electric Power,Coal,Coke oven gas,COKEOVGS,Electricity output,CO2e,ELAUTOE,Mt,0.0,0.0,0.0,0.0,0.0,0.0,0.0,0.0,0.0,0.0,0.0,0.0,0.0,0.0,0.0,0.0,0.0,0.0,0.0,0.0,0.0,0.0,0.0,0.0,0.0,0.0,0.0,0.0,0.0,0.0,0.0,0.0,0.0002064527760941015,0.0004378990978069,0.0007032504500726969,0.001012620927053294,0.0013775107153096988,0.0018109893894359963,0.002327868814492401,0.0029448505926376045,0.0036806269879856024,0.004555907241682297,0.0055933335910013995,0.006817244057660099,0.008253233762108202,0.009927465544721598,0.01186568721313,0.0140919304391307,0.016626898518574795,0.019486098468443694,0.022677835207734094,0.026201254216079696,0.030044679892084994,0.0341845303589046,0.03858507543878009,0.043199229457229295,0.0479704359653462,0.05283552878250909,0.0577282816917952,0.06258323265062139,0.06733932275276709
PD22,pathway,iran,Electric Power,Emissions,"Fossil Fuels, Addtl Emissions",EM,Emissions,CO2e,IND,Mt,0.0,0.0,0.0,0.0,0.0,0.0,0.0,0.0,0.0,0.0,0.0,0.0,0.0,0.0,0.0,0.0,0.0,0.0,0.0,0.0,0.0,0.0,0.0,0.0,0.0,0.0,0.0,0.0,0.0,0.0,0.0,0.0,0.0022180916915095494,0.004704709565746978,0.007555597022563587,0.010879418080198655,0.014799728685657598,0.019456946010203424,0.025010206082169195,0.031638947927193684,0.039543997886832494,0.048947852343030784,0.060093775442310204,0.07324325053587677,0.088671267018821,0.1066589137675521,0.12748282062090754,0.15140117956135823,0.17863642309566485,0.2093551558400344,0.24364660435840446,0.2815015878368319,0.32279466570271353,0.3672724784900714,0.4145511475612743,0.4641247928534158,0.5153857819975192,0.567655468849549,0.6202223307829015,0.6723830553233607,0.7234816365060673
PD22,pathway,iran,Electric Power,Emissions,"Fugitive Natural Gas, Distribution, Addtl Emissions",EM,Emissions,CO2e,IND,Mt,0.0,0.0,0.0,0.0,0.0,0.0,0.0,0.0,0.0,0.0,0.0,0.0,0.0,0.0,0.0,0.0,0.0,0.0,0.0,0.0,0.0,0.0,0.0,0.0,0.0,0.0,0.0,0.0,0.0,0.0,0.0,0.0,0.01781779102092429,0.03779263597510507,0.060693635570465254,0.08739368102962697,0.11888528950214994,0.15629642329135507,0.200905412101819,0.25415367833824476,0.31765444736865334,0.3931950186322757,0.48272951771472794,0.5883584239267012,0.7122907097797722,0.8567843445352326,1.0240614782860789,1.216196150985012,1.4349751489659308,1.6817367966299672,1.957197845352118,2.2612845462315274,2.592989243039761,2.950276715125103,3.330063289540715,3.728285263565458,4.140061564604624,4.559940670875836,4.982206965880456,5.401210784757487,5.811682472859603
PD22,pathway,iran,Electric Power,Emissions,"Fugitive Natural Gas, Production, Addtl Emissions",EM,Emissions,CO2e,IND,Mt,0.0,0.0,0.0,0.0,0.0,0.0,0.0,0.0,0.0,0.0,0.0,0.0,0.0,0.0,0.0,0.0,0.0,0.0,0.0,0.0,0.0,0.0,0.0,0.0,0.0,0.0,0.0,0.0,0.0,0.0,0.0,0.0,0.15118959045499025,0.32068246555255797,0.5150046879742902,0.7415630157355295,1.0087792706651015,1.3262245695466461,1.704745944106719,2.1565743191992652,2.695398422142709,3.3363840537886134,4.096112587587797,4.992407254622606,6.044011885088338,7.270086062093441,8.689485431778081,10.319808878912404,12.176217850486978,14.270068452197826,16.60744254608477,19.187714349406065,22.00233358046195,25.034030748525034,28.256639913643383,31.63567927336359,35.12973138341838,38.69253835781809,42.27560138340385,45.830981267514886,49.313963324305334
PD22,pathway,iran,Electric Power,Emissions,"Fugitive Petroleum, Addtl Emissions",EM,Emissions,CO2e,IND,Mt,0.0,0.0,0.0,0.0,0.0,0.0,0.0,0.0,0.0,0.0,0.0,0.0,0.0,0.0,0.0,0.0,0.0,0.0,0.0,0.0,0.0,0.0,0.0,0.0,0.0,0.0,0.0,0.0,0.0,0.0,0.0,0.0,0.47922145773452485,1.016458329899109,1.6323960966389848,2.3505117537085027,3.1974997165195873,4.20369728887357,5.403486006830121,6.835633894168637,8.54352973076692,10.575244135573854,12.983334628802538,15.824295012407873,19.15753708585754,23.04379044911417,27.542821321549127,32.71041240082491,38.59462050557755,45.231440769529556,52.64015070235375,60.818766777824564,69.74018740483463,79.3496739568964,89.56428897879864,100.27473645626348,111.34973666323532,122.64266725958483,133.99980290039616,145.26919205434777,156.30910382006795
PD22,pathway,iran,Electric Power,Emissions,"Fugitive Solid Fuels, Addtl Emissions",EM,Emissions,CO2e,IND,Mt,0.0,0.0,0.0,0.0,0.0,0.0,0.0,0.0,0.0,0.0,0.0,0.0,0.0,0.0,0.0,0.0,0.0,0.0,0.0,0.0,0.0,0.0,0.0,0.0,0.0,0.0,0.0,0.0,0.0,0.0,0.0,0.0,0.0042020567414773335,0.008912822054702785,0.014313676718631152,0.020610478936575083,0.028037298878874184,0.03686014940847282,0.04738050526747695,0.0599383041465853,0.07491400086902744,0.09272910299704007,0.1138444615183285,0.1387554427348916,0.16798299943055706,0.2020596395321108,0.24150942355681293,0.2868214824836439,0.3384172028667014,0.3966122082906067,0.4615755337352705,0.5332897866369535,0.6115173265023536,0.6957781772979702,0.7853451013612032,0.8792597358178512,0.9763709534615096,1.0753930952657567,1.174978219456462,1.273793937956544,1.3705974823549216
PD22,pathway,iran,Electric Power,Emissions,"Other Fossil Transformation, Addtl Emissions",EM,Emissions,CO2e,IND,Mt,0.0,0.0,0.0,0.0,0.0,0.0,0.0,0.0,0.0,0.0,0.0,0.0,0.0,0.0,0.0,0.0,0.0,0.0,0.0,0.0,0.0,0.0,0.0,0.0,0.0,0.0,0.0,0.0,0.0,0.0,0.0,0.0,0.0011759145955974604,0.002494187534079706,0.004005576889041407,0.005767690560801952,0.007846031360634387,0.010315041026811134,0.013259085043011598,0.016773292465477208,0.020964130771237433,0.025949555743634167,0.03185853313353176,0.0388296875480037,0.0470088037824033,0.05654490025364006,0.0675846314333543,0.08026487701944779,0.0947035589320277,0.11098900210402679,0.1291685097282077,0.1492372146238511,0.17112861485112774,0.1947083926561249,0.21977303594118847,0.2460543539223795,0.27323021213872345,0.3009408283913726,0.32880899111377004,0.35646184132679326,0.3835515994540476
PD22,pathway,iran,Electric Power,Natural gas,Natural gas,NATGAS,Electricity output,CO2e,ELAUTOE,Mt,0.0,0.0,0.0,0.0,0.0,0.0,0.0,0.0,0.0,0.0,0.0,0.0,0.0,0.0,0.0,0.0,0.0,0.0,0.0,0.0,0.0,0.0,0.0,0.0,0.0,0.0,0.0,0.0,0.0,0.0,0.0,0.0,0.003110985725502169,0.0065985929967173895,0.010597106771923381,0.01525893382984378,0.02075736763210756,0.02728935035973057,0.03507807833703458,0.04437522386841519,0.05546245605000377,0.0686518373050331,0.08428455789640166,0.10272736144258487,0.12436593447136168,0.14959451834139825,0.17880110038575314,0.2123478079118698,0.25054661375480736,0.2936311893109299,0.34172667934670997,0.39482020730648626,0.4527358364459576,0.5151182173063545,0.5814289406927071,0.6509584842437243,0.7228546128451069,0.796165490973175,0.8698931721754839,0.943051225153351,1.0147195683788872
PD22,pathway,iran,Electric Power,Natural gas,Natural gas,NATGAS,Electricity output,CO2e,ELMAINE,Mt,0.0,0.0,0.0,0.0,0.0,0.0,0.0,0.0,0.0,0.0,0.0,0.0,0.0,0.0,0.0,0.0,0.0,0.0,0.0,0.0,0.0,0.0,0.0,0.0,0.0,0.0,0.0,0.0,0.0,0.0,0.0,0.0,0.1948473497003178,0.4132832711580221,0.6637183038399215,0.9556979936053906,1.3000760616535132,1.7091873964732969,2.197011236831628,2.779310329918971,3.473726182870479,4.299803898580542,5.278912915656434,6.43402313122558,7.789290875269394,9.369408284189703,11.198675792072173,13.299774167115409,15.692242901124665,18.39071730788789,21.40303545810915,24.72839086697458,28.35576425912685,32.26289937678532,36.416074559373314,40.770850981435224,45.273851428160484,49.86546050896099,54.48317481219857,59.06521214368502,63.55394593003299
PD22,pathway,iran,Electric Power,Oil products,Fuel oil,RESFUEL,Electricity output,CO2e,ELMAINE,Mt,0.0,0.0,0.0,0.0,0.0,0.0,0.0,0.0,0.0,0.0,0.0,0.0,0.0,0.0,0.0,0.0,0.0,0.0,0.0,0.0,0.0,0.0,0.0,0.0,0.0,0.0,0.0,0.0,0.0,0.0,0.0,0.0,0.01597527201427429,0.03388453928602608,0.05441737062886709,0.0783563925032782,0.10659148690554154,0.14013397474497413,0.1801299949975359,0.22787191409493524,0.2848061354686733,0.35253513580506635,0.43281096662069185,0.5275168988726069,0.6386334775510978,0.7681851776938808,0.9181643591928399,1.0904305877132145,1.2865858798956697,1.5078301654243234,1.7548060771692509,2.027447492525773,2.324850955934938,2.6451917067694533,2.985704951454692,3.34274721048867,3.7119421578537386,4.088402007894378,4.467002189995305,4.842677265189479,5.210702508267514
PD22,pathway,iran,Electric Power,Oil products,Gas/diesel oil excl. biofuels,NONBIODIES,Electricity output,CO2e,ELAUTOE,Mt,0.0,0.0,0.0,0.0,0.0,0.0,0.0,0.0,0.0,0.0,0.0,0.0,0.0,0.0,0.0,0.0,0.0,0.0,0.0,0.0,0.0,0.0,0.0,0.0,0.0,0.0,0.0,0.0,0.0,0.0,0.0,0.0,1.5018990764299918e-05,3.185620765239986e-05,5.115994182529945e-05,7.366597165170061e-05,0.0001002109107101001,0.00013174554214689937,0.00016934739695390055,0.00021423148038950037,0.0002677576140428994,0.0003314323501989007,0.0004069028624094995,0.0004959396888590002,0.0006004048189327997,0.000722201542407,0.0008632029563272999,0.0010251573125875007,0.0012095707309651002,0.0014175713132430004,0.0016497632242286,0.0019060842994223998,0.0021856851641983994,0.002486850288268,0.0028069803788535997,0.0031426500554710005,0.00348974495938,0.0038436698882230998,0.0041996070286528,0.0045527941593439996,0.0048987893775719
PD22,pathway,iran,Electric Power,Oil products,Gas/diesel oil excl. biofuels,NONBIODIES,Electricity output,CO2e,ELMAINE,Mt,0.0,0.0,0.0,0.0,0.0,0.0,0.0,0.0,0.0,0.0,0.0,0.0,0.0,0.0,0.0,0.0,0.0,0.0,0.0,0.0,0.0,0.0,0.0,0.0,0.0,0.0,0.0,0.0,0.0,0.0,0.0,0.0,0.025057252930987595,0.053147982117693005,0.08535377791805132,0.1229021918349833,0.16718900593965902,0.2198004795331121,0.28253433438114683,0.35741765036884043,0.4467191147893441,0.5529522162148179,0.6788650517017478,0.8274115363175198,1.0016981596867565,1.204900315820093,1.4401430260439891,1.7103430236180763,2.0180130755317913,2.3650352744072496,2.752417591461021,3.180056313227162,3.646534367468516,4.148989612711956,4.683085463524723,5.243107113464172,5.822190284549027,6.412668473114525,7.006503777711789,7.595751045025739,8.172999532097167
PD22,pathway,iran,Forests & Wetlands,Emissions,Avoided Coastal Impacts,EM,Emissions,CO2e,AFOLU,MtCO2e,,,,,,,,,,,,,,,,,,,,,,,,,,,,,,,,,,,,,,,,,,,,,,,,,,,,,,,,,,,,,
PD22,pathway,iran,Forests & Wetlands,Emissions,Forest fires,EM,Emissions,CO2e,AFOLU,Mt,0.0,0.0,0.0,0.0,0.0,0.0,0.0,0.0,0.0,0.0,0.0,0.0,0.0,0.0,0.0,0.0,0.0,0.0,0.0,0.0,0.0,0.0,0.0,0.0,0.0,0.0,0.0,0.0,0.0,0.0,0.0,0.0,0.0,0.0,0.0,0.0,0.0,0.0,0.0,0.0,0.0,0.0,0.0,0.0,0.0,0.0,0.0,0.0,0.0,0.0,0.0,0.0,0.0,0.0,0.0,0.0,0.0,0.0,0.0,0.0,0.0
PD22,pathway,iran,Forests & Wetlands,Emissions,Natural Regeneration,EM,Emissions,CO2e,AFOLU,MtCO2e,0.0,0.0,0.0,0.0,0.0,0.0,0.0,0.0,0.0,0.0,0.0,0.0,0.0,0.0,0.0,0.0,0.0,0.0,0.0,0.0,0.0,0.0,0.0,0.0,0.0,0.0,0.0,0.0,0.0,0.0,0.0,0.9842991533663118,1.9890353123794884,3.0282622236132863,4.077841388279799,5.147279236498822,6.243626454222692,7.342855356784244,8.473482455350517,9.623310612558509,10.780243127616576,11.95616286053472,13.141537032876837,14.327149779492412,15.499219816002578,16.65837969231638,17.805235569301647,18.94044644785156,20.06438079270435,21.177671222415242,22.280791859026017,23.37429604746523,24.45871072740208,25.534536427596077,26.602300088695404,27.662502269306884,28.71564347153575,29.762171444530555,30.802507533015888,31.837178677006058,32.86671182402938
PD22,pathway,iran,Forests & Wetlands,Emissions,Savanna fires,EM,Emissions,CO2e,AFOLU,Mt,0.0,0.0,0.0,0.0,0.0,0.0,0.0,0.0,0.0,0.0,0.0,0.0,0.0,0.0,0.0,0.0,0.0,0.0,0.0,0.0,0.0,0.0,0.0,0.0,0.0,0.0,0.0,0.0,0.0,0.0,0.0,0.0,0.0,0.0,0.0,0.0,0.0,0.0,0.0,0.0,0.0,0.0,0.0,0.0,0.0,0.0,0.0,0.0,0.0,0.0,0.0,0.0,0.0,0.0,0.0,0.0,0.0,0.0,0.0,0.0,0.0
PD22,pathway,iran,Industrial,Biofuels and Waste,Charcoal,CHARCOAL,Final consumption,CO2e,ONONSPEC,Mt,0.0,0.0,0.0,0.0,0.0,0.0,0.0,0.0,0.0,0.0,0.0,0.0,0.0,0.0,0.0,0.0,0.0,0.0,0.0,0.0,0.0,0.0,0.0,0.0,0.0,0.0,0.0,0.0,0.0,0.0,0.0,0.00022523261230270042,0.00046603785396360023,0.0007228672059942012,0.0009961068959263002,0.0012860605463318013,0.0015929309834838007,0.0019168023592484006,0.002257624178081001,0.0026151991864183004,0.0029891772507320002,0.0033790571887782,0.0037841979224474,0.004203839271090201,0.004637131313583001,0.0050831697707521,0.0055410336485444,0.0060098207814962,0.006488677138317101,0.0069768167849708,0.0074735309991869,0.0079781867958944,0.008490216644498401,0.0090091021425133,0.009534354748896901,0.0100654964461813,0.0106020425789434,0.0111434883255232,0.011689299485843999,0.0122389076308172,0.0127917092098316
PD22,pathway,iran,Industrial,Coal,Blast furnace gas,BLFURGS,Energy industry own use and Losses,CO2e,DISTLOSS,Mt,0.0,0.0,0.0,0.0,0.0,0.0,0.0,0.0,0.0,0.0,0.0,0.0,0.0,0.0,0.0,0.0,0.0,0.0,0.0,0.0,0.0,0.0,0.0,0.0,0.0,0.0,0.0,0.0,0.0,0.0,0.0,0.002325556746935298,0.004810298692109,0.007458798974854797,0.010274989016959904,0.013261991062771705,0.0164219428383746,0.019755825272599295,0.023263308357837895,0.02694263366569881,0.030790553610912902,0.0348023460124348,0.03897191685967161,0.043291994280532806,0.047754403591625305,0.0523503993981941,0.0570710193163961,0.0619074182607257,0.0668511443712542,0.07189432742645799,0.07702976566658379,0.08225091358364742,0.08755178754343398,0.0929268153302584,0.0983706588480229,0.1038780369554543,0.1094435695162882,0.1150616562663396,0.12072639678854759,0.1264315518745529,0.1321705423218493
PD22,pathway,iran,Industrial,Coal,Blast furnace gas,BLFURGS,Energy industry own use and Losses,CO2e,ECOKEOVS,Mt,0.0,0.0,0.0,0.0,0.0,0.0,0.0,0.0,0.0,0.0,0.0,0.0,0.0,0.0,0.0,0.0,0.0,0.0,0.0,0.0,0.0,0.0,0.0,0.0,0.0,0.0,0.0,0.0,0.0,0.0,0.0,0.005402715223789184,0.011073816461966313,0.01701746006563079,0.023236283049094586,0.0297310946190725,0.03650056475885338,0.043540933843405405,0.050845774711235386,0.05840584405070609,0.06620906105503249,0.07424064571967301,0.0824834353613823,0.0909183761863373,0.09952515982145191,0.10828294797319338,0.11717110852928869,0.12616987953205988,0.1352608865940918,0.1444274630990567,0.15365475527405542,0.16292962791905918,0.17224041360989828,0.1815765636704308,0.1909282620186221,0.2002860553114838,0.2096405386971967,0.2189821202482738,0.2283008722149876,0.2375864656173985,0.2468281770612651
PD22,pathway,iran,Industrial,Coal,Blast furnace gas,BLFURGS,Final consumption,CO2e,IRONSTL,Mt,0.0,0.0,0.0,0.0,0.0,0.0,0.0,0.0,0.0,0.0,0.0,0.0,0.0,0.0,0.0,0.0,0.0,0.0,0.0,0.0,0.0,0.0,0.0,0.0,0.0,0.0,0.0,0.0,0.0,0.0,0.0,0.0026661474686231895,0.005514793693247491,0.008551181574900701,0.011779818313959009,0.015204283424822801,0.018827027715452402,0.022649175777162592,0.0266703492708954,0.030888532236640107,0.0353000014621995,0.03989934317684732,0.04467957086824009,0.0496323476581699,0.054748301635388005,0.0600174065934308,0.065429387557487,0.07097410403007799,0.0766418663293735,0.08242365159612941,0.0883112033328162,0.0942970174053952,0.1003742338431369,0.1065364643483726,0.11277758903113791,0.119091553297643,0.1254721890607403,0.1319130758664029,0.13840744914867,0.1449481559324118,0.1515276534543178
PD22,pathway,iran,Industrial,Coal,Coke oven coke,OVENCOKE,Final consumption,CO2e,INONSPEC,Mt,0.0,0.0,0.0,0.0,0.0,0.0,0.0,0.0,0.0,0.0,0.0,0.0,0.0,0.0,0.0,0.0,0.0,0.0,0.0,0.0,0.0,0.0,0.0,0.0,0.0,0.0,0.0,0.0,0.0,0.0,0.0,0.005136488238701109,0.010529494291676711,0.016182988242436386,0.022099426076606005,0.028279436255037288,0.034721503130725306,0.04142167199020058,0.048373308224925,0.05556694877008819,0.0629902850818991,0.07062831112960699,0.0784636555600417,0.08647709461709821,0.09464821446905702,0.1029561638408541,0.11138041726043599,0.1199014621002704,0.12850133210972348,0.13716393483905762,0.1458751543762093,0.1546227458312891,0.163396066095393,0.1721857014994034,0.1809830559428604,0.189779955115911,0.1985683078042337,0.2073398484303535,0.2160859694921492,0.22479764050080359,0.2334654020955465
PD22,pathway,iran,Industrial,Coal,Coke oven gas,COKEOVGS,Energy industry own use and Losses,CO2e,DISTLOSS,Mt,0.0,0.0,0.0,0.0,0.0,0.0,0.0,0.0,0.0,0.0,0.0,0.0,0.0,0.0,0.0,0.0,0.0,0.0,0.0,0.0,0.0,0.0,0.0,0.0,0.0,0.0,0.0,0.0,0.0,0.0,0.0,0.002740229722679302,0.005668029158373694,0.0087887868886974,0.012107135352246695,0.01562675352472251,0.019350160312860895,0.023278511556157802,0.027411418402929696,0.0317468088771863,0.0362808563126063,0.041007996510047884,0.0459210488281528,0.051011444738087094,0.05626955191828409,0.06168506557154839,0.0672474252199962,0.0729462085996974,0.07877145678884949,0.08471389621673872,0.0907650409686873,0.0969171783988732,0.10316325792366919,0.10949671373853731,0.1159112559046882,0.1224006615938438,0.1289585913308129,0.1355784462611942,0.1422532738570705,0.1489757223889193,0.1557380395082837
PD22,pathway,iran,Industrial,Coal,Coke oven gas,COKEOVGS,Energy industry own use and Losses,CO2e,ECOKEOVS,Mt,0.0,0.0,0.0,0.0,0.0,0.0,0.0,0.0,0.0,0.0,0.0,0.0,0.0,0.0,0.0,0.0,0.0,0.0,0.0,0.0,0.0,0.0,0.0,0.0,0.0,0.0,0.0,0.0,0.0,0.0,0.0,0.005394529406948179,0.011057038188536678,0.0169916763984517,0.023201077055585217,0.029686048140598414,0.03644526165192902,0.04347496366086612,0.05076873674390281,0.058317351594222494,0.06610874570903491,0.0741281614774292,0.08235846221985921,0.0907806230114798,0.09937436624903359,0.1081188852117152,0.1169935790475874,0.12597871574091052,0.1350559487438578,0.1442086366921953,0.15342194831842332,0.1626827683240505,0.1719794469625737,0.1813014515404685,0.1906389808483427,0.1999825958662524,0.20932290599195358,0.2186503338309777,0.2279549666754308,0.2372264911951222,0.2464542002431486
PD22,pathway,iran,Industrial,Coal,Coke oven gas,COKEOVGS,Final consumption,CO2e,IRONSTL,Mt,0.0,0.0,0.0,0.0,0.0,0.0,0.0,0.0,0.0,0.0,0.0,0.0,0.0,0.0,0.0,0.0,0.0,0.0,0.0,0.0,0.0,0.0,0.0,0.0,0.0,0.0,0.0,0.0,0.0,0.0,0.0,0.005910164515628702,0.012224881924357611,0.018955774391869185,0.02611283322436167,0.033703993286369305,0.0417346873899975,0.05020740846549859,0.05912131783230459,0.06847194662458472,0.07825104143667802,0.08844660132864368,0.09904313899611378,0.11002217372024609,0.12136293037965062,0.1330431834484084,0.1450401559450349,0.1573313689897695,0.16989534304541762,0.182712076749278,0.1957632675658394,0.20903228075631197,0.2225039095266002,0.2361639926607021,0.2499989639335931,0.2639954018651059,0.27813963338943426,0.2924174260081843,0.3068137844151415,0.32131285230067147,0.3358979092948053
PD22,pathway,iran,Industrial,Coal,Other bituminous coal,BITCOAL,Final consumption,CO2e,INONSPEC,Mt,0.0,0.0,0.0,0.0,0.0,0.0,0.0,0.0,0.0,0.0,0.0,0.0,0.0,0.0,0.0,0.0,0.0,0.0,0.0,0.0,0.0,0.0,0.0,0.0,0.0,0.0,0.0,0.0,0.0,0.0,0.0,0.02276733514609719,0.04667167806426065,0.07173062603450409,0.09795506514188324,0.12534778102089705,0.15390205561015435,0.18360035975689804,0.21441328575120422,0.24629888883275575,0.2792026117381804,0.31305794067138915,0.3477878776132721,0.3833072138224337,0.41952546558183346,0.4563502102194934,0.4936904691758296,0.5314597532952241,0.5695784276928124,0.6079751630518557,0.6465873910015318,0.6853608364225421,0.7242483240433464,0.763208128048604,0.8022021464723359,0.8411941469231946,0.8801482653283685,0.9190278647554229,0.9577947927008471,0.9964090217848651,1.0348286236652124
PD22,pathway,iran,Industrial,"Crude, NGL, refinery feedstocks",Crude oil,CRUDEOIL,Energy industry own use and Losses,CO2e,DISTLOSS,Mt,0.0,0.0,0.0,0.0,0.0,0.0,0.0,0.0,0.0,0.0,0.0,0.0,0.0,0.0,0.0,0.0,0.0,0.0,0.0,0.0,0.0,0.0,0.0,0.0,0.0,0.0,0.0,0.0,0.0,0.0,0.0,8.462729050830002e-05,0.0001838759462442002,0.00029944674976169986,0.00043302665330779977,0.0005862095323264996,0.0007603976637915004,0.0009566868001819996,0.0011757412555759,0.0014176694226151997,0.0016819138635430003,0.0019671725155024,0.0022713674626789002,0.0025916742680484996,0.0029246178607971,0.003266231333545,0.0036122636536441,0.0039584137459322995,0.0043005639244006,0.00463498642283,0.0049585024628274,0.005268582206287,0.005563383689925,0.005841737215078399,0.0061030872447209,0.0063474062333436,0.0065750944190787,0.0067868773424827,0.0069837097071672,0.007166690969514286,0.0073369952549408
PD22,pathway,iran,Industrial,"Crude, NGL, refinery feedstocks",Natural gas liquids,NGL,Energy industry own use and Losses,CO2e,ENONSPEC,Mt,0.0,0.0,0.0,0.0,0.0,0.0,0.0,0.0,0.0,0.0,0.0,0.0,0.0,0.0,0.0,0.0,0.0,0.0,0.0,0.0,0.0,0.0,0.0,0.0,0.0,0.0,0.0,0.0,0.0,0.0,0.0,0.01806673982075524,0.03741789539825613,0.058092038708642546,0.08012276978110056,0.10353737781652173,0.12835543384959136,0.1545874006469582,0.18223337867483502,0.21128213487285596,0.24171057444285415,0.27348380480037227,0.3065558973373408,0.34087137504660736,0.37636735048584213,0.4129761278508634,0.45062799128537756,0.4892538549031526,0.528787464588649,0.5691669170473064,0.6103353798003994,0.6522410273474366,0.6948363228085583,0.7380768488314187,0.7819199180769565,0.8263231772228985,0.8712433728065389,0.9166353885902083,0.9624516063716826,1.0086415943468836,1.0551520932419052
PD22,pathway,iran,Industrial,"Crude, NGL, refinery feedstocks",Natural gas liquids,NGL,Energy industry own use and Losses,CO2e,EOILGASEX,Mt,0.0,0.0,0.0,0.0,0.0,0.0,0.0,0.0,0.0,0.0,0.0,0.0,0.0,0.0,0.0,0.0,0.0,0.0,0.0,0.0,0.0,0.0,0.0,0.0,0.0,0.0,0.0,0.0,0.0,0.0,0.0,0.006433348897449898,0.013324062807874681,0.020685876748362197,0.028530755285451403,0.03686841577557759,0.045705827228958884,0.05504671531104188,0.06489111579663728,0.07523502872796439,0.08607023032498329,0.09738429575775948,0.10916087040099667,0.12138019955925289,0.13401988977018817,0.14705583537160158,0.16046321138501476,0.17421741715671657,0.18829486039250323,0.20267349807322688,0.21733309283630967,0.23225519024394214,0.24742286298457458,0.2628202945729094,0.2784322845605871,0.2942437514386103,0.3102392931687935,0.3264028444011761,0.3427174488662919,0.3591651484048724,0.375726978029628
PD22,pathway,iran,Industrial,Emissions,"Agriculture, Forestry, Fishing, Addtl Emissions",EM,Emissions,CO2e,IND,Mt,0.0,0.0,0.0,0.0,0.0,0.0,0.0,0.0,0.0,0.0,0.0,0.0,0.0,0.0,0.0,0.0,0.0,0.0,0.0,0.0,0.0,0.0,0.0,0.0,0.0,0.0,0.0,0.0,0.0,0.0,0.0,0.08335521528408396,0.1739143999159336,0.2721029856467987,0.3783248145818989,0.49294357800924793,0.6162607279279695,0.748490682596596,0.8897348777435417,1.0399570020427484,1.198962438503533,1.3663852951449216,1.5416862218398868,1.7241633190010028,1.9129768522645811,2.107186420894299,2.3057971173259024,2.507809587787543,2.712268205625768,2.9183019979231934,3.125154393721517,3.332199885468829,3.5389477912813248,3.7450350127347853,3.9502107288051542,4.1543163026318215,4.357263431515333,4.5590129580363055,4.759556002143899,4.958898341965799,5.157048367657834
PD22,pathway,iran,Industrial,Emissions,"Cement Production, Addtl Emissions",EM,Emissions,CO2e,IND,Mt,0.0,0.0,0.0,0.0,0.0,0.0,0.0,0.0,0.0,0.0,0.0,0.0,0.0,0.0,0.0,0.0,0.0,0.0,0.0,0.0,0.0,0.0,0.0,0.0,0.0,0.0,0.0,0.0,0.0,0.0,0.0,0.41766053752392196,0.8714173612830756,1.363402144182409,1.895638381814429,2.469948389655471,3.0878426263320584,3.750395458274742,4.458115140434472,5.2108197308906465,6.007534079658189,6.846424844444986,7.724789551708135,8.639111255831537,9.585182374787841,10.558290926541124,11.553451816557594,12.56565767208797,13.590120219952292,14.622475353890342,15.658932191327544,16.69635655740196,17.732289836193228,18.764912682834705,19.792968330807685,20.815661912553523,21.832550977617334,22.843439323412717,23.848282455461526,24.847109325712427,25.83996197397038
PD22,pathway,iran,Industrial,Emissions,"Chemical Production, Addtl Emissions",EM,Emissions,CO2e,IND,Mt,0.0,0.0,0.0,0.0,0.0,0.0,0.0,0.0,0.0,0.0,0.0,0.0,0.0,0.0,0.0,0.0,0.0,0.0,0.0,0.0,0.0,0.0,0.0,0.0,0.0,0.0,0.0,0.0,0.0,0.0,0.0,0.4905663019076236,1.0235297662476661,1.6013941653421782,2.2265362110433777,2.901096317596373,3.626848605455507,4.4050549797312435,5.236312415069982,6.120407210230816,7.056193995519923,8.041519405063418,9.073209228389317,10.14713261077255,11.258347505336095,12.40131941840783,13.570193069992683,14.75908701305124,15.962377145578724,17.174937573992022,18.39231568886674,19.61083022172427,20.8275933868834,22.0404682592508,23.247978694331014,24.44919107449988,25.643585716272987,26.830932168437982,28.01117816967342,29.18435772570674,30.35052021470462
PD22,pathway,iran,Industrial,Emissions,"Indirect N2O from Non-Ag N, Addtl Emissions",EM,Emissions,CO2e,IND,Mt,0.0,0.0,0.0,0.0,0.0,0.0,0.0,0.0,0.0,0.0,0.0,0.0,0.0,0.0,0.0,0.0,0.0,0.0,0.0,0.0,0.0,0.0,0.0,0.0,0.0,0.0,0.0,0.0,0.0,0.0,0.0,0.0752001261642472,0.15689941860128398,0.24548168678552873,0.34131126277658064,0.44471625598727504,0.555968625746003,0.6752618126196039,0.802687328333509,0.9382124140940249,1.0816614933376054,1.232704471264089,1.3908547652708045,1.555479146382826,1.7258200359666067,1.9010290377487373,2.0802085813240683,2.2624570850762673,2.4469124164481726,2.632788814488299,2.8194037276451596,3.006192845135562,3.192713491124013,3.3786380910584173,3.563740363084793,3.7478771906399886,3.930968910152661,4.112980195184411,4.293903034467544,4.473742640824431,4.6525065835568205
PD22,pathway,iran,Industrial,Emissions,"Lime Production, Addtl Emissions",EM,Emissions,CO2e,IND,Mt,0.0,0.0,0.0,0.0,0.0,0.0,0.0,0.0,0.0,0.0,0.0,0.0,0.0,0.0,0.0,0.0,0.0,0.0,0.0,0.0,0.0,0.0,0.0,0.0,0.0,0.0,0.0,0.0,0.0,0.0,0.0,0.054918818024979554,0.11458399151577003,0.17927581737820297,0.24926036811909835,0.3247772627664416,0.4060251138176829,0.49314519134550316,0.586204326564856,0.6851785956564425,0.7899397746685932,0.9002467946405799,1.015744303224297,1.1359698519024903,1.260370179327903,1.388325699830552,1.5191809157635656,1.6522774000836984,1.7869855354826405,1.9227314790041772,2.059016761744588,2.1954292662940675,2.33164570551344,2.4674268509846984,2.6026074485707142,2.737082979929712,2.8707952665798047,3.003718509545103,3.135846858179137,3.2671841194175824,3.397735821138203
PD22,pathway,iran,Industrial,Emissions,Metal Industry,EM,Emissions,CO2e,IND,Mt,0.0,0.0,0.0,0.0,0.0,0.0,0.0,0.0,0.0,0.0,0.0,0.0,0.0,0.0,0.0,0.0,0.0,0.0,0.0,0.0,0.0,0.0,0.0,0.0,0.0,0.0,0.0,0.0,0.0,0.0,0.0,0.0011349580172499985,0.002368004711248102,0.0037049327270645,0.0051512407468563,0.006711880762430504,0.008390957320360104,0.0101913899226908,0.012114559710276591,0.014159972270974201,0.016324977715233994,0.018604594086788502,0.020991477636974704,0.023476071356535996,0.0260469414888062,0.028691283611752598,0.0313955511426853,0.0341461369597037,0.0369300293258922,0.039735369142908095,0.04255185500043439,0.04537097003712681,0.048186033167272005,0.050992100471449996,0.0537857567904391,0.056564842137294596,0.0593281541894464,0.06207515978256971,0.0648057380065947,0.06751996753605101,0.0702179626106363
PD22,pathway,iran,Industrial,Emissions,"Metal Production, Addtl Emissions",EM,Emissions,CO2e,IND,Mt,0.0,0.0,0.0,0.0,0.0,0.0,0.0,0.0,0.0,0.0,0.0,0.0,0.0,0.0,0.0,0.0,0.0,0.0,0.0,0.0,0.0,0.0,0.0,0.0,0.0,0.0,0.0,0.0,0.0,0.0,0.0,0.05064931616107815,0.10567599635230307,0.16533854662156466,0.2298823544517763,0.299528410394867,0.37445988640425165,0.454807069926614,0.5406315965808046,0.6319114024344423,0.7285282319295763,0.8302597573022881,0.9367782520268604,1.0476572192848808,1.1623864094041132,1.2803944045788498,1.4010766668974377,1.5238259567891501,1.6480616046901486,1.7732543793758473,1.8989445639402946,2.0247520798287204,2.150378772909045,2.2756040128724955,2.400275392778439,2.524296519755951,2.647613738237982,2.7702032549140867,2.8920596739790865,3.0131865064096472,3.133588850334946
PD22,pathway,iran,Industrial,Emissions,"Nitric Acid Production, Addtl Emissions",EM,Emissions,CO2e,IND,Mt,0.0,0.0,0.0,0.0,0.0,0.0,0.0,0.0,0.0,0.0,0.0,0.0,0.0,0.0,0.0,0.0,0.0,0.0,0.0,0.0,0.0,0.0,0.0,0.0,0.0,0.0,0.0,0.0,0.0,0.0,0.0,0.0432901059858386,0.09032155671562214,0.14131529799986353,0.19648106317650393,0.25600773346132133,0.3200518664128007,0.3887248190600774,0.462079271531431,0.5400963657248432,0.6226750282986564,0.7096252351184269,0.8006668774461123,0.8954354273103371,0.9934947729515646,1.0943565220429843,1.197503974414654,1.3024181207813939,1.4086026613139757,1.5156052606693022,1.6230329975783309,1.7305610178837698,1.8379344884515092,1.9449648359665588,2.0515217978091442,2.15752298673468,2.262922543186505,2.3677001309585473,2.4718511382416892,2.575378565877077,2.6782867712493528
PD22,pathway,iran,Industrial,Emissions,"Other Industrial, Addtl Emissions",EM,Emissions,CO2e,IND,Mt,0.0,0.0,0.0,0.0,0.0,0.0,0.0,0.0,0.0,0.0,0.0,0.0,0.0,0.0,0.0,0.0,0.0,0.0,0.0,0.0,0.0,0.0,0.0,0.0,0.0,0.0,0.0,0.0,0.0,0.0,0.0,0.07521553252332103,0.1569315628130643,0.24553197897525525,0.3413811877107298,0.4448073656525775,0.5560825278458896,0.6754001544879551,0.8028517760523459,0.9384046270340267,1.0818830948988283,1.2329570172195852,1.391139711706744,1.5557978196548357,1.7261736072240814,1.9014185043288934,2.0806347566775703,2.2629205979454428,2.447413718949005,2.6333281977567795,2.8199813429819494,3.006808728230159,3.1933675869742704,3.3793302775515137,3.5644704717492157,3.7486450236837277,3.931774253462912,4.113822827410994,4.294782732618996,4.47465918297725,4.653459749338237
PD22,pathway,iran,Industrial,Emissions,"Other Mineral Production, Addtl Emissions",EM,Emissions,CO2e,IND,Mt,0.0,0.0,0.0,0.0,0.0,0.0,0.0,0.0,0.0,0.0,0.0,0.0,0.0,0.0,0.0,0.0,0.0,0.0,0.0,0.0,0.0,0.0,0.0,0.0,0.0,0.0,0.0,0.0,0.0,0.0,0.0,0.0011623637421479052,0.0024251846991305975,0.0037943953904756994,0.0052756272745037025,0.006873951918303402,0.008593572980549101,0.010437480460229298,0.012407088848476404,0.0145018917946238,0.016719175422487097,0.019053837476967296,0.021498356880590798,0.024042945851893996,0.026675894544359598,0.029384089348776204,0.0321536565743907,0.034970660529405104,0.0378217752837114,0.040694855378431004,0.0435793506560565,0.04646653859939111,0.049349576795170894,0.0522234019436167,0.055084516419977095,0.0579307080803053,0.060760745569660296,0.0635740828494485,0.06637059608999621,0.0691503658655792,0.0719135091744307
PD22,pathway,iran,Industrial,Emissions,Other Product Manufacture and Use,EM,Emissions,CO2e,IND,Mt,0.0,0.0,0.0,0.0,0.0,0.0,0.0,0.0,0.0,0.0,0.0,0.0,0.0,0.0,0.0,0.0,0.0,0.0,0.0,0.0,0.0,0.0,0.0,0.0,0.0,0.0,0.0,0.0,0.0,0.0,0.0,0.09747731865297204,0.20337910856770058,0.31820287846323314,0.4424208896784867,0.5764584503534769,0.7206680847121176,0.8753005379158312,1.0404744310105598,1.2161473007780281,1.4020915580703752,1.59787932121157,1.8028798629697431,2.0162723674005933,2.2370748317119244,2.464187531766218,2.6964470020101707,2.932684577403047,3.17178272830385,3.412722920907386,3.654620405433633,3.896743700370016,4.138518992138321,4.379521665905758,4.619458406361417,4.858143700268262,5.095474284616966,5.331404367908658,5.565923565627597,5.799038634836213,6.030759387156856
PD22,pathway,iran,Industrial,Emissions,Product Uses as Substitutes for Ozone Depleting Substances,EM,Emissions,CO2e,IND,Mt,0.0,0.0,0.0,0.0,0.0,0.0,0.0,0.0,0.0,0.0,0.0,0.0,0.0,0.0,0.0,0.0,0.0,0.0,0.0,0.0,0.0,0.0,0.0,0.0,0.0,0.0,0.0,0.0,0.0,0.0,0.0,0.2498034042039876,0.5211960522329662,0.8154529009010645,1.1337842060069097,1.4772798972149719,1.846843382132418,2.243117240959206,2.666405461756309,3.1165992247836556,3.593115291348587,4.094857136631314,4.620208407085979,5.167065612178127,5.732912190682859,6.314929898961213,6.910137144372915,7.515539009643012,8.128271621283005,8.745724800685702,9.365631215204168,9.986116310075522,10.605709583369705,11.223322882148445,11.838204532440999,12.44987912274879,13.058082022780246,13.662695883469347,14.26369409260087,14.861093966379457,15.454920648876538
PD22,pathway,iran,Industrial,Emissions,"Solid Waste Disposal, Addtl Emissions",EM,Emissions,CO2e,IND,Mt,0.0,0.0,0.0,0.0,0.0,0.0,0.0,0.0,0.0,0.0,0.0,0.0,0.0,0.0,0.0,0.0,0.0,0.0,0.0,0.0,0.0,0.0,0.0,0.0,0.0,0.0,0.0,0.0,0.0,0.0,0.0,0.18084064876212658,0.37731043945703213,0.5903323539717915,0.8207825350655078,1.0694500175724153,1.336988807062606,1.6238640878301513,1.9302959265244146,2.256205545066071,2.6011707183701525,2.964397637159222,3.3447161715673817,3.7406035377313396,4.150237916745104,4.571579092184635,5.002468594075787,5.440738306316555,5.88431497958,6.331309022352293,6.780079040241162,7.229267983287495,7.677811308260251,8.124921266553933,8.570053697415569,9.012864435303838,9.453161905913488,9.890861156514195,10.32594292167489,10.758419737148195,11.188309805529098
PD22,pathway,iran,Industrial,Emissions,"Steel Production, Addtl Emissions",EM,Emissions,CO2e,IND,Mt,0.0,0.0,0.0,0.0,0.0,0.0,0.0,0.0,0.0,0.0,0.0,0.0,0.0,0.0,0.0,0.0,0.0,0.0,0.0,0.0,0.0,0.0,0.0,0.0,0.0,0.0,0.0,0.0,0.0,0.0,0.0,1.0854211098300002e-05,2.264649672249991e-05,3.543225503790004e-05,4.9264072886300004e-05,6.418930881579995e-05,8.024721680270001e-05,9.74657176079e-05,0.00011585801982100003,0.00013541939511370002,0.00015612450117380005,0.00017792569288659999,0.0002007527380523,0.00022451423787500006,0.0002491008452189,0.0002743901045416,0.0003002524626209,0.00032655778726559993,0.00035318164027019997,0.00038001060672849147,0.0004069461687390931,0.00043390687499740896,0.00046082883070438504,0.00048766475451191986,0.000514381985423996,0.000540959866329252,0.0005673868987734051,0.0005936579838204995,0.0006197719651427106,0.0006457295951468815,0.0006715319663683
PD22,pathway,iran,Industrial,Emissions,"Waste Combustion, Addtl Emissions",EM,Emissions,CO2e,IND,Mt,0.0,0.0,0.0,0.0,0.0,0.0,0.0,0.0,0.0,0.0,0.0,0.0,0.0,0.0,0.0,0.0,0.0,0.0,0.0,0.0,0.0,0.0,0.0,0.0,0.0,0.0,0.0,0.0,0.0,0.0,0.0,0.01191796779854637,0.024865945230152953,0.0389047597054929,0.054092151789320364,0.07048012136004023,0.08811176944265836,0.10701775314593442,0.1272125755545369,0.14869104494515079,0.17142533535607485,0.19536313225807317,0.22042732041097524,0.24651754356649835,0.27351373812608193,0.30128144740750185,0.32967842144747755,0.3585617745725502,0.3877948731282512,0.4172531870879057,0.446828543396143,0.47643150819047486,0.5059919247222133,0.535457877879475,0.564793505756346,0.5939761267606801,0.6229931155429402,0.6518388734508809,0.6805121308319718,0.7090137138317577,0.7373448220585241
PD22,pathway,iran,Industrial,Emissions,"Wastewater Handling, Addtl Emissions",EM,Emissions,CO2e,IND,Mt,0.0,0.0,0.0,0.0,0.0,0.0,0.0,0.0,0.0,0.0,0.0,0.0,0.0,0.0,0.0,0.0,0.0,0.0,0.0,0.0,0.0,0.0,0.0,0.0,0.0,0.0,0.0,0.0,0.0,0.0,0.0,0.3490838773614673,0.7283373073266954,1.139541958442443,1.584389083828869,2.064401788723595,2.58084252601976,3.1346092594117714,3.726126792281848,4.35524305617874,5.021143013273342,5.722294342030921,6.4564382943580565,7.2206353801621255,8.011368870146326,8.824700453622,9.656463550382234,10.502472959916844,11.358726606814477,12.22157693762523,13.087855503647656,13.954942737518241,14.820783709212911,15.683857796352388,16.54311458385103,17.397889715313088,18.247813387258315,19.09272161206171,19.932577200897533,20.767404352026293,21.59723820263909
PD22,pathway,iran,Industrial,Natural gas,Natural gas,NATGAS,Energy industry own use and Losses,CO2e,DISTLOSS,Mt,0.0,0.0,0.0,0.0,0.0,0.0,0.0,0.0,0.0,0.0,0.0,0.0,0.0,0.0,0.0,0.0,0.0,0.0,0.0,0.0,0.0,0.0,0.0,0.0,0.0,0.0,0.0,0.0,0.0,0.0,0.0,0.010484168513182401,0.021685982143102467,0.03362605770054122,0.04632211897940891,0.05978824180732151,0.07403406356703951,0.08906400652139318,0.10487658291680446,0.12146386533563414,0.13881121288327974,0.1568973368331204,0.17569476392136107,0.19517071080160442,0.21528832403720555,0.23600817728759232,0.25728986597325243,0.27909351432376106,0.30138101932406003,0.3241169001247593,0.3472686894627197,0.3708068786154385,0.3947044919223519,0.41893640849646585,0.44347856291813414,0.4683071465337405,0.4933979043964679,0.5187255891699474,0.5442636003565362,0.5699838101060267,0.5958565577929158
PD22,pathway,iran,Industrial,Natural gas,Natural gas,NATGAS,Energy industry own use and Losses,CO2e,EBLASTFUR,Mt,0.0,0.0,0.0,0.0,0.0,0.0,0.0,0.0,0.0,0.0,0.0,0.0,0.0,0.0,0.0,0.0,0.0,0.0,0.0,0.0,0.0,0.0,0.0,0.0,0.0,0.0,0.0,0.0,0.0,0.0,0.0,0.010136984250800452,0.020967848730336913,0.0325125275216917,0.044788157493611536,0.057808348351308936,0.0715824183346746,0.08611464326287394,0.101403584649434,0.11744157759392337,0.13421446603639153,0.15170166622847542,0.16987661468618848,0.18870761368684502,0.208159030198948,0.22819274348903634,0.2487696869791875,0.26985130538900143,0.29140075748847827,0.3133837373800147,0.33576885295705516,0.3585275726813193,0.38163381419387277,0.4050632884883435,0.42879272707380267,0.4527991097225197,0.4770589846926055,0.5015479407156966,0.5262402581722232,0.5511087406684788,0.5761247097934656
PD22,pathway,iran,Industrial,Natural gas,Natural gas,NATGAS,Energy industry own use and Losses,CO2e,EOILGASEX,Mt,0.0,0.0,0.0,0.0,0.0,0.0,0.0,0.0,0.0,0.0,0.0,0.0,0.0,0.0,0.0,0.0,0.0,0.0,0.0,0.0,0.0,0.0,0.0,0.0,0.0,0.0,0.0,0.0,0.0,0.0,0.0,0.5727484428609877,1.1847017232464268,1.8369861342196998,2.5305699237969215,3.2662220521811776,4.0444690080455885,4.865552378898673,5.729390889001291,6.635551464800393,7.583234276574135,8.571276324604707,9.598176748901189,10.662144600512597,11.761166582111091,12.893088839040272,14.055704075607505,15.246833884875675,16.464396705248834,17.706454223620497,18.971232758617305,20.25712025346595,21.56264303216021,22.886428744676238,24.22716270100196,25.583544238212284,26.954248312456244,28.33789566580091,29.733033117330244,31.13812404710272,32.55154809990851
PD22,pathway,iran,Industrial,Natural gas,Natural gas,NATGAS,Energy industry own use and Losses,CO2e,EREFINER,Mt,0.0,0.0,0.0,0.0,0.0,0.0,0.0,0.0,0.0,0.0,0.0,0.0,0.0,0.0,0.0,0.0,0.0,0.0,0.0,0.0,0.0,0.0,0.0,0.0,0.0,0.0,0.0,0.0,0.0,0.0,0.0,0.3009537700869007,0.6225079343009217,0.9652543094298132,1.3297016666356125,1.716254060220093,2.125188136506866,2.5566308389602277,3.0105394608030167,3.486686441192184,3.9846515052702163,4.503823548539044,5.04341393599101,5.602481603803826,6.179968653996859,6.774743331980217,7.3856458022821805,8.011531409184053,8.65130638487592,9.303952232242205,9.968536960802815,10.644213506598728,11.330207518594197,12.025797888039461,12.730293803950115,13.443011825950558,14.163255702575672,14.890300695277485,15.62338322227633,16.361695858304866,17.104387178945704
PD22,pathway,iran,Industrial,Natural gas,Natural gas,NATGAS,Final consumption,CO2e,AGRICULT,Mt,0.0,0.0,0.0,0.0,0.0,0.0,0.0,0.0,0.0,0.0,0.0,0.0,0.0,0.0,0.0,0.0,0.0,0.0,0.0,0.0,0.0,0.0,0.0,0.0,0.0,0.0,0.0,0.0,0.0,0.0,0.0,0.10973832495227054,0.22698827783401843,0.3519656558520641,0.48485597485852594,0.625806567256828,0.7749183080223832,0.9322374852051145,1.0977485264126652,1.2713684549614932,1.4529440238633007,1.6422524029340062,1.8390060281244338,2.042861754480794,2.2534338352077175,2.4703095927935825,2.693066110450044,2.9212860064603627,3.15457045462837,3.392548075099284,3.634879031378852,3.8812544541681033,4.13139198785619,4.385028690841545,4.641912669152986,4.901794716402433,5.164420954828177,5.429527119276604,5.696834780986244,5.966049524318655,6.236860889998441
PD22,pathway,iran,Industrial,Natural gas,Natural gas,NATGAS,Final consumption,CO2e,CHEMICAL,Mt,0.0,0.0,0.0,0.0,0.0,0.0,0.0,0.0,0.0,0.0,0.0,0.0,0.0,0.0,0.0,0.0,0.0,0.0,0.0,0.0,0.0,0.0,0.0,0.0,0.0,0.0,0.0,0.0,0.0,0.0,0.0,0.5676558492300501,1.1741679461134353,1.8206525692770832,2.508069357558451,3.2371804339498205,4.008507605849509,4.822290312690324,5.678448001396493,6.576551449089109,7.515807937733484,8.49506480842551,9.512834546073158,10.567342125950653,11.656592151966356,12.77844992046575,13.930727761929118,15.11126663872789,16.31800349747411,17.549017259575173,18.802550014348302,20.07700403862536,21.370918759592552,22.682934029478282,24.01174684783868,25.356068116595008,26.714584573525627,28.0859292243716,29.46866180917716,30.861259370859262,32.26211596159884
PD22,pathway,iran,Industrial,Natural gas,Natural gas,NATGAS,Final consumption,CO2e,INONSPEC,Mt,0.0,0.0,0.0,0.0,0.0,0.0,0.0,0.0,0.0,0.0,0.0,0.0,0.0,0.0,0.0,0.0,0.0,0.0,0.0,0.0,0.0,0.0,0.0,0.0,0.0,0.0,0.0,0.0,0.0,0.0,0.0,1.5001352447044525,3.102955288060741,4.8114101021575095,6.628035709558731,8.554846160790149,10.593220428111387,12.743791274371013,15.006345823214055,17.37974977404388,19.86190822329427,22.449775057286438,25.139419243124927,27.926149950696903,30.80469397792347,33.76940997680572,36.81451662728017,39.934308274334846,43.12333291901087,46.376513756923146,49.68920518497278,53.05718492510336,56.476593144357274,59.94383540146711,63.455468277515614,67.0080850931487,70.59821531080937,74.22224639612503,77.87637219661063,81.55656801737487,85.25858984520472
PD22,pathway,iran,Industrial,Oil products,Fuel oil,RESFUEL,Energy industry own use and Losses,CO2e,EREFINER,Mt,0.0,0.0,0.0,0.0,0.0,0.0,0.0,0.0,0.0,0.0,0.0,0.0,0.0,0.0,0.0,0.0,0.0,0.0,0.0,0.0,0.0,0.0,0.0,0.0,0.0,0.0,0.0,0.0,0.0,0.0,0.0,0.014910434894351066,0.0323969999351752,0.052759355047644285,0.07629472340286392,0.1032839290222316,0.1339740382999447,0.1685581112513621,0.2071531930015743,0.24977838118950224,0.29633546116903897,0.3465950232151048,0.4001909605046239,0.456625637061036,0.5152867821048034,0.5754754684475633,0.6364427090290403,0.6974306998265289,0.7577139480494056,0.816635660656398,0.8736357704635884,0.9282685467127487,0.9802094549249892,1.0292524065483342,1.0752995218254044,1.1183459475283997,1.1584622013896129,1.1957761159930707,1.2304559000332231,1.2626952661138868,1.2927010827343846
PD22,pathway,iran,Industrial,Oil products,Fuel oil,RESFUEL,Final consumption,CO2e,AGRICULT,Mt,0.0,0.0,0.0,0.0,0.0,0.0,0.0,0.0,0.0,0.0,0.0,0.0,0.0,0.0,0.0,0.0,0.0,0.0,0.0,0.0,0.0,0.0,0.0,0.0,0.0,0.0,0.0,0.0,0.0,0.0,0.0,0.0003320121282480992,0.0007213872012148022,0.0011747977760864017,0.0016988621506057976,0.0022998334610272,0.0029832131591821,0.0037533001315236993,0.004612700633426701,0.005561839913905499,0.006598531017722901,0.007717665655844998,0.008911091691438701,0.010167728215004201,0.011473941732547602,0.012814169163250299,0.0141717327381759,0.0155297583602133,0.016872091409651603,0.0181841070108921,0.019453334092567002,0.020669847523805497,0.0218264208632739,0.0229184651168057,0.0239438007861641,0.024902319804046,0.0257955923957695,0.0266264650221243,0.0273986832027434,0.0281165603553317,0.0287847028412204
PD22,pathway,iran,Industrial,Oil products,Fuel oil,RESFUEL,Final consumption,CO2e,INONSPEC,Mt,0.0,0.0,0.0,0.0,0.0,0.0,0.0,0.0,0.0,0.0,0.0,0.0,0.0,0.0,0.0,0.0,0.0,0.0,0.0,0.0,0.0,0.0,0.0,0.0,0.0,0.0,0.0,0.0,0.0,0.0,0.0,0.07228604643386927,0.15706121640485105,0.2557782664166197,0.36987813954695525,0.5007222755120306,0.6495084564670703,0.8171726407079714,1.0042822650269634,1.21092991510807,1.4366394446470863,1.680298671326264,1.9401327029308484,2.213728991633514,2.4981192380980364,2.7899150312183685,3.085485268763026,3.3811561037140505,3.673410334465844,3.9590638169867147,4.235401335875532,4.5002619807018025,4.752072402694913,4.989833480987953,5.213070692823072,5.421760509667894,5.616244802709084,5.797143306526489,5.965271499782125,6.121568504532014,6.267037222841313
PD22,pathway,iran,Industrial,Oil products,Gas/diesel oil excl. biofuels,NONBIODIES,Energy industry own use and Losses,CO2e,EREFINER,Mt,0.0,0.0,0.0,0.0,0.0,0.0,0.0,0.0,0.0,0.0,0.0,0.0,0.0,0.0,0.0,0.0,0.0,0.0,0.0,0.0,0.0,0.0,0.0,0.0,0.0,0.0,0.0,0.0,0.0,0.0,0.0,0.008222443925094969,0.01786550943656323,0.02909444570042652,0.042073158120851495,0.05695650869784824,0.07388074359636504,0.0929523268573042,0.11423580367901737,0.13774170556284854,0.1634158714849263,0.19113179215067316,0.22068757587519372,0.2518087984756011,0.2841578197564621,0.31734921235400304,0.3509699431040431,0.3846021166784411,0.41784565596132145,0.45033836870339705,0.4817714026782447,0.5118989571301389,0.5405420656792711,0.5675870796242959,0.5929800226176317,0.6167182183192704,0.6388405541328073,0.6594175240620315,0.6785418877459236,0.6963204690989933,0.7128673469289757
PD22,pathway,iran,Industrial,Oil products,Gas/diesel oil excl. biofuels,NONBIODIES,Final consumption,CO2e,AGRICULT,Mt,0.0,0.0,0.0,0.0,0.0,0.0,0.0,0.0,0.0,0.0,0.0,0.0,0.0,0.0,0.0,0.0,0.0,0.0,0.0,0.0,0.0,0.0,0.0,0.0,0.0,0.0,0.0,0.0,0.0,0.0,0.0,0.19994945831034983,0.4344449128290009,0.7075048137312674,1.0231149342344317,1.3850411343792608,1.7965965832340114,2.2603702224201747,2.7779316311972213,3.3495369095772674,3.9738689956887754,4.6478514970196905,5.3665749081480225,6.123365913060265,6.9100139389880795,7.717146347661537,8.534719196161193,9.352570305790113,10.160970792614222,10.951113038763587,11.715486523530034,12.448113981710268,13.144643394485476,13.802311107098182,14.41980454854654,14.997058636874407,15.53501901736131,16.03539992947184,16.500457057736803,16.932788095011908,17.3351671551761
PD22,pathway,iran,Industrial,Oil products,Gas/diesel oil excl. biofuels,NONBIODIES,Final consumption,CO2e,INONSPEC,Mt,0.0,0.0,0.0,0.0,0.0,0.0,0.0,0.0,0.0,0.0,0.0,0.0,0.0,0.0,0.0,0.0,0.0,0.0,0.0,0.0,0.0,0.0,0.0,0.0,0.0,0.0,0.0,0.0,0.0,0.0,0.0,0.20937395122814983,0.45492220263379046,0.7408526115331053,1.071338818076228,1.45032418376646,1.881278041828173,2.3669113620302724,2.90886770477095,3.507415241176563,4.161174830486313,4.8669250763472185,5.6195250668635435,6.411986943436663,7.235713133075482,8.080889224055216,8.936997858475888,9.793397869690468,10.639901808893004,11.467286916642577,12.267688668525178,13.034848064672895,13.764207956576234,14.452874426335685,15.099473035734459,15.703935635219047,16.267252442468994,16.79121849655609,17.278195802293617,17.730904493168662,18.152249439186384
PD22,pathway,iran,Industrial,Oil products,Liquified petroleum gases (LPG),LPG,Energy industry own use and Losses,CO2e,EREFINER,Mt,0.0,0.0,0.0,0.0,0.0,0.0,0.0,0.0,0.0,0.0,0.0,0.0,0.0,0.0,0.0,0.0,0.0,0.0,0.0,0.0,0.0,0.0,0.0,0.0,0.0,0.0,0.0,0.0,0.0,0.0,0.0,0.009872241944288707,0.021450147087951676,0.03493212113164501,0.050514956394130284,0.06838458726985341,0.08870459713093592,0.11160281157031993,0.13715672650287858,0.1653789865304176,0.19620456345250442,0.22948156442856132,0.26496758907520124,0.302333151177193,0.34117286448565565,0.3810239672935117,0.42139055310812323,0.4617708777005989,0.5016845902019905,0.5406968260455243,0.5784367631335299,0.6146092818455251,0.6489995069671012,0.6814709866736479,0.7119589144955266,0.740460077096613,0.7670211644708286,0.7917268149407167,0.8146883999679772,0.8360341772262504,0.8559011149455349
PD22,pathway,iran,Industrial,Oil products,Liquified petroleum gases (LPG),LPG,Final consumption,CO2e,INONSPEC,Mt,0.0,0.0,0.0,0.0,0.0,0.0,0.0,0.0,0.0,0.0,0.0,0.0,0.0,0.0,0.0,0.0,0.0,0.0,0.0,0.0,0.0,0.0,0.0,0.0,0.0,0.0,0.0,0.0,0.0,0.0,0.0,0.000325946582969798,0.0007082081443073006,0.0011533353399359007,0.0016678255576038012,0.0022578176947234997,0.002928712696842299,0.0036847309138537017,0.0045284309873296,0.005460230397389899,0.0064779821423862,0.0075766712568585,0.008748294535747601,0.009981973507212999,0.011264323748207999,0.0125800665005736,0.013912828682322902,0.015246044470023699,0.0165638543734766,0.0178519006996271,0.0190979402117002,0.020292229101510698,0.0214276729479232,0.022499766593323,0.0235063703568298,0.024447378145426798,0.0253243314979118,0.0261400248729475,0.026898135363091498,0.027602897584016697,0.0282588337432211
PD22,pathway,iran,Industrial,Oil products,Motor gasoline excl. biofuels,NONBIOGASO,Final consumption,CO2e,AGRICULT,Mt,0.0,0.0,0.0,0.0,0.0,0.0,0.0,0.0,0.0,0.0,0.0,0.0,0.0,0.0,0.0,0.0,0.0,0.0,0.0,0.0,0.0,0.0,0.0,0.0,0.0,0.0,0.0,0.0,0.0,0.0,0.0,8.637960216659971e-05,0.00018768332282869966,0.0003056471613253004,0.00044199300031480017,0.0005983477183839,0.0007761426283675998,0.0009764961716420004,0.0012000864177209,0.0014470240036491,0.0017167399492380997,0.0020079052308257994,0.0023183989068062995,0.0026453380567295006,0.0029851756541856,0.0033338626521207,0.0036870599950513,0.004040377548788601,0.004389612365593,0.0047309594912826,0.0050611743269655,0.0053776746511411,0.005678580360420401,0.0059626975360975,0.0062294591380721,0.0064788370504715,0.0067112397988487,0.006927407946965399,0.0071283159667408,0.0073150860801468,0.0074889167243049
PD22,pathway,iran,Industrial,Oil products,Motor gasoline excl. biofuels,NONBIOGASO,Final consumption,CO2e,INONSPEC,Mt,0.0,0.0,0.0,0.0,0.0,0.0,0.0,0.0,0.0,0.0,0.0,0.0,0.0,0.0,0.0,0.0,0.0,0.0,0.0,0.0,0.0,0.0,0.0,0.0,0.0,0.0,0.0,0.0,0.0,0.0,0.0,0.0032089973494893176,0.006972424859503695,0.011354774807594697,0.016420015037426516,0.022228583996752205,0.028833654876678716,0.03627677771125751,0.04458314274469319,0.053756860136958295,0.06377679230613331,0.07459356609811871,0.08612838865186082,0.0982741596352025,0.11089910721703189,0.1238528095276422,0.13697407090049202,0.1500997980980247,0.1630738518487376,0.17575487831932352,0.18802234084391922,0.1997803100393865,0.2109589401708455,0.2215138772257043,0.2314240556962016,0.24068843107925872,0.2493221800761339,0.2573528145888087,0.2648165361941306,0.27175503537508067,0.2782128340031355
PD22,pathway,iran,Industrial,Oil products,Other kerosene,OTHKERO,Final consumption,CO2e,AGRICULT,Mt,0.0,0.0,0.0,0.0,0.0,0.0,0.0,0.0,0.0,0.0,0.0,0.0,0.0,0.0,0.0,0.0,0.0,0.0,0.0,0.0,0.0,0.0,0.0,0.0,0.0,0.0,0.0,0.0,0.0,0.0,0.0,0.0008337511913077966,0.0018115526127936016,0.0029501604369883,0.0042661945797259,0.005775357960743299,0.007491465864568003,0.009425313685092897,0.0115834462691434,0.0139669315050346,0.0165702774953959,0.0193806562688809,0.022377596122146,0.025533270597328794,0.0288134431684353,0.032179031717468096,0.0355881549137884,0.0389984384060653,0.0423693145996744,0.045664057404164106,0.0488513493774133,0.0519062664609818,0.054810661564572705,0.057553010773763506,0.06012784091725509,0.0625348806156754,0.0647780730298862,0.06686456621223981,0.0688037659379788,0.07060650409197759,0.0722843482012048
PD22,pathway,iran,Industrial,Oil products,Other kerosene,OTHKERO,Final consumption,CO2e,INONSPEC,Mt,0.0,0.0,0.0,0.0,0.0,0.0,0.0,0.0,0.0,0.0,0.0,0.0,0.0,0.0,0.0,0.0,0.0,0.0,0.0,0.0,0.0,0.0,0.0,0.0,0.0,0.0,0.0,0.0,0.0,0.0,0.0,0.004130710147861483,0.008975098133669923,0.014616180200920814,0.02113629752730381,0.028613248154470305,0.03711547808476279,0.04669647167126928,0.05738865449308278,0.06919731726180511,0.08209525109733201,0.09601890151006498,0.11086684414987638,0.12650121650686047,0.14275239823525332,0.1594267621437588,0.1763168127117963,0.1932126118128888,0.20991317265800738,0.22623654068312743,0.2420275577579536,0.25716274092714153,0.2715521828288483,0.2851387897512516,0.29789544559009645,0.3098208058321304,0.3209344063469943,0.331271661215887,0.340879170109848,0.349810598171713,0.3581232551859039
PD22,pathway,iran,Industrial,Oil products,Other oil products,ONONSPEC,Final consumption,CO2e,ONONSPEC,Mt,0.0,0.0,0.0,0.0,0.0,0.0,0.0,0.0,0.0,0.0,0.0,0.0,0.0,0.0,0.0,0.0,0.0,0.0,0.0,0.0,0.0,0.0,0.0,0.0,0.0,0.0,0.0,0.0,0.0,0.0,0.0,0.1837394738069431,0.3987964974519649,0.6487723008970345,0.9372275662939007,1.2675119156207764,1.6425526927508418,2.0646094284435907,2.5350079565697605,3.05387665863387,3.619915168545413,4.230230825425259,4.880277761904896,5.563925899266547,6.273671990813112,7.000984173403101,7.736749433413697,8.471775336652724,9.197288110016288,9.90537115656468,10.589300533687975,11.243753140121134,11.864884234479973,12.450288722847958,12.998872410256425,13.510664289837715,13.986599917671615,14.428300944120833,14.837869056972535,15.217705655426462,15.570362610358004
PD22,pathway,iran,Industrial,Oil products,Refinery gas,REFINGAS,Energy industry own use and Losses,CO2e,EREFINER,Mt,0.0,0.0,0.0,0.0,0.0,0.0,0.0,0.0,0.0,0.0,0.0,0.0,0.0,0.0,0.0,0.0,0.0,0.0,0.0,0.0,0.0,0.0,0.0,0.0,0.0,0.0,0.0,0.0,0.0,0.0,0.0,0.1736985865391878,0.35928690398620766,0.5571065255318262,0.7674510937235164,0.9905538126878763,1.2265743517168817,1.4755859775461788,1.7375640415168574,2.0123772045306296,2.2997829005990784,2.599428424429594,2.9108586071565776,3.2335303040447947,3.5668329383140023,3.9101133060767275,4.262701996273596,4.623938358996964,4.993191114822986,5.369872427588932,5.753444389333003,6.143418108314965,6.539346659811605,6.940813848436704,7.3474209654732405,7.758773556227414,8.17446977195238,8.594091322286287,9.01719749809364,9.443322285515803,9.8719742761288
PD22,pathway,iran,Industrial,Oil products,Refinery gas,REFINGAS,Final consumption,CO2e,CHEMICAL,Mt,0.0,0.0,0.0,0.0,0.0,0.0,0.0,0.0,0.0,0.0,0.0,0.0,0.0,0.0,0.0,0.0,0.0,0.0,0.0,0.0,0.0,0.0,0.0,0.0,0.0,0.0,0.0,0.0,0.0,0.0,0.0,0.015272844489335857,0.03159112069342207,0.04898486221430609,0.06747988824287632,0.08709670378398582,0.10784934812439328,0.1297442634089775,0.15277928234817162,0.17694285665212806,0.20221365815293602,0.22856067443309785,0.2559438837317043,0.28431552880880456,0.31362192330805516,0.34380563278745996,0.37480779775246076,0.4065703290527521,0.4390377200048211,0.4721582837729967,0.5058847235725805,0.5401740524819769,0.5749869736253042,0.6102868920737409,0.6460387504537466,0.6822078654364785,0.7187589035541115,0.7556550856723114,0.7928576614349266,0.8303256555102941,0.8680158596916593
PD22,pathway,iran,Residential,Coal,Other bituminous coal,BITCOAL,Final consumption,CO2e,RESIDENT,Mt,0.0,0.0,0.0,0.0,0.0,0.0,0.0,0.0,0.0,0.0,0.0,0.0,0.0,0.0,0.0,0.0,0.0,0.0,0.0,0.0,0.0,0.0,0.0,0.0,0.0,0.0,0.0,0.0,0.0,0.0,0.0,0.0007776725328277959,0.001584969758662503,0.002421943128746905,0.0032884440901881987,0.004184092008564403,0.005108242889852396,0.006059961638981301,0.007038001317157604,0.008040793320781003,0.009066452355945002,0.0101127992909694,0.011177403305082802,0.012257642289722405,0.013350777549399902,0.014454036096439603,0.0155646919606868,0.0166801375490404,0.017797937441264497,0.0189158598576573,0.020031884701868403,0.021144190679204502,0.0222511267196702,0.0233511743299818,0.024442907511998298,0.025524955812836,0.0265959743868933,0.027654623125809,0.028699555304624702,0.029729414994751197,0.0307428417545118
PD22,pathway,iran,Residential,Emissions,Addtl Emissions,EM,Emissions,CO2e,IND,Mt,0.0,0.0,0.0,0.0,0.0,0.0,0.0,0.0,0.0,0.0,0.0,0.0,0.0,0.0,0.0,0.0,0.0,0.0,0.0,0.0,0.0,0.0,0.0,0.0,0.0,0.0,0.0,0.0,0.0,0.0,0.0,0.04055285538904041,0.08400508528572814,0.13045791233965454,0.17998689421838643,0.23263310831234896,0.2883937413216602,0.34721279412186146,0.4089729010999479,0.47348950069784834,0.5405086958313632,0.6097100195267295,0.680714907933712,0.7531009776269477,0.8264212961290429,0.9002269060493464,0.9740901494078411,1.0476260527647083,1.1205092843040392,1.1924849350415592,1.2633724178256007,1.3330628544977983,1.4015111869472636,1.468724749709267,1.5347501508602504,1.5996600972695034,1.663541396671897,1.726484902937856,1.7885777422533258,1.8498978234681671,1.9105104132734085
PD22,pathway,iran,Residential,Natural gas,Natural gas,NATGAS,Final consumption,CO2e,RESIDENT,Mt,0.0,0.0,0.0,0.0,0.0,0.0,0.0,0.0,0.0,0.0,0.0,0.0,0.0,0.0,0.0,0.0,0.0,0.0,0.0,0.0,0.0,0.0,0.0,0.0,0.0,0.0,0.0,0.0,0.0,0.0,0.0,2.3893760695233226,4.931076478773207,7.628727976365909,10.484776503282191,13.500169733173436,16.674028120716002,20.00333033247692,23.482648122611096,27.103972960342006,30.856679301048047,34.72766445183247,38.7016904451636,42.76192910539982,46.89068041487381,51.070202271543074,55.2835646112002,59.515430041346825,63.752670809809835,67.98475722919255,72.20388961486238,76.40488529318856,80.5848652646538,84.74280550154589,88.8790237185399,92.9946657873977,97.09124116211723,101.17023866420908,105.23283680579159,109.27970902147558,113.31091472167913
PD22,pathway,iran,Residential,Oil products,Fuel oil,RESFUEL,Final consumption,CO2e,RESIDENT,Mt,0.0,0.0,0.0,0.0,0.0,0.0,0.0,0.0,0.0,0.0,0.0,0.0,0.0,0.0,0.0,0.0,0.0,0.0,0.0,0.0,0.0,0.0,0.0,0.0,0.0,0.0,0.0,0.0,0.0,0.0,0.0,0.00027278574348159855,0.0005798238503568996,0.0009236568271371991,0.001306390587201299,0.001729474334054501,0.002193457671835401,0.002697742449571199,0.0032403550219117,0.0038177715833903995,0.004424832642998,0.0050547800243722005,0.0056994391873889,0.0063495511267150995,0.006995234140964499,0.007626531446621401,0.008233982318662101,0.008809147719534099,0.0093450287047545,0.0098363355010379,0.010279591612894101,0.0106730836222166,0.0110166874703976,0.011311612699423601,0.0115601073172731,0.011765159959737901,0.011930226158457801,0.0120589948671447,0.012155202074964198,0.0122224913871976,0.0122643170426449
PD22,pathway,iran,Residential,Oil products,Gas/diesel oil excl. biofuels,NONBIODIES,Final consumption,CO2e,RESIDENT,Mt,0.0,0.0,0.0,0.0,0.0,0.0,0.0,0.0,0.0,0.0,0.0,0.0,0.0,0.0,0.0,0.0,0.0,0.0,0.0,0.0,0.0,0.0,0.0,0.0,0.0,0.0,0.0,0.0,0.0,0.0,0.0,0.013761312456193053,0.029250565196247358,0.046596020885488865,0.0659039172313668,0.08724736268154032,0.11065408329742588,0.13609390395943521,0.16346725952903207,0.19259638342852148,0.22322099311166044,0.25500015662442044,0.287521490242504,0.3203179018671958,0.35289088604641616,0.3847381496351178,0.4153824243147598,0.44439798317194673,0.4714317481437873,0.4962168642910474,0.5185779516980308,0.5384285729958713,0.5557624697590224,0.5706406601513845,0.5831765501735842,0.5935209085220527,0.601848057542195,0.6083440950997441,0.6131974918735101,0.6165920580219718,0.6187020506702305
PD22,pathway,iran,Residential,Oil products,Liquified petroleum gases (LPG),LPG,Final consumption,CO2e,RESIDENT,Mt,0.0,0.0,0.0,0.0,0.0,0.0,0.0,0.0,0.0,0.0,0.0,0.0,0.0,0.0,0.0,0.0,0.0,0.0,0.0,0.0,0.0,0.0,0.0,0.0,0.0,0.0,0.0,0.0,0.0,0.0,0.0,0.18795475313054233,0.39951005966115893,0.6364177566839935,0.9001288600189383,1.1916418994410805,1.5113355630330698,1.8587977129867586,2.232668468760699,2.6305198589435967,3.048796892550465,3.482843052882214,3.9270259206952467,4.37496585884501,4.819854180334675,5.2548304651005955,5.673376087156049,6.069676383316615,6.43890894290324,6.77742900787522,7.0828412043273605,7.353964953417479,7.590714776319889,7.793924071300118,7.965141760157539,8.10642707185071,8.220160935778619,8.308885113748028,8.375173775920452,8.421537438140204,8.450356139014358
PD22,pathway,iran,Residential,Oil products,Other kerosene,OTHKERO,Final consumption,CO2e,RESIDENT,Mt,0.0,0.0,0.0,0.0,0.0,0.0,0.0,0.0,0.0,0.0,0.0,0.0,0.0,0.0,0.0,0.0,0.0,0.0,0.0,0.0,0.0,0.0,0.0,0.0,0.0,0.0,0.0,0.0,0.0,0.0,0.0,0.1407759470907779,0.2992284370804388,0.47666957579066427,0.674186157372116,0.8925260691351333,1.1319729440956383,1.392218095778257,1.6722429893070991,1.970229102036468,2.2835137866298387,2.608609365667295,2.9412972219538878,3.2767990806859117,3.610015313657864,3.935807545192541,4.249293399442953,4.546117760599759,4.8226686985611735,5.076216331498991,5.304966551924446,5.508035119870977,5.685358012681841,5.837559436067085,5.965799514629271,6.071620587160526,6.156805942380696,6.223259330632169,6.27290877574209,6.307634625186553,6.32921950049251
PD22,pathway,iran,Transportation,Emissions,"Other Transport, Addtl Emissions",EM,Emissions,CO2e,IND,Mt,0.0,0.0,0.0,0.0,0.0,0.0,0.0,0.0,0.0,0.0,0.0,0.0,0.0,0.0,0.0,0.0,0.0,0.0,0.0,0.0,0.0,0.0,0.0,0.0,0.0,0.0,0.0,0.0,0.0,0.0,0.0,2.6373334004530305e-05,5.772595275038402e-05,9.452748570827618e-05,0.00013723354547492657,0.0001862635729680197,0.00024197408512081518,0.0003046283280383872,0.0003743642719646555,0.00045116389016221594,0.0005348275349787949,0.0006249576824810495,0.0007209560743571795,0.0008220371485103137,0.0009272586326572589,0.0010355675742483072,0.0011458574466059264,0.0012570299670390606,0.001368054435590738,0.0014780179801889169,0.001586161893702084,0.0016919017563902885,0.0017948316053920516,0.0018947144828490598,0.001991462947717627,0.002085113528673627,0.0021757987911977003,0.0022637199555261356,0.0023491220980832533,0.002432273099386903,0.0025134467853980807
PD22,pathway,iran,Transportation,Emissions,"Road Transport, Addtl Emissions",EM,Emissions,CO2e,IND,Mt,0.0,0.0,0.0,0.0,0.0,0.0,0.0,0.0,0.0,0.0,0.0,0.0,0.0,0.0,0.0,0.0,0.0,0.0,0.0,0.0,0.0,0.0,0.0,0.0,0.0,0.0,0.0,0.0,0.0,0.0,0.0,0.6280368019921454,1.3746469350883856,2.251013838995661,3.2679871650429178,4.435555196568885,5.762207787549016,7.254213703314598,8.914858474274844,10.743712823853677,12.736022477409705,14.882321067900847,17.168362075078573,19.57543865258646,22.081112163313026,24.660308304855604,27.286676996650236,29.934064474858975,32.57792634534829,35.1965240878028,37.771790361916594,40.28980818986388,42.74091024566192,45.11945377456039,47.42335651447904,49.65348833468286,51.81300606019001,53.906701414097334,55.94041048120931,57.92051238763971,59.85352784027824
PD22,pathway,iran,Transportation,Natural gas,Natural gas,NATGAS,Final consumption,CO2e,HEAVYROAD,Mt,0.0,0.0,0.0,0.0,0.0,0.0,0.0,0.0,0.0,0.0,0.0,0.0,0.0,0.0,0.0,0.0,0.0,0.0,0.0,0.0,0.0,0.0,0.0,0.0,0.0,0.0,0.0,0.0,0.0,0.0,0.0,0.19841983564978616,0.47107071399786093,0.8224165427665842,1.2568469155191089,1.7785832284844236,2.391568332554492,3.0993429244703457,3.904914890488884,4.810631152278203,5.81806462251919,6.927930793716742,8.140048297154483,9.453354719825995,10.86598287062176,12.375394232974653,13.9785571326833,15.672149359135195,17.452760675270092,19.31707105715873,21.261985514602316,23.28471456689436,25.38279873007953,27.554083563225014,29.796657421616068,32.108766522581,34.48872155609543,36.93480771234631,39.445206648779276,42.01793543825151,44.65080450496711
PD22,pathway,iran,Transportation,Natural gas,Natural gas,NATGAS,Final consumption,CO2e,LIGHTROAD,Mt,0.0,0.0,0.0,0.0,0.0,0.0,0.0,0.0,0.0,0.0,0.0,0.0,0.0,0.0,0.0,0.0,0.0,0.0,0.0,0.0,0.0,0.0,0.0,0.0,0.0,0.0,0.0,0.0,0.0,0.0,0.0,0.19358032746320752,0.45958118438815987,0.8023576026991037,1.226192112701563,1.735203149740899,2.333237397614141,3.023749194605216,3.8096730638915997,4.69329868514947,5.676160607335797,6.75895687191878,7.941510533809254,9.222785092513174,10.600958898167582,12.073555349243561,13.637616714812982,15.289901813790438,17.02708358562937,18.84592298259389,20.74340050205105,22.716794699409142,24.763706078126376,26.882032744609784,29.06990967962544,31.3256258756888,33.64753322545898,36.03395874375252,38.48312843783347,40.99310774463563,43.56176049265085
PD22,pathway,iran,Transportation,Natural gas,Natural gas,NATGAS,Final consumption,CO2e,MEDIUMROAD,Mt,0.0,0.0,0.0,0.0,0.0,0.0,0.0,0.0,0.0,0.0,0.0,0.0,0.0,0.0,0.0,0.0,0.0,0.0,0.0,0.0,0.0,0.0,0.0,0.0,0.0,0.0,0.0,0.0,0.0,0.0,0.0,0.05323459005238229,0.12638482570674414,0.2206483407422537,0.33720283099293,0.47718086617874844,0.6416402843438886,0.831531028516435,1.0476600925701893,1.2906571384161052,1.5609441670173436,1.8587131397776653,2.183915396797546,2.536265900441122,2.915263696996083,3.3202277210419817,3.75034459657357,4.204722998792371,4.682447986048077,5.18262882021332,5.70443513806404,6.247118542337515,6.810019171484756,7.392559004767692,7.994225161896998,8.614547115814423,9.25307163700122,9.909338654531945,10.582860320404208,11.2731046297748,11.979484135478986
PD22,pathway,iran,Transportation,Natural gas,Natural gas,NATGAS,Final consumption,CO2e,PIPELINE,Mt,0.0,0.0,0.0,0.0,0.0,0.0,0.0,0.0,0.0,0.0,0.0,0.0,0.0,0.0,0.0,0.0,0.0,0.0,0.0,0.0,0.0,0.0,0.0,0.0,0.0,0.0,0.0,0.0,0.0,0.0,0.0,0.027736529781171138,0.06584960039429033,0.11496320847294017,0.17569096249125904,0.2486229591088891,0.3343103579456792,0.4332481026663213,0.545856656912816,0.6724640900161771,0.813290274849868,0.9684352280231436,1.1378735965324238,1.3214568687639603,1.518924035521536,1.7299202449823299,1.954021708257003,2.1907640232191667,2.4396704827821925,2.700276990489759,2.9721509066940235,3.2549022980275053,3.5481873604055476,3.8517049308174123,4.165187786027134,4.488390769873065,4.821077738636774,5.163008984058785,5.513930325339858,5.873564574881425,6.241605658272774
PD22,pathway,iran,Transportation,Natural gas,Natural gas,NATGAS,Final consumption,CO2e,TTROAD,Mt,0.0,0.0,0.0,0.0,0.0,0.0,0.0,0.0,0.0,0.0,0.0,0.0,0.0,0.0,0.0,0.0,0.0,0.0,0.0,0.0,0.0,0.0,0.0,0.0,0.0,0.0,0.0,0.0,0.0,0.0,0.0,0.03871606549264106,0.09191623687763184,0.1604715205398206,0.24523842254031303,0.3470406299481805,0.46664747952282815,0.6047498389210437,0.7619346127783189,0.9386597370298948,1.1352321214671597,1.351791374383756,1.5883021067618524,1.844557018502634,2.1201917796335157,2.4147110698487135,2.7275233429625954,3.0579803627580895,3.4054167171258753,3.769184596518779,4.1486801004102105,4.54335893988183,4.952741215625277,5.376406548921957,5.813981935925089,6.265125175137761,6.729506645091795,7.206791748750505,7.696625687566695,8.198621548927129,8.712352098530172
PD22,pathway,iran,Transportation,Oil products,Fuel oil,RESFUEL,Final consumption,CO2e,MARBUNK,Mt,0.0,0.0,0.0,0.0,0.0,0.0,0.0,0.0,0.0,0.0,0.0,0.0,0.0,0.0,0.0,0.0,0.0,0.0,0.0,0.0,0.0,0.0,0.0,0.0,0.0,0.0,0.0,0.0,0.0,0.0,0.0,0.08461947322191854,0.1827086283260666,0.295710842779517,0.42502239771940076,0.571916431242272,0.737450905007865,0.922364098150493,1.126964410847564,1.3510247752438218,1.5936950049641578,1.8534469886192415,2.128066742327741,2.4147033118768726,2.7099774243053867,3.0101436856670896,3.3112909495206413,3.6095585535448844,3.901343337078665,4.183474472355401,4.453339498182837,4.708953717432404,4.948974044059627,5.172665530098552,5.379833085886179,5.570732199316553,5.745971352925734,5.906416258028664,6.05310288909518,6.187163302621588,6.309765767061653
PD22,pathway,iran,Transportation,Oil products,Fuel oil,RESFUEL,Final consumption,CO2e,TRNONSPE,Mt,0.0,0.0,0.0,0.0,0.0,0.0,0.0,0.0,0.0,0.0,0.0,0.0,0.0,0.0,0.0,0.0,0.0,0.0,0.0,0.0,0.0,0.0,0.0,0.0,0.0,0.0,0.0,0.0,0.0,0.0,0.0,0.0004039645587768023,0.000872231977063799,0.001411692788676002,0.0020290126944502995,0.002730269523164002,0.003520513873677602,0.0044032702137457025,0.005380010813719801,0.006449651675290002,0.007608134097180599,0.0088481630346504,0.0101591691590599,0.0115275423116975,0.0129371501951286,0.0143701126884386,0.0158077583855515,0.0172316568863265,0.01862460707675,0.019971471755053698,0.0212597793033856,0.0224800549842023,0.023625887044503,0.0246937669191846,0.0256827632704989,0.0265940957710634,0.0274306692531803,0.0281966165325721,0.0288968832435434,0.029536873705994098,0.0301221651119402
PD22,pathway,iran,Transportation,Oil products,Gas/diesel oil excl. biofuels,NONBIODIES,Final consumption,CO2e,HEAVYROAD,Mt,0.0,0.0,0.0,0.0,0.0,0.0,0.0,0.0,0.0,0.0,0.0,0.0,0.0,0.0,0.0,0.0,0.0,0.0,0.0,0.0,0.0,0.0,0.0,0.0,0.0,0.0,0.0,0.0,0.0,0.0,0.0,0.517670620252467,1.117743769250172,1.809049496155417,2.6001297322138868,3.49877306512316,4.511451712775166,5.642682193683086,6.894351185996129,8.265069572611655,9.749636227933156,11.338702732021297,13.01872475086589,14.772261201706147,16.578638943204194,18.414945041334388,20.257252549649362,22.08194336486526,23.866974683555082,25.592948554938253,27.243882908289287,28.80763610109451,30.275991629998064,31.644453355342037,32.911827790769124,34.0796779166613,35.151726203980125,36.13326875415836,37.03064327559744,37.85077527097768,38.600811774333366
PD22,pathway,iran,Transportation,Oil products,Gas/diesel oil excl. biofuels,NONBIODIES,Final consumption,CO2e,LIGHTROAD,Mt,0.0,0.0,0.0,0.0,0.0,0.0,0.0,0.0,0.0,0.0,0.0,0.0,0.0,0.0,0.0,0.0,0.0,0.0,0.0,0.0,0.0,0.0,0.0,0.0,0.0,0.0,0.0,0.0,0.0,0.0,0.0,0.5050445075633796,1.0904817260977246,1.7649263377126019,2.5367119338672133,3.4134371367055287,4.401416305146498,5.505055798715212,6.726196279020623,8.063482509865032,9.51184022237381,11.062149006850042,12.701194878893563,14.411962148005994,16.17428189580897,17.965800040326233,19.763173219170106,21.54335938035636,23.284853349809843,24.968730297500734,26.579397959306633,28.105010830336116,29.537552809754217,30.872637419845898,32.1091002836772,33.24846626015737,34.2943670282733,35.25196951625206,36.127456854241395,36.927585630222126,37.65932856032524
PD22,pathway,iran,Transportation,Oil products,Gas/diesel oil excl. biofuels,NONBIODIES,Final consumption,CO2e,MARBUNK,Mt,0.0,0.0,0.0,0.0,0.0,0.0,0.0,0.0,0.0,0.0,0.0,0.0,0.0,0.0,0.0,0.0,0.0,0.0,0.0,0.0,0.0,0.0,0.0,0.0,0.0,0.0,0.0,0.0,0.0,0.0,0.0,0.019390978921250523,0.04186860335693576,0.06776363053082113,0.09739602530521796,0.13105753369382867,0.16899059294498708,0.21136438344455977,0.2582495766480848,0.30959413881170406,0.36520324544111227,0.4247267221070483,0.48765722324069427,0.5533414383103176,0.6210049898793096,0.6897896020414617,0.7587990158706164,0.8271485411312842,0.8940124953916322,0.9586642674823448,1.020505198749771,1.0790804858405014,1.1340823538159037,1.1853423856441383,1.2328158755453291,1.2765613698585097,1.3167183054246505,1.353485064356294,1.387099045426354,1.4178196650885355,1.4459146379491656
PD22,pathway,iran,Transportation,Oil products,Gas/diesel oil excl. biofuels,NONBIODIES,Final consumption,CO2e,MEDIUMROAD,Mt,0.0,0.0,0.0,0.0,0.0,0.0,0.0,0.0,0.0,0.0,0.0,0.0,0.0,0.0,0.0,0.0,0.0,0.0,0.0,0.0,0.0,0.0,0.0,0.0,0.0,0.0,0.0,0.0,0.0,0.0,0.0,0.13888723957993143,0.299882474676874,0.48535474287096747,0.6975957818134848,0.938695212594018,1.2103894839152876,1.513890344646681,1.8497039767306722,2.2174576902128837,2.6157560611527977,3.0420909768837605,3.4928285916957282,3.9632895907016517,4.447927521347467,4.940595011089714,5.4348726352717796,5.924423829597997,6.403334671197706,6.8664008318127,7.309334438809323,7.728877978342431,8.122827022682408,8.489975290457622,8.83000257801123,9.143328221543275,9.43095093277516,9.694291616969318,9.935050634916388,10.155086048311086,10.35631535408944
PD22,pathway,iran,Transportation,Oil products,Gas/diesel oil excl. biofuels,NONBIODIES,Final consumption,CO2e,PIPELINE,Mt,0.0,0.0,0.0,0.0,0.0,0.0,0.0,0.0,0.0,0.0,0.0,0.0,0.0,0.0,0.0,0.0,0.0,0.0,0.0,0.0,0.0,0.0,0.0,0.0,0.0,0.0,0.0,0.0,0.0,0.0,0.0,0.0004799200490271001,0.0010362335113334002,0.001677126514276702,0.0024105180779866,0.003243628815809401,0.004182458966133399,0.0052311956852340025,0.006391588067293001,0.007662348295072802,0.0090386545294474,0.010511840073910896,0.012069348300391698,0.013695009998264,0.015369659592707901,0.0170720550506802,0.0187800142724774,0.0204716414795049,0.022126501315983198,0.023726610405755102,0.0252571521533522,0.0267068703324358,0.0280681476192886,0.0293368157503845,0.0305117682730702,0.031594454189070705,0.0325883245121704,0.0334982891313216,0.034330223584381196,0.0350905483392218,0.0357858892401349
PD22,pathway,iran,Transportation,Oil products,Gas/diesel oil excl. biofuels,NONBIODIES,Final consumption,CO2e,TTROAD,Mt,0.0,0.0,0.0,0.0,0.0,0.0,0.0,0.0,0.0,0.0,0.0,0.0,0.0,0.0,0.0,0.0,0.0,0.0,0.0,0.0,0.0,0.0,0.0,0.0,0.0,0.0,0.0,0.0,0.0,0.0,0.0,0.10100890151267716,0.21809634521954546,0.3529852675425227,0.507342386773443,0.6826874273411043,0.8802832610293017,1.1010111597430399,1.345239255804124,1.612696501973006,1.9023680444747626,2.212429801370008,2.5402389757787125,2.8823924296012002,3.234856379161795,3.5931600080652455,3.952634643834022,4.308671876071273,4.656970669961968,4.993746059500147,5.315879591861326,5.621002166067222,5.907510561950842,6.174527483969179,6.421820056735441,6.649693252031473,6.858873405654661,7.050393903250411,7.225491370848281,7.385517126044426,7.531865712065047
PD22,pathway,iran,Transportation,Oil products,Kerosene type jet fuel excl. biofuels,NONBIOJETK,Final consumption,CO2e,AVBUNK,Mt,0.0,0.0,0.0,0.0,0.0,0.0,0.0,0.0,0.0,0.0,0.0,0.0,0.0,0.0,0.0,0.0,0.0,0.0,0.0,0.0,0.0,0.0,0.0,0.0,0.0,0.0,0.0,0.0,0.0,0.0,0.0,0.0636366848930825,0.13740302279524652,0.22238448202196004,0.3196311128673557,0.43010035792461965,0.5545878398820743,0.6936487694358493,0.8475150738736428,1.0160159905446808,1.198512150750561,1.3938543634214104,1.6003776383457522,1.8159379622370957,2.037994008372237,2.263729114755067,2.4902019679481313,2.714509220267309,2.933941173922218,3.1461132599744195,3.3490608198960716,3.5412912948118866,3.721794638923398,3.8900181466849304,4.045815104119926,4.18937764670251,4.3211633737290995,4.441823329174091,4.552136600620803,4.652954532562343,4.745155702099601
PD22,pathway,iran,Transportation,Oil products,Kerosene type jet fuel excl. biofuels,NONBIOJETK,Final consumption,CO2e,LDOMESAIR,Mt,0.0,0.0,0.0,0.0,0.0,0.0,0.0,0.0,0.0,0.0,0.0,0.0,0.0,0.0,0.0,0.0,0.0,0.0,0.0,0.0,0.0,0.0,0.0,0.0,0.0,0.0,0.0,0.0,0.0,0.0,0.0,0.013185506436542704,0.028469874640878468,0.04607801339768558,0.06622749288578866,0.08911669498972985,0.11491047254707443,0.14372386508604096,0.17560492788716275,0.21051827896857378,0.24833144128339024,0.2888063027069141,0.3315978776512397,0.3762619270577716,0.42227188861543885,0.4690441506081121,0.515969273569757,0.5624456845296754,0.6079119347305,0.6518739420380193,0.6939246296582732,0.7337547397364566,0.771154991016022,0.8060108630353482,0.8382919566923217,0.8680380824128783,0.8953440546657232,0.9203447696122344,0.9432016540200333,0.964091106271789,0.983195167340225
PD22,pathway,iran,Transportation,Oil products,Kerosene type jet fuel excl. biofuels,NONBIOJETK,Final consumption,CO2e,SDOMESAIR,Mt,0.0,0.0,0.0,0.0,0.0,0.0,0.0,0.0,0.0,0.0,0.0,0.0,0.0,0.0,0.0,0.0,0.0,0.0,0.0,0.0,0.0,0.0,0.0,0.0,0.0,0.0,0.0,0.0,0.0,0.0,0.0,0.04674861372956052,0.10093864645402384,0.1633675020463401,0.23480656568597835,0.31595919132722416,0.4074098572123561,0.5095664307596,0.6225992897817587,0.7463829890703981,0.8804478372774747,1.02394961868815,1.1756652025816676,1.3340195595684643,1.4971457869092837,1.6629747157923975,1.8293456062927753,1.9941256087870305,2.1553241322263186,2.3111894308620693,2.4602782324247876,2.601494077247438,2.734094968147715,2.857674878034417,2.9721260282727777,3.077589564918387,3.174401648360292,3.263040546807013,3.3440785915255726,3.418141194963616,3.485873775115344
PD22,pathway,iran,Transportation,Oil products,Liquified petroleum gases (LPG),LPG,Final consumption,CO2e,HEAVYROAD,Mt,0.0,0.0,0.0,0.0,0.0,0.0,0.0,0.0,0.0,0.0,0.0,0.0,0.0,0.0,0.0,0.0,0.0,0.0,0.0,0.0,0.0,0.0,0.0,0.0,0.0,0.0,0.0,0.0,0.0,0.0,0.0,0.0001726136238902002,0.0003727037908717989,0.0006032148186736006,0.0008669949541340004,0.0011666412469884015,0.0015043118127282002,0.0018815126526549007,0.0022988728663152005,0.0027559292623907,0.0032509475621674,0.0037808106008298996,0.004341002115555601,0.0049257065000842,0.0055280304409765,0.006140333781690499,0.0067546382503803,0.0073630685567788,0.007958274683266,0.0085337885197169,0.009084280957162601,0.009605703450385101,0.0100953162641851,0.0105516201924466,0.010974217275545999,0.0113636286782882,0.011721095632408899,0.0120483840856461,0.0123476073022483,0.0126210745423284,0.0128711689340693
PD22,pathway,iran,Transportation,Oil products,Liquified petroleum gases (LPG),LPG,Final consumption,CO2e,LIGHTROAD,Mt,0.0,0.0,0.0,0.0,0.0,0.0,0.0,0.0,0.0,0.0,0.0,0.0,0.0,0.0,0.0,0.0,0.0,0.0,0.0,0.0,0.0,0.0,0.0,0.0,0.0,0.0,0.0,0.0,0.0,0.0,0.0,0.00016840353550270047,0.00036361345450900036,0.0005885022621206007,0.0008458487357403989,0.0011381865824276003,0.0014676212807104017,0.0018356221001510995,0.002242802796405201,0.0026887114755031003,0.003171656158211999,0.0036885957081267988,0.0042351240151762,0.0048055673171552,0.0053932004302211,0.005990569543112699,0.006589890975980801,0.0071834815188086005,0.0077641704226985,0.008325647336309,0.008862713128939199,0.0093714180003757,0.0098490890382294,0.0102942636023869,0.010706553439556999,0.011086467003207999,0.0114352152511307,0.011754521059167,0.012046446148535,0.012313243455930099,0.0125572379844578
PD22,pathway,iran,Transportation,Oil products,Liquified petroleum gases (LPG),LPG,Final consumption,CO2e,MEDIUMROAD,Mt,0.0,0.0,0.0,0.0,0.0,0.0,0.0,0.0,0.0,0.0,0.0,0.0,0.0,0.0,0.0,0.0,0.0,0.0,0.0,0.0,0.0,0.0,0.0,0.0,0.0,0.0,0.0,0.0,0.0,0.0,0.0,4.63109722632e-05,9.999369999000004e-05,0.00016183812208319997,0.00023260840232860016,0.00031300131016769994,0.00040359585219539983,0.0005047960775415002,0.0006167707690114999,0.0007393956557634001,0.0008722054435083,0.0010143638197349,0.0011646591041734999,0.0013215310122177,0.0014831301183108,0.001647406624356,0.0018122200183947003,0.0019754574176723,0.0021351468662421003,0.002289553017485,0.0024372461104582,0.0025771399501034,0.0027084994855131,0.0028309224906563004,0.0029443021958782,0.0030487784258822,0.0031446841940608997,0.003232493291271,0.0033127726908470673,0.0033861419503806935,0.0034532404457259
PD22,pathway,iran,Transportation,Oil products,Liquified petroleum gases (LPG),LPG,Final consumption,CO2e,TTROAD,Mt,0.0,0.0,0.0,0.0,0.0,0.0,0.0,0.0,0.0,0.0,0.0,0.0,0.0,0.0,0.0,0.0,0.0,0.0,0.0,0.0,0.0,0.0,0.0,0.0,0.0,0.0,0.0,0.0,0.0,0.0,0.0,3.368070710050002e-05,7.272269090179964e-05,0.00011770045242410002,0.00016916974714809973,0.00022763731648550007,0.00029352425614200006,0.0003671244200302002,0.0004485605592810002,0.0005377422951006001,0.0006343312316424,0.0007377191416254002,0.0008470248030353002,0.0009611134634309999,0.0010786400860442,0.0011981139086225,0.0013179781951962,0.0014366963037617001,0.0015528340845397,0.0016651294672618,0.0017725426257879,0.0018742836000750999,0.0019698178076457996,0.0020588527204774,0.0021413106879113997,0.0022172934006415997,0.0022870430502262,0.0023509042118334,0.002409289229706994,0.0024626486911859314,0.0025114475968915
PD22,pathway,iran,Transportation,Oil products,Motor gasoline excl. biofuels,NONBIOGASO,Final consumption,CO2e,HEAVYROAD,Mt,0.0,0.0,0.0,0.0,0.0,0.0,0.0,0.0,0.0,0.0,0.0,0.0,0.0,0.0,0.0,0.0,0.0,0.0,0.0,0.0,0.0,0.0,0.0,0.0,0.0,0.0,0.0,0.0,0.0,0.0,0.0,0.7001267442472425,1.511699284162745,2.4466598728505673,3.5165610966052228,4.731936677708134,6.101540006178823,7.631479474648252,9.324306732327962,11.178143059436685,13.185954162375715,15.335096714365541,17.60725259940239,19.978833520194986,22.421879962388086,24.905403190533047,27.397043061982046,29.86485713088147,32.2790334751448,34.61333721955651,36.846153316428804,38.96106072830969,40.94694699581176,42.79773128780955,44.51179946650005,46.0912653941025,47.541163548860254,48.868656675013035,50.082316244410926,51.191508694812136,52.205900075387085
PD22,pathway,iran,Transportation,Oil products,Motor gasoline excl. biofuels,NONBIOGASO,Final consumption,CO2e,LIGHTROAD,Mt,0.0,0.0,0.0,0.0,0.0,0.0,0.0,0.0,0.0,0.0,0.0,0.0,0.0,0.0,0.0,0.0,0.0,0.0,0.0,0.0,0.0,0.0,0.0,0.0,0.0,0.0,0.0,0.0,0.0,0.0,0.0,0.6830504821924208,1.4748285699148838,2.3869852418054407,3.4307913137611905,4.616523588007922,5.952721957247654,7.445345828925113,9.096884616905314,10.905505423840673,12.864345524268977,14.961069965234667,17.17780741405111,19.491544897751222,21.87500484135422,24.297954332227366,26.72882249949468,29.136445981347777,31.491739975751017,33.769109482494166,35.94746665017443,38.010790954448474,39.94824097152366,41.75388418322883,43.42614582097566,44.96708818936829,46.3816229744978,47.6767382195249,48.86079633601065,49.942935312011834,50.932585439402025
PD22,pathway,iran,Transportation,Oil products,Motor gasoline excl. biofuels,NONBIOGASO,Final consumption,CO2e,MEDIUMROAD,Mt,0.0,0.0,0.0,0.0,0.0,0.0,0.0,0.0,0.0,0.0,0.0,0.0,0.0,0.0,0.0,0.0,0.0,0.0,0.0,0.0,0.0,0.0,0.0,0.0,0.0,0.0,0.0,0.0,0.0,0.0,0.0,0.1878388826029198,0.40557785672659286,0.6564209414964921,0.9434676112843299,1.26954398670218,1.6369985382431036,2.0474701029544082,2.501643269648964,2.999013991556181,3.537695019173972,4.114294240439534,4.723897038864057,5.360174846881583,6.015626331372415,6.6819374413625265,7.350426187361039,8.012522644870637,8.660228493331534,9.286505107685896,9.885553328797972,10.452967512473334,10.98576626716901,11.482318150387925,11.94219010076831,12.365949252076286,12.754946317986894,13.11110301036935,13.436718992402932,13.734307210803259,14.00646099583556
PD22,pathway,iran,Transportation,Oil products,Motor gasoline excl. biofuels,NONBIOGASO,Final consumption,CO2e,TTROAD,Mt,0.0,0.0,0.0,0.0,0.0,0.0,0.0,0.0,0.0,0.0,0.0,0.0,0.0,0.0,0.0,0.0,0.0,0.0,0.0,0.0,0.0,0.0,0.0,0.0,0.0,0.0,0.0,0.0,0.0,0.0,0.0,0.13661009643848487,0.29496571398297533,0.47739704836108565,0.6861582627522385,0.9233047176015861,1.1905443914495306,1.4890691657850237,1.8193769233810642,2.181101084768133,2.5728691048537975,2.992213993046934,3.4355614828102237,3.8983089795502437,4.375000968270845,4.859590866445475,5.345764499898937,5.827289196269552,6.2983479951502055,6.753821896498835,7.189493330034889,7.602158190889698,7.989648194304737,8.350776836645764,8.685229164195134,8.99341763787366,9.276324594899563,9.535347643904984,9.772159267202136,9.98858706240237,10.186517087880407
PD22,pathway,iran,Transportation,Oil products,Other kerosene,OTHKERO,Final consumption,CO2e,PIPELINE,Mt,0.0,0.0,0.0,0.0,0.0,0.0,0.0,0.0,0.0,0.0,0.0,0.0,0.0,0.0,0.0,0.0,0.0,0.0,0.0,0.0,0.0,0.0,0.0,0.0,0.0,0.0,0.0,0.0,0.0,0.0,0.0,0.0020802627723675027,0.004491660645301612,0.007269677229097896,0.010448638330320004,0.014059842439557907,0.018129298206729996,0.022675155291013604,0.027704995320887604,0.033213236120192294,0.03917897693170931,0.04556465106878618,0.05231583053664102,0.0593624282301579,0.06662136899569529,0.07400057705805099,0.08140390182647561,0.08873643379849172,0.09590959382439679,0.1028454311121424,0.1094797216060164,0.11576367403618729,0.1216642703301944,0.12716344272142371,0.13225639517714438,0.13694940854424129,0.14125744159661371,0.1452017767524984,0.14880788213454701,0.1521035879205639,0.155117614513548
