Model,Scenario,Region,Variable,Unit,1990,1991,1992,1993,1994,1995,1996,1997,1998,1999,2000,2001,2002,2003,2004,2005,2006,2007,2008,2009,2010,2011,2012,2013,2014,2015,2016,2017,2018,2019,2020,2021,2022,2023,2024,2025,2026,2027,2028,2029,2030,2031,2032,2033,2034,2035,2036,2037,2038,2039,2040,2041,2042,2043,2044,2045,2046,2047,2048,2049,2050
PD22,baseline,gibraltar,Commercial|Electricity and Heat|Electricity|ELECTR|Final consumption|Commercial and public services|COMMPUB,TJ,0.0,32.4016,46.8001,57.602,57.602,46.8001,54.0013,50.4007,54.0013,50.4007,64.7991,35.9981,28.801,25.2003,10.8019,10.8019,14.3984,17.9991,17.9991,17.9991,17.9991,14.3984,57.602,32.4016,61.1985,54.0013,115.1998,114.9277,115.9492,118.2771,122.71216582631448,126.01061784794815,129.30906986958186,132.60752189121553,135.90597391284922,139.20442593448288,142.50287795611658,145.80132997775024,149.09978199938394,152.3982340210176,155.6966860426513,158.99513806428496,162.29359008591865,165.59204210755232,168.890494129186,172.18894615081967,175.48739817245337,178.78585019408703,182.08430221572075,185.3827542373544,188.68120625898808,191.97965828062172,195.27811030225544,198.5765623238891,201.8750143455228,205.1734663671565,208.47191838879016,211.77037041042385,215.06882243205752,218.3672744536912,221.66572647532487
PD22,baseline,gibraltar,Electric Power|Electricity and Heat|Electricity|ELECTR|Energy industry own use and Losses|Losses|DISTLOSS,TJ,-17.9991,-17.9991,-10.8019,-10.8019,-10.8019,-10.8019,-10.8019,-10.8019,-14.3984,-14.3984,-14.3984,-14.3984,-14.3984,-14.3984,-14.3984,-14.3984,-17.9991,-17.9991,-17.9991,-17.9991,-17.9991,-17.9991,-17.9991,-21.5997,-21.5997,-25.2003,-21.5997,-23.287,-23.4963,-23.9694,-23.54970323751177,-23.697067254789328,-23.84443127206688,-23.991795289344434,-24.13915930662199,-24.286523323899544,-24.433887341177098,-24.58125135845465,-24.728615375732204,-24.87597939300976,-25.02334341028731,-25.170707427564864,-25.31807144484242,-25.465435462119974,-25.612799479397527,-25.76016349667508,-25.90752751395264,-26.054891531230187,-26.20225554850774,-26.349619565785297,-26.49698358306285,-26.644347600340403,-26.79171161761796,-26.93907563489551,-27.086439652173063,-27.233803669450616,-27.38116768672817,-27.52853170400573,-27.67589572128328,-27.823259738560832,-27.970623755838385
PD22,baseline,gibraltar,"Electric Power|Electricity and Heat|Electricity|ELECTR|Energy industry own use and Losses|Own use in electricity, CHP and heat plants|EPOWERPLT",TJ,-3.6006,-7.2013,-7.2013,-7.2013,-7.2013,-7.2013,-7.2013,-7.2013,-7.2013,-7.2013,-10.8019,-10.8019,-10.8019,-10.8019,-10.8019,-10.8019,-10.8019,-10.8019,-10.8019,-10.8019,-14.3984,-10.8019,-14.3984,-14.3984,-14.3984,-14.3984,-14.3984,-15.3739,-15.5079,-15.8177,-15.540736977145444,-15.637984293143807,-15.73523160914217,-15.832478925140531,-15.929726241138896,-16.026973557137257,-16.12422087313562,-16.221468189133983,-16.318715505132346,-16.41596282113071,-16.51321013712907,-16.610457453127434,-16.707704769125797,-16.80495208512416,-16.902199401122523,-16.999446717120886,-17.09669403311925,-17.193941349117612,-17.291188665115975,-17.388435981114338,-17.4856832971127,-17.58293061311106,-17.680177929109423,-17.777425245107786,-17.87467256110615,-17.97191987710451,-18.069167193102874,-18.16641450910124,-18.2636618250996,-18.360909141097963,-18.45815645709633
PD22,baseline,gibraltar,Electric Power|Electricity and Heat|Electricity|ELECTR|Transformation processes|Main activity producer electricity plants|MAINELEC,TJ,284.401,331.201,356.4014,370.7998,381.6017,388.7988,396.0001,399.6008,417.5998,431.9982,450.0015,453.5979,464.3999,482.3989,489.6002,522.0019,543.6016,558.0,597.5987,626.3997,637.2017,615.602,633.601,680.4011,712.7985,806.3986,770.4005,768.5583,775.3912,790.9744,777.1246834909898,781.9875989226528,786.8505143543158,791.7134297859787,796.5763452176417,801.4392606493046,806.3021760809677,811.1650915126306,816.0280069442936,820.8909223759565,825.7538378076196,830.6167532392825,835.4796686709454,840.3425841026084,845.2054995342714,850.0684149659344,854.9313303975973,859.7942458292603,864.6571612609233,869.5200766925863,874.3829921242492,879.2459075559123,884.1088229875752,888.9717384192381,893.8346538509011,898.6975692825641,903.5604847142272,908.42340014589,913.2863155775532,918.149231009216,923.012146440879
PD22,baseline,gibraltar,Electric Power|Electricity and Heat|Offshore wind energy|OFFSHORE|Electricity output|Electricity output -autoproducer electricity plants|ELAUTOE,TJ,0.0,0.0,0.0,0.0,0.0,0.0,0.0,0.0,0.0,0.0,0.0,0.0,0.0,0.0,0.0,0.0,0.0,0.0,0.0,0.0,0.0,0.0,0.0,0.0,0.0,0.0,0.0,0.0,0.0,0.0,0.0,0.0,0.0,0.0,0.0,0.0,0.0,0.0,0.0,0.0,0.0,0.0,0.0,0.0,0.0,0.0,0.0,0.0,0.0,0.0,0.0,0.0,0.0,0.0,0.0,0.0,0.0,0.0,0.0,0.0,0.0
PD22,baseline,gibraltar,Electric Power|Electricity and Heat|Offshore wind energy|OFFSHORE|Electricity output|Electricity output -main activity producer electricity plants|ELMAINE,TJ,0.0,0.0,0.0,0.0,0.0,0.0,0.0,0.0,0.0,0.0,0.0,0.0,0.0,0.0,0.0,0.0,0.0,0.0,0.0,0.0,0.0,0.0,0.0,0.0,0.0,0.0,0.0,0.0,0.0,0.0,0.0,0.0,0.0,0.0,0.0,0.0,0.0,0.0,0.0,0.0,0.0,0.0,0.0,0.0,0.0,0.0,0.0,0.0,0.0,0.0,0.0,0.0,0.0,0.0,0.0,0.0,0.0,0.0,0.0,0.0,0.0
PD22,baseline,gibraltar,Electric Power|Electricity and Heat|Offshore wind energy|OFFSHORE|Transformation processes|Autoproducer electricity plants|AUTOELEC,TJ,0.0,0.0,0.0,0.0,0.0,0.0,0.0,0.0,0.0,0.0,0.0,0.0,0.0,0.0,0.0,0.0,0.0,0.0,0.0,0.0,0.0,0.0,0.0,0.0,0.0,0.0,0.0,0.0,0.0,0.0,0.0,0.0,0.0,0.0,0.0,0.0,0.0,0.0,0.0,0.0,0.0,0.0,0.0,0.0,0.0,0.0,0.0,0.0,0.0,0.0,0.0,0.0,0.0,0.0,0.0,0.0,0.0,0.0,0.0,0.0,0.0
PD22,baseline,gibraltar,Electric Power|Electricity and Heat|Offshore wind energy|OFFSHORE|Transformation processes|Main activity producer electricity plants|MAINELEC,TJ,0.0,0.0,0.0,0.0,0.0,0.0,0.0,0.0,0.0,0.0,0.0,0.0,0.0,0.0,0.0,0.0,0.0,0.0,0.0,0.0,0.0,0.0,0.0,0.0,0.0,0.0,0.0,0.0,0.0,0.0,0.0,0.0,0.0,0.0,0.0,0.0,0.0,0.0,0.0,0.0,0.0,0.0,0.0,0.0,0.0,0.0,0.0,0.0,0.0,0.0,0.0,0.0,0.0,0.0,0.0,0.0,0.0,0.0,0.0,0.0,0.0
PD22,baseline,gibraltar,Electric Power|Electricity and Heat|Onshore wind energy|ONSHORE|Electricity output|Electricity output -autoproducer electricity plants|ELAUTOE,TJ,0.0,0.0,0.0,0.0,0.0,0.0,0.0,0.0,0.0,0.0,0.0,0.0,0.0,0.0,0.0,0.0,0.0,0.0,0.0,0.0,0.0,0.0,0.0,0.0,0.0,0.0,0.0,0.0,0.0,0.0,0.0,0.0,0.0,0.0,0.0,0.0,0.0,0.0,0.0,0.0,0.0,0.0,0.0,0.0,0.0,0.0,0.0,0.0,0.0,0.0,0.0,0.0,0.0,0.0,0.0,0.0,0.0,0.0,0.0,0.0,0.0
PD22,baseline,gibraltar,Electric Power|Electricity and Heat|Onshore wind energy|ONSHORE|Electricity output|Electricity output -main activity producer electricity plants|ELMAINE,TJ,0.0,0.0,0.0,0.0,0.0,0.0,0.0,0.0,0.0,0.0,0.0,0.0,0.0,0.0,0.0,0.0,0.0,0.0,0.0,0.0,0.0,0.0,0.0,0.0,0.0,0.0,0.0,0.0,0.0,0.0,0.0,0.0,0.0,0.0,0.0,0.0,0.0,0.0,0.0,0.0,0.0,0.0,0.0,0.0,0.0,0.0,0.0,0.0,0.0,0.0,0.0,0.0,0.0,0.0,0.0,0.0,0.0,0.0,0.0,0.0,0.0
PD22,baseline,gibraltar,Electric Power|Electricity and Heat|Onshore wind energy|ONSHORE|Transformation processes|Autoproducer electricity plants|AUTOELEC,TJ,0.0,0.0,0.0,0.0,0.0,0.0,0.0,0.0,0.0,0.0,0.0,0.0,0.0,0.0,0.0,0.0,0.0,0.0,0.0,0.0,0.0,0.0,0.0,0.0,0.0,0.0,0.0,0.0,0.0,0.0,0.0,0.0,0.0,0.0,0.0,0.0,0.0,0.0,0.0,0.0,0.0,0.0,0.0,0.0,0.0,0.0,0.0,0.0,0.0,0.0,0.0,0.0,0.0,0.0,0.0,0.0,0.0,0.0,0.0,0.0,0.0
PD22,baseline,gibraltar,Electric Power|Electricity and Heat|Onshore wind energy|ONSHORE|Transformation processes|Main activity producer electricity plants|MAINELEC,TJ,0.0,0.0,0.0,0.0,0.0,0.0,0.0,0.0,0.0,0.0,0.0,0.0,0.0,0.0,0.0,0.0,0.0,0.0,0.0,0.0,0.0,0.0,0.0,0.0,0.0,0.0,0.0,0.0,0.0,0.0,0.0,0.0,0.0,0.0,0.0,0.0,0.0,0.0,0.0,0.0,0.0,0.0,0.0,0.0,0.0,0.0,0.0,0.0,0.0,0.0,0.0,0.0,0.0,0.0,0.0,0.0,0.0,0.0,0.0,0.0,0.0
PD22,baseline,gibraltar,Electric Power|Natural gas|Natural gas|NATGAS|Electricity output|Electricity output -main activity producer electricity plants|ELMAINE,TJ,0.0,0.0,0.0,0.0,0.0,0.0,0.0,0.0,0.0,0.0,0.0,0.0,0.0,0.0,0.0,0.0,0.0,0.0,0.0,0.0,0.0,0.0,0.0,0.0,0.0,0.0,0.0,0.0,0.0,263.65680000000003,259.0402511765833,260.66121478979613,262.282178403009,263.90314201622186,265.5241056294348,267.1450692426476,268.7660328558605,270.3869964690733,272.0079600822862,273.62892369549905,275.24988730871195,276.8708509219248,278.4918145351377,280.1127781483505,281.7337417615633,283.35470537477624,284.9756689879891,286.596632601202,288.2175962144148,289.8385598276277,291.45952344084054,293.08048705405344,294.7014506672663,296.3224142804792,297.943377893692,299.5643415069049,301.18530512011773,302.8062687333306,304.42723234654346,306.0481959597563,307.6691595729692
PD22,baseline,gibraltar,Electric Power|Natural gas|Natural gas|NATGAS|Transformation processes|Main activity producer electricity plants|MAINELEC,TJ,0.0,0.0,0.0,0.0,0.0,0.0,0.0,0.0,0.0,0.0,0.0,0.0,0.0,0.0,0.0,0.0,0.0,0.0,0.0,0.0,0.0,0.0,0.0,0.0,0.0,0.0,0.0,0.0,0.0,-659.1405,-647.599154205993,-651.6515540170161,-655.7039538280391,-659.7563536390621,-663.8087534500851,-667.8611532611081,-671.9135530721311,-675.9659528831542,-680.0183526941771,-684.0707525052002,-688.1231523162231,-692.1755521272462,-696.2279519382691,-700.2803517492922,-704.3327515603152,-708.3851513713382,-712.4375511823612,-716.4899509933842,-720.5423508044073,-724.5947506154303,-728.6471504264533,-732.6995502374763,-736.7519500484993,-740.8043498595223,-744.8567496705454,-748.9091494815683,-752.9615492925914,-757.0139491036143,-761.0663489146374,-765.1187487256603,-769.1711485366834
PD22,baseline,gibraltar,Electric Power|Oil products|Fuel oil|RESFUEL|Electricity output|Electricity output -main activity producer electricity plants|ELMAINE,TJ,284.40000000000003,331.2,356.40000000000003,370.8,381.6,388.8,396.0,399.6,417.6,432.0,450.0,453.6,464.4,482.4,489.6,522.0,543.6,558.0,597.6,626.4,637.2,615.6,633.6,680.4,712.8000000000001,806.4,770.4,768.5604000000001,775.3932,527.3172000000001,518.0840393182827,521.3259886775304,524.5679380367781,527.8098873960257,531.0518367552735,534.2937861145211,537.5357354737688,540.7776848330165,544.0196341922641,547.2615835515118,550.5035329107594,553.7454822700071,556.9874316292548,560.2293809885025,563.4713303477502,566.7132797069978,569.9552290662455,573.1971784254931,576.4391277847408,579.6810771439884,582.9230265032362,586.1649758624839,589.4069252217315,592.6488745809792,595.8908239402268,599.1327732994745,602.3747226587222,605.6166720179699,608.8586213772176,612.1005707364652,615.3425200957129
PD22,baseline,gibraltar,Electric Power|Oil products|Fuel oil|RESFUEL|Transformation processes|Main activity producer electricity plants|MAINELEC,TJ,-760.0005,-879.9984,-959.9997,-1000.0004,-1040.0011,-1040.0011,-1080.0018,-1080.0018,-1119.9983,-1159.999,-1240.0004,-1240.0004,-1280.0011,-1320.0017,-1320.0017,-1399.9989,-1480.0003,-1520.001,-1639.9989,-1720.0002,-1720.0002,-1679.9996,-1720.0002,-1839.9981,-1919.9995,-2159.9994,-2040.0016,-2044.561,-2058.2393,-1397.1603,-1372.6964563248523,-1381.2862063640157,-1389.8759564031784,-1398.4657064423411,-1407.0554564815045,-1415.6452065206672,-1424.2349565598302,-1432.824706598993,-1441.414456638156,-1450.004206677319,-1458.593956716482,-1467.1837067556448,-1475.7734567948078,-1484.3632068339707,-1492.9529568731336,-1501.5427069122966,-1510.1324569514595,-1518.7222069906225,-1527.3119570297854,-1535.9017070689486,-1544.4914571081115,-1553.0812071472744,-1561.6709571864374,-1570.2607072256003,-1578.8504572647632,-1587.4402073039262,-1596.029957343089,-1604.619707382252,-1613.209457421415,-1621.799207460578,-1630.3889574997409
PD22,baseline,gibraltar,Industrial|Electricity and Heat|Electricity|ELECTR|Energy industry own use and Losses|Energy industry own use|TOTENGY,TJ,-3.6006,-7.2013,-7.2013,-7.2013,-7.2013,-7.2013,-7.2013,-7.2013,-7.2013,-7.2013,-10.8019,-10.8019,-10.8019,-10.8019,-10.8019,-10.8019,-10.8019,-10.8019,-10.8019,-10.8019,-14.3984,-10.8019,-14.3984,-14.3984,-14.3984,-14.3984,-14.3984,-15.3739,-15.5079,-15.8177,-16.202684422961525,-16.478040868385857,-16.75339731381019,-17.028753759234526,-17.30411020465886,-17.57946665008319,-17.854823095507523,-18.130179540931856,-18.40553598635619,-18.68089243178052,-18.956248877204857,-19.23160532262919,-19.50696176805352,-19.78231821347785,-20.057674658902187,-20.333031104326523,-20.60838754975085,-20.883743995175188,-21.15910044059952,-21.43445688602385,-21.70981333144819,-21.98516977687252,-22.260526222296853,-22.535882667721182,-22.81123911314552,-23.08659555856985,-23.361952003994183,-23.63730844941852,-23.91266489484285,-24.188021340267184,-24.46337778569152
PD22,baseline,gibraltar,Industrial|Electricity and Heat|Electricity|ELECTR|Final consumption|Final consumption not elsewhere specified|ONONSPEC,TJ,262.8012,273.599,291.5981,295.1987,306.0007,323.9997,323.9997,331.201,341.9988,360.002,360.002,392.3995,410.3985,431.9982,453.5979,485.9996,500.398,511.1999,550.7987,579.5997,586.801,572.3984,543.6016,612.0013,615.602,712.7985,619.1984,614.9739,620.4377,632.9102,644.4887286085553,654.2214636988523,663.9541987891491,673.6869338794461,683.419668969743,693.1524040600399,702.8851391503368,712.6178742406337,722.3506093309306,732.0833444212276,741.8160795115244,751.5488146018214,761.2815496921183,771.0142847824152,780.7470198727121,790.4797549630091,800.2124900533059,809.9452251436029,819.6779602338997,829.4106953241967,839.1434304144937,848.8761655047906,858.6089005950874,868.3416356853844,878.0743707756812,887.8071058659782,897.5398409562752,907.272576046572,917.005311136869,926.7380462271658,936.4707813174628
PD22,baseline,gibraltar,Industrial|Oil products|Lubricants|LUBRIC|Final consumption|Non-energy use industry/transformation/energy|NEINTREN,TJ,42.002,0.0,42.002,42.002,42.002,42.002,42.002,42.002,42.002,42.002,42.002,0.0,0.0,0.0,0.0,0.0,0.0,0.0,0.0,0.0,0.0,0.0,0.0,0.0,0.0,0.0,0.0,0.0,0.0,0.0,0.0,0.0,0.0,0.0,0.0,0.0,0.0,0.0,0.0,0.0,0.0,0.0,0.0,0.0,0.0,0.0,0.0,0.0,0.0,0.0,0.0,0.0,0.0,0.0,0.0,0.0,0.0,0.0,0.0,0.0,0.0
PD22,baseline,gibraltar,Industrial|Oil products|Other oil products|ONONSPEC|Final consumption|Non-energy use industry/transformation/energy|NEINTREN,TJ,439.9992,439.9992,560.0012,560.0012,560.0012,560.0012,560.0012,600.0019,639.9984,679.9991,719.9998,719.9998,760.0005,760.0005,800.0012,800.0012,840.0019,840.0019,840.0019,800.0012,840.0019,840.0019,879.9984,879.9984,879.9984,919.9991,1000.0004,1065.0382,1128.0412,1195.8003,1191.6180500888086,1204.7663693036206,1217.9146885184325,1231.0630077332446,1244.2113269480567,1257.3596461628686,1270.5079653776806,1283.6562845924925,1296.8046038073046,1309.9529230221167,1323.1012422369286,1336.2495614517406,1349.3978806665527,1362.5461998813646,1375.6945190961767,1388.8428383109886,1401.9911575258006,1415.1394767406127,1428.2877959554246,1441.4361151702367,1454.5844343850488,1467.7327535998606,1480.8810728146727,1494.0293920294848,1507.1777112442967,1520.3260304591088,1533.4743496739206,1546.6226688887327,1559.7709881035448,1572.9193073183567,1586.0676265331688
PD22,baseline,gibraltar,Transportation|Biofuels and Waste|Biodiesels|BIODIESEL|Final consumption|World aviation bunkers|WORLDAV,TJ,0.0,0.0,0.0,0.0,0.0,0.0,0.0,0.0,0.0,0.0,0.0,0.0,0.0,0.0,0.0,0.0,0.0,0.0,0.0,0.0,0.0,0.0,0.0,0.0,0.0,0.0,0.0,0.0,0.0,0.0,0.0,0.0,0.0,0.0,0.0,0.0,0.0,0.0,0.0,0.0,0.0,0.0,0.0,0.0,0.0,0.0,0.0,0.0,0.0,0.0,0.0,0.0,0.0,0.0,0.0,0.0,0.0,0.0,0.0,0.0,0.0
PD22,baseline,gibraltar,Transportation|Biofuels and Waste|Biodiesels|BIODIESEL|Final consumption|World marine bunkers|WORLDMAR,TJ,0.0,0.0,0.0,0.0,0.0,0.0,0.0,0.0,0.0,0.0,0.0,0.0,0.0,0.0,0.0,0.0,0.0,0.0,0.0,0.0,0.0,0.0,0.0,0.0,0.0,0.0,0.0,0.0,0.0,0.0,0.0,0.0,0.0,0.0,0.0,0.0,0.0,0.0,0.0,0.0,0.0,0.0,0.0,0.0,0.0,0.0,0.0,0.0,0.0,0.0,0.0,0.0,0.0,0.0,0.0,0.0,0.0,0.0,0.0,0.0,0.0
PD22,baseline,gibraltar,Transportation|Coal|Other bituminous coal|BITCOAL|Final consumption|World marine bunkers|WORLDMAR,TJ,0.0,0.0,0.0,0.0,0.0,0.0,0.0,0.0,0.0,0.0,0.0,0.0,0.0,0.0,0.0,0.0,0.0,0.0,0.0,0.0,0.0,0.0,0.0,0.0,0.0,0.0,0.0,0.0,0.0,0.0,0.0,0.0,0.0,0.0,0.0,0.0,0.0,0.0,0.0,0.0,0.0,0.0,0.0,0.0,0.0,0.0,0.0,0.0,0.0,0.0,0.0,0.0,0.0,0.0,0.0,0.0,0.0,0.0,0.0,0.0,0.0
PD22,baseline,gibraltar,"Transportation|Crude, NGL, refinery feedstocks|Other hydrocarbons|NONCRUDE|Final consumption|World aviation bunkers|WORLDAV",TJ,0.0,0.0,0.0,0.0,0.0,0.0,0.0,0.0,0.0,0.0,0.0,0.0,0.0,0.0,0.0,0.0,0.0,0.0,0.0,0.0,0.0,0.0,0.0,0.0,0.0,0.0,0.0,0.0,0.0,0.0,0.0,0.0,0.0,0.0,0.0,0.0,0.0,0.0,0.0,0.0,0.0,0.0,0.0,0.0,0.0,0.0,0.0,0.0,0.0,0.0,0.0,0.0,0.0,0.0,0.0,0.0,0.0,0.0,0.0,0.0,0.0
PD22,baseline,gibraltar,"Transportation|Crude, NGL, refinery feedstocks|Other hydrocarbons|NONCRUDE|Final consumption|World marine bunkers|WORLDMAR",TJ,0.0,0.0,0.0,0.0,0.0,0.0,0.0,0.0,0.0,0.0,0.0,0.0,0.0,0.0,0.0,0.0,0.0,0.0,0.0,0.0,0.0,0.0,0.0,0.0,0.0,0.0,0.0,0.0,0.0,0.0,0.0,0.0,0.0,0.0,0.0,0.0,0.0,0.0,0.0,0.0,0.0,0.0,0.0,0.0,0.0,0.0,0.0,0.0,0.0,0.0,0.0,0.0,0.0,0.0,0.0,0.0,0.0,0.0,0.0,0.0,0.0
PD22,baseline,gibraltar,Transportation|Hydrogen|Hydrogen|HYDROGEN|Final consumption|World aviation bunkers|WORLDAV,TJ,0.0,0.0,0.0,0.0,0.0,0.0,0.0,0.0,0.0,0.0,0.0,0.0,0.0,0.0,0.0,0.0,0.0,0.0,0.0,0.0,0.0,0.0,0.0,0.0,0.0,0.0,0.0,0.0,0.0,0.0,0.0,0.0,0.0,0.0,0.0,0.0,0.0,0.0,0.0,0.0,0.0,0.0,0.0,0.0,0.0,0.0,0.0,0.0,0.0,0.0,0.0,0.0,0.0,0.0,0.0,0.0,0.0,0.0,0.0,0.0,0.0
PD22,baseline,gibraltar,Transportation|Hydrogen|Hydrogen|HYDROGEN|Final consumption|World marine bunkers|WORLDMAR,TJ,0.0,0.0,0.0,0.0,0.0,0.0,0.0,0.0,0.0,0.0,0.0,0.0,0.0,0.0,0.0,0.0,0.0,0.0,0.0,0.0,0.0,0.0,0.0,0.0,0.0,0.0,0.0,0.0,0.0,0.0,0.0,0.0,0.0,0.0,0.0,0.0,0.0,0.0,0.0,0.0,0.0,0.0,0.0,0.0,0.0,0.0,0.0,0.0,0.0,0.0,0.0,0.0,0.0,0.0,0.0,0.0,0.0,0.0,0.0,0.0,0.0
PD22,baseline,gibraltar,Transportation|Natural gas|Natural gas|NATGAS|Final consumption|World marine bunkers|WORLDMAR,TJ,0.0,0.0,0.0,0.0,0.0,0.0,0.0,0.0,0.0,0.0,0.0,0.0,0.0,0.0,0.0,0.0,0.0,0.0,0.0,0.0,0.0,0.0,0.0,0.0,0.0,0.0,0.0,0.0,0.0,0.0,0.0,0.0,0.0,0.0,0.0,0.0,0.0,0.0,0.0,0.0,0.0,0.0,0.0,0.0,0.0,0.0,0.0,0.0,0.0,0.0,0.0,0.0,0.0,0.0,0.0,0.0,0.0,0.0,0.0,0.0,0.0
PD22,baseline,gibraltar,Transportation|Oil products|Aviation gasoline|AVGAS|Final consumption|World aviation bunkers|WORLDAV,TJ,0.0,0.0,0.0,0.0,0.0,0.0,0.0,0.0,0.0,0.0,0.0,0.0,0.0,0.0,0.0,0.0,0.0,0.0,0.0,0.0,0.0,0.0,0.0,0.0,0.0,0.0,0.0,0.0,0.0,0.0,0.0,0.0,0.0,0.0,0.0,0.0,0.0,0.0,0.0,0.0,0.0,0.0,0.0,0.0,0.0,0.0,0.0,0.0,0.0,0.0,0.0,0.0,0.0,0.0,0.0,0.0,0.0,0.0,0.0,0.0,0.0
PD22,baseline,gibraltar,Transportation|Oil products|Fuel oil|RESFUEL|Final consumption|World marine bunkers|WORLDMAR,TJ,0.0,0.0,0.0,0.0,0.0,0.0,0.0,0.0,0.0,0.0,0.0,0.0,0.0,0.0,0.0,0.0,0.0,0.0,0.0,0.0,0.0,0.0,0.0,0.0,0.0,0.0,0.0,0.0,0.0,0.0,0.0,0.0,0.0,0.0,0.0,0.0,0.0,0.0,0.0,0.0,0.0,0.0,0.0,0.0,0.0,0.0,0.0,0.0,0.0,0.0,0.0,0.0,0.0,0.0,0.0,0.0,0.0,0.0,0.0,0.0,0.0
PD22,baseline,gibraltar,Transportation|Oil products|Fuel oil|RESFUEL|Supply|International marine bunkers|MARBUNK,TJ,63240.0021,62359.9995,62480.0016,63759.9985,66479.9991,68560.0014,70520.0015,74999.999,90359.9991,95160.002,96520.0002,106520.0004,118079.998,136320.0016,129480.0013,145439.9991,141719.998,153679.9984,149200.0009,157960.0007,152479.9987,151840.0002,153120.0013,140079.9992,131559.9993,134320.0007,136480.0001,151940.6802,148430.442,152019.9615,155787.4426847607,157852.39771086536,159917.35273697,161982.30776307467,164047.2627891793,166112.21781528398,168177.17284138862,170242.12786749328,172307.08289359792,174372.0379197026,176436.99294580723,178501.9479719119,180566.9029980165,182631.8580241212,184696.81305022584,186761.7680763305,188826.7231024352,190891.67812853985,192956.63315464449,195021.58818074912,197086.5432068538,199151.49823295843,201216.4532590631,203281.4082851677,205346.3633112724,207411.31833737704,209476.2733634817,211541.22838958635,213606.18341569105,215671.1384417957,217736.09346790035
PD22,baseline,gibraltar,Transportation|Oil products|Gas/diesel oil excl. biofuels|NONBIODIES|Final consumption|Road – 2&3-wheel|TTROAD,TJ,51.12016,105.64804,126.096032,126.096032,170.40008000000003,163.583968,166.992024,173.80813600000002,184.031968,190.84808,197.663856,204.47996,207.888016,211.296072,235.152128,241.967896,252.192064,245.375952,245.375952,272.640064,276.04812000000004,265.823952,272.640064,289.68,313.536056,340.80016000000006,368.063936,397.733944,429.176144,463.0996,474.57650745646055,480.866996134206,487.1574848119515,493.447973489697,499.7384621674425,506.028950845188,512.3194395229335,518.609928200679,524.9004168784245,531.1909055561699,537.4813942339155,543.7718829116609,550.0623715894064,556.3528602671519,562.6433489448974,568.9338376226428,575.2243263003884,581.5148149781338,587.8053036558794,594.0957923336248,600.3862810113703,606.6767696891158,612.9672583668613,619.2577470446067,625.5482357223523,631.8387244000978,638.1292130778432,644.4197017555887,650.7101904333342,657.0006791110798,663.2911677888252
PD22,baseline,gibraltar,Transportation|Oil products|Gas/diesel oil excl. biofuels|NONBIODIES|Final consumption|Road – Buses&Vans|MEDIUMROAD,TJ,70.29021999999999,145.266055,173.382044,173.382044,234.30011,224.927956,229.614033,238.98618700000003,253.043956,262.41611,271.787802,281.159945,285.846022,290.532099,323.334176,332.705857,346.764088,337.391934,337.391934,374.880088,379.566165,365.507934,374.880088,398.31,431.112077,468.60022,506.087912,546.8841729999999,590.117198,636.76195,652.5426977526332,661.1921196845333,669.8415416164333,678.4909635483333,687.1403854802334,695.7898074121334,704.4392293440335,713.0886512759334,721.7380732078335,730.3874951397336,739.0369170716336,747.6863390035336,756.3357609354337,764.9851828673337,773.6346047992338,782.2840267311337,790.9334486630338,799.5828705949339,808.2322925268339,816.881714458734,825.531136390634,834.180558322534,842.8299802544341,851.479402186334,860.1288241182342,868.7782460501342,877.4276679820342,886.0770899139343,894.7265118458342,903.3759337777344,912.0253557096344
PD22,baseline,gibraltar,Transportation|Oil products|Gas/diesel oil excl. biofuels|NONBIODIES|Final consumption|Road – Light-duty vehicles|LIGHTROAD,TJ,255.6008,528.2402000000001,630.4801600000001,630.4801600000001,852.0004000000001,817.91984,834.96012,869.0406800000001,920.15984,954.2404,988.3192800000002,1022.3998,1039.44008,1056.48036,1175.7606400000002,1209.83948,1260.96032,1226.87976,1226.87976,1363.20032,1380.2406,1329.11976,1363.20032,1448.4,1567.68028,1704.0008000000005,1840.3196800000003,1988.66972,2145.88072,2315.498,2372.882537282303,2404.3349806710303,2435.787424059758,2467.2398674484853,2498.6923108372125,2530.14475422594,2561.5971976146675,2593.0496410033948,2624.502084392122,2655.9545277808497,2687.406971169577,2718.8594145583043,2750.311857947032,2781.7643013357592,2813.2167447244865,2844.6691881132137,2876.121631501941,2907.5740748906687,2939.026518279396,2970.478961668124,3001.931405056851,3033.383848445578,3064.836291834305,3096.288735223033,3127.7411786117605,3159.193622000488,3190.6460653892154,3222.0985087779427,3253.55095216667,3285.003395555397,3316.455838944125
PD22,baseline,gibraltar,Transportation|Oil products|Gas/diesel oil excl. biofuels|NONBIODIES|Final consumption|Road – Trucks|HEAVYROAD,TJ,261.99082,541.446205,646.2421639999999,646.2421639999999,873.30041,838.367836,855.8341229999999,890.766697,943.163836,978.09641,1013.027262,1047.959795,1065.426082,1082.892369,1205.154656,1240.085467,1292.4843279999998,1257.5517539999998,1257.5517539999998,1397.2803279999998,1414.746615,1362.347754,1397.2803279999998,1484.61,1606.872287,1746.60082,1886.327672,2038.386463,2199.527738,2373.38545,2432.20460071436,2464.443355187805,2496.682109661251,2528.920864134697,2561.1596186081424,2593.398373081588,2625.6371275550337,2657.87588202848,2690.114636501925,2722.3533909753705,2754.592145448816,2786.8308999222613,2819.069654395707,2851.308408869153,2883.547163342598,2915.785917816044,2948.024672289489,2980.263426762935,3012.5021812363807,3044.7409357098263,3076.979690183272,3109.2184446567176,3141.4571991301627,3173.6959536036084,3205.934708077054,3238.1734625505,3270.412217023945,3302.650971497391,3334.8897259708365,3367.128480444282,3399.367234917728
PD22,baseline,gibraltar,Transportation|Oil products|Gas/diesel oil excl. biofuels|NONBIODIES|Final consumption|World aviation bunkers|WORLDAV,TJ,0.0,0.0,0.0,0.0,0.0,0.0,0.0,0.0,0.0,0.0,0.0,0.0,0.0,0.0,0.0,0.0,0.0,0.0,0.0,0.0,0.0,0.0,0.0,0.0,0.0,0.0,0.0,0.0,0.0,0.0,0.0,0.0,0.0,0.0,0.0,0.0,0.0,0.0,0.0,0.0,0.0,0.0,0.0,0.0,0.0,0.0,0.0,0.0,0.0,0.0,0.0,0.0,0.0,0.0,0.0,0.0,0.0,0.0,0.0,0.0,0.0
PD22,baseline,gibraltar,Transportation|Oil products|Gas/diesel oil excl. biofuels|NONBIODIES|Final consumption|World marine bunkers|WORLDMAR,TJ,0.0,0.0,0.0,0.0,0.0,0.0,0.0,0.0,0.0,0.0,0.0,0.0,0.0,0.0,0.0,0.0,0.0,0.0,0.0,0.0,0.0,0.0,0.0,0.0,0.0,0.0,0.0,0.0,0.0,0.0,0.0,0.0,0.0,0.0,0.0,0.0,0.0,0.0,0.0,0.0,0.0,0.0,0.0,0.0,0.0,0.0,0.0,0.0,0.0,0.0,0.0,0.0,0.0,0.0,0.0,0.0,0.0,0.0,0.0,0.0,0.0
PD22,baseline,gibraltar,Transportation|Oil products|Gas/diesel oil excl. biofuels|NONBIODIES|Supply|International marine bunkers|MARBUNK,TJ,8307.0006,8221.7992,8221.7992,8392.202,8732.9991,9031.1997,9286.7997,9883.201,11885.3999,12524.4019,12694.8005,14015.4009,15549.0006,17934.6016,17039.9997,19127.4,18658.8008,20235.0012,19638.5999,20788.8018,20064.5984,19979.4012,20149.7998,18445.8015,17338.2003,17721.5982,18019.7988,20061.1066,19597.6614,20071.5862,20569.01642304872,20841.65774196908,21114.299060889443,21386.940379809806,21659.58169873017,21932.22301765053,22204.86433657089,22477.50565549125,22750.14697441162,23022.78829333198,23295.429612252345,23568.070931172704,23840.712250093067,24113.35356901343,24385.9948879338,24658.63620685416,24931.27752577452,25203.918844694883,25476.56016361524,25749.201482535605,26021.84280145597,26294.48412037633,26567.12543929669,26839.76675821705,27112.40807713742,27385.04939605778,27657.690714978144,27930.332033898507,28202.97335281887,28475.61467173924,28748.2559906596
PD22,baseline,gibraltar,Transportation|Oil products|Gasoline type jet fuel|JETGAS|Final consumption|World aviation bunkers|WORLDAV,TJ,0.0,0.0,0.0,0.0,0.0,0.0,0.0,0.0,0.0,0.0,0.0,0.0,0.0,0.0,0.0,0.0,0.0,0.0,0.0,0.0,0.0,0.0,0.0,0.0,0.0,0.0,0.0,0.0,0.0,0.0,0.0,0.0,0.0,0.0,0.0,0.0,0.0,0.0,0.0,0.0,0.0,0.0,0.0,0.0,0.0,0.0,0.0,0.0,0.0,0.0,0.0,0.0,0.0,0.0,0.0,0.0,0.0,0.0,0.0,0.0,0.0
PD22,baseline,gibraltar,Transportation|Oil products|Gasoline type jet fuel|JETGAS|Final consumption|World marine bunkers|WORLDMAR,TJ,0.0,0.0,0.0,0.0,0.0,0.0,0.0,0.0,0.0,0.0,0.0,0.0,0.0,0.0,0.0,0.0,0.0,0.0,0.0,0.0,0.0,0.0,0.0,0.0,0.0,0.0,0.0,0.0,0.0,0.0,0.0,0.0,0.0,0.0,0.0,0.0,0.0,0.0,0.0,0.0,0.0,0.0,0.0,0.0,0.0,0.0,0.0,0.0,0.0,0.0,0.0,0.0,0.0,0.0,0.0,0.0,0.0,0.0,0.0,0.0,0.0
PD22,baseline,gibraltar,Transportation|Oil products|Kerosene type jet fuel excl. biofuels|NONBIOJETK|Final consumption|World aviation bunkers|WORLDAV,TJ,0.0,0.0,0.0,0.0,0.0,0.0,0.0,0.0,0.0,0.0,0.0,0.0,0.0,0.0,0.0,0.0,0.0,0.0,0.0,0.0,0.0,0.0,0.0,0.0,0.0,0.0,0.0,0.0,0.0,0.0,0.0,0.0,0.0,0.0,0.0,0.0,0.0,0.0,0.0,0.0,0.0,0.0,0.0,0.0,0.0,0.0,0.0,0.0,0.0,0.0,0.0,0.0,0.0,0.0,0.0,0.0,0.0,0.0,0.0,0.0,0.0
PD22,baseline,gibraltar,Transportation|Oil products|Kerosene type jet fuel excl. biofuels|NONBIOJETK|Final consumption|World marine bunkers|WORLDMAR,TJ,0.0,0.0,0.0,0.0,0.0,0.0,0.0,0.0,0.0,0.0,0.0,0.0,0.0,0.0,0.0,0.0,0.0,0.0,0.0,0.0,0.0,0.0,0.0,0.0,0.0,0.0,0.0,0.0,0.0,0.0,0.0,0.0,0.0,0.0,0.0,0.0,0.0,0.0,0.0,0.0,0.0,0.0,0.0,0.0,0.0,0.0,0.0,0.0,0.0,0.0,0.0,0.0,0.0,0.0,0.0,0.0,0.0,0.0,0.0,0.0,0.0
PD22,baseline,gibraltar,Transportation|Oil products|Kerosene type jet fuel excl. biofuels|NONBIOJETK|Supply|International aviation bunkers|AVBUNK,TJ,301.0016,344.0,171.9979,171.9979,171.9979,171.9979,171.9979,171.9979,171.9979,171.9979,171.9979,171.9979,171.9979,215.0006,257.999,257.999,257.999,301.0016,301.0016,257.999,215.0006,301.0016,257.999,301.0016,301.0016,344.0,430.0011,406.9109,307.106,343.9582,352.4824492765935,357.1545871119916,361.82672494738966,366.4988627827877,371.1710006181858,375.8431384535839,380.515276288982,385.18741412438,389.8595519597781,394.5316897951762,399.2038276305743,403.87596546597234,408.5481033013704,413.2202411367685,417.89237897216657,422.56451680756464,427.2366546429627,431.9087924783608,436.58093031375887,441.25306814915695,445.925205984555,450.5973438199531,455.2694816553512,459.9416194907493,464.6137573261473,469.2858951615454,473.9580329969435,478.6301708323416,483.3023086677396,487.9744465031377,492.6465843385358
PD22,baseline,gibraltar,Transportation|Oil products|Liquified petroleum gases (LPG)|LPG|Final consumption|World aviation bunkers|WORLDAV,TJ,0.0,0.0,0.0,0.0,0.0,0.0,0.0,0.0,0.0,0.0,0.0,0.0,0.0,0.0,0.0,0.0,0.0,0.0,0.0,0.0,0.0,0.0,0.0,0.0,0.0,0.0,0.0,0.0,0.0,0.0,0.0,0.0,0.0,0.0,0.0,0.0,0.0,0.0,0.0,0.0,0.0,0.0,0.0,0.0,0.0,0.0,0.0,0.0,0.0,0.0,0.0,0.0,0.0,0.0,0.0,0.0,0.0,0.0,0.0,0.0,0.0
PD22,baseline,gibraltar,Transportation|Oil products|Lubricants|LUBRIC|Final consumption|World marine bunkers|WORLDMAR,TJ,0.0,0.0,0.0,0.0,0.0,0.0,0.0,0.0,0.0,0.0,0.0,0.0,0.0,0.0,0.0,0.0,0.0,0.0,0.0,0.0,0.0,0.0,0.0,0.0,0.0,0.0,0.0,0.0,0.0,0.0,0.0,0.0,0.0,0.0,0.0,0.0,0.0,0.0,0.0,0.0,0.0,0.0,0.0,0.0,0.0,0.0,0.0,0.0,0.0,0.0,0.0,0.0,0.0,0.0,0.0,0.0,0.0,0.0,0.0,0.0,0.0
PD22,baseline,gibraltar,Transportation|Oil products|Motor gasoline excl. biofuels|NONBIOGASO|Final consumption|Road – 2&3-wheel|TTROAD,TJ,42.24012,42.24012,56.32016,56.32016,56.32016,56.32016,56.32016,59.840088,63.360016,66.879944,70.399872,73.920128,73.920128,73.920128,84.479912,84.479912,87.99984,87.99984,87.99984,98.559952,98.559952,95.040024,95.040024,102.07988,112.639992,119.679848,130.23996,141.42641600000002,152.60618399999998,164.665504,168.74637720887222,170.9831022859987,173.21982736312523,175.45655244025173,177.69327751737825,179.93000259450474,182.16672767163124,184.40345274875776,186.64017782588425,188.8769029030108,191.11362798013727,193.35035305726376,195.58707813439028,197.8238032115168,200.0605282886433,202.2972533657698,204.53397844289628,206.7707035200228,209.0074285971493,211.24415367427585,213.48087875140232,215.7176038285288,217.95432890565533,220.19105398278185,222.42777905990835,224.66450413703484,226.90122921416133,229.13795429128783,231.3746793684144,233.61140444554087,235.84812952266736
PD22,baseline,gibraltar,Transportation|Oil products|Motor gasoline excl. biofuels|NONBIOGASO|Final consumption|Road – Buses&Vans|MEDIUMROAD,TJ,58.080165,58.080165,77.44022,77.44022,77.44022,77.44022,77.44022,82.280121,87.12002199999999,91.959923,96.799824,101.640176,101.640176,101.640176,116.159879,116.159879,120.99978,120.99978,120.99978,135.519934,135.519934,130.68003299999998,130.68003299999998,140.359835,154.879989,164.559791,179.07994499999998,194.461322,209.833503,226.415068,232.02626866219927,235.10176564324823,238.1772626242972,241.2527596053461,244.32825658639504,247.403753567444,250.47925054849293,253.55474752954188,256.63024451059084,259.70574149163974,262.7812384726887,265.85673545373766,268.9322324347866,272.0077294158356,275.08322639688447,278.1587233779334,281.2342203589824,284.30971734003134,287.3852143210803,290.4607113021292,293.5362082831781,296.6117052642271,299.68720224527607,302.762699226325,305.8381962073739,308.9136931884229,311.98919016947184,315.06468715052074,318.1401841315697,321.21568111261865,324.2911780936676
PD22,baseline,gibraltar,Transportation|Oil products|Motor gasoline excl. biofuels|NONBIOGASO|Final consumption|Road – Light-duty vehicles|LIGHTROAD,TJ,211.2006,211.2006,281.6008,281.6008,281.6008,281.6008,281.6008,299.20044,316.80008,334.39972,351.99936,369.60064000000006,369.60064000000006,369.60064000000006,422.39956000000006,422.39956000000006,439.9992,439.9992,439.9992,492.79976,492.79976,475.20012,475.20012,510.3994,563.19996,598.3992400000001,651.1998,707.1320800000001,763.03092,823.32752,843.7318860443611,854.9155114299936,866.0991368156261,877.2827622012586,888.4663875868912,899.6500129725237,910.833638358156,922.0172637437888,933.2008891294212,944.3845145150538,955.5681399006862,966.7517652863188,977.9353906719512,989.1190160575836,1000.3026414432164,1011.4862668288488,1022.6698922144813,1033.8535176001135,1045.0371429857464,1056.2207683713789,1067.4043937570111,1078.5880191426438,1089.7716445282765,1100.955269913909,1112.1388952995414,1123.322520685174,1134.5061460708064,1145.6897714564388,1156.8733968420715,1168.057022227704,1179.2406476133365
PD22,baseline,gibraltar,Transportation|Oil products|Motor gasoline excl. biofuels|NONBIOGASO|Final consumption|Road – Trucks|HEAVYROAD,TJ,216.480615,216.480615,288.64082,288.64082,288.64082,288.64082,288.64082,306.68045099999995,324.72008199999993,342.759713,360.799344,378.840656,378.840656,378.840656,432.959549,432.959549,450.99918,450.99918,450.99918,505.119754,505.119754,487.080123,487.080123,523.1593849999999,577.279959,613.3592209999999,667.479795,724.810382,782.106693,843.910708,864.8251831954701,876.2883992157434,887.7516152360167,899.21483125629,910.6780472765636,922.1412632968368,933.60447931711,945.0676953373834,956.5309113576568,967.99412737793,979.4573433982032,990.9205594184766,1002.38377543875,1013.8469914590232,1025.3102074792969,1036.77342349957,1048.2366395198433,1059.6998555401167,1071.16307156039,1082.6262875806633,1094.0895036009365,1105.55271962121,1117.015935641483,1128.4791516617563,1139.94236768203,1151.4055837023031,1162.8687997225766,1174.3320157428498,1185.7952317631232,1197.2584477833966,1208.7216638036698
PD22,baseline,gibraltar,Transportation|Oil products|Motor gasoline excl. biofuels|NONBIOGASO|Final consumption|World aviation bunkers|WORLDAV,TJ,0.0,0.0,0.0,0.0,0.0,0.0,0.0,0.0,0.0,0.0,0.0,0.0,0.0,0.0,0.0,0.0,0.0,0.0,0.0,0.0,0.0,0.0,0.0,0.0,0.0,0.0,0.0,0.0,0.0,0.0,0.0,0.0,0.0,0.0,0.0,0.0,0.0,0.0,0.0,0.0,0.0,0.0,0.0,0.0,0.0,0.0,0.0,0.0,0.0,0.0,0.0,0.0,0.0,0.0,0.0,0.0,0.0,0.0,0.0,0.0,0.0
PD22,baseline,gibraltar,Transportation|Oil products|Motor gasoline excl. biofuels|NONBIOGASO|Final consumption|World marine bunkers|WORLDMAR,TJ,0.0,0.0,0.0,0.0,0.0,0.0,0.0,0.0,0.0,0.0,0.0,0.0,0.0,0.0,0.0,0.0,0.0,0.0,0.0,0.0,0.0,0.0,0.0,0.0,0.0,0.0,0.0,0.0,0.0,0.0,0.0,0.0,0.0,0.0,0.0,0.0,0.0,0.0,0.0,0.0,0.0,0.0,0.0,0.0,0.0,0.0,0.0,0.0,0.0,0.0,0.0,0.0,0.0,0.0,0.0,0.0,0.0,0.0,0.0,0.0,0.0
PD22,baseline,gibraltar,Transportation|Oil products|Other kerosene|OTHKERO|Final consumption|World aviation bunkers|WORLDAV,TJ,0.0,0.0,0.0,0.0,0.0,0.0,0.0,0.0,0.0,0.0,0.0,0.0,0.0,0.0,0.0,0.0,0.0,0.0,0.0,0.0,0.0,0.0,0.0,0.0,0.0,0.0,0.0,0.0,0.0,0.0,0.0,0.0,0.0,0.0,0.0,0.0,0.0,0.0,0.0,0.0,0.0,0.0,0.0,0.0,0.0,0.0,0.0,0.0,0.0,0.0,0.0,0.0,0.0,0.0,0.0,0.0,0.0,0.0,0.0,0.0,0.0
PD22,baseline,gibraltar,Transportation|Oil products|Other kerosene|OTHKERO|Final consumption|World marine bunkers|WORLDMAR,TJ,0.0,0.0,0.0,0.0,0.0,0.0,0.0,0.0,0.0,0.0,0.0,0.0,0.0,0.0,0.0,0.0,0.0,0.0,0.0,0.0,0.0,0.0,0.0,0.0,0.0,0.0,0.0,0.0,0.0,0.0,0.0,0.0,0.0,0.0,0.0,0.0,0.0,0.0,0.0,0.0,0.0,0.0,0.0,0.0,0.0,0.0,0.0,0.0,0.0,0.0,0.0,0.0,0.0,0.0,0.0,0.0,0.0,0.0,0.0,0.0,0.0
PD22,baseline,gibraltar,Transportation|Oil products|Other oil products|ONONSPEC|Final consumption|World aviation bunkers|WORLDAV,TJ,0.0,0.0,0.0,0.0,0.0,0.0,0.0,0.0,0.0,0.0,0.0,0.0,0.0,0.0,0.0,0.0,0.0,0.0,0.0,0.0,0.0,0.0,0.0,0.0,0.0,0.0,0.0,0.0,0.0,0.0,0.0,0.0,0.0,0.0,0.0,0.0,0.0,0.0,0.0,0.0,0.0,0.0,0.0,0.0,0.0,0.0,0.0,0.0,0.0,0.0,0.0,0.0,0.0,0.0,0.0,0.0,0.0,0.0,0.0,0.0,0.0
PD22,baseline,gibraltar,Transportation|Oil products|Other oil products|ONONSPEC|Final consumption|World marine bunkers|WORLDMAR,TJ,0.0,0.0,0.0,0.0,0.0,0.0,0.0,0.0,0.0,0.0,0.0,0.0,0.0,0.0,0.0,0.0,0.0,0.0,0.0,0.0,0.0,0.0,0.0,0.0,0.0,0.0,0.0,0.0,0.0,0.0,0.0,0.0,0.0,0.0,0.0,0.0,0.0,0.0,0.0,0.0,0.0,0.0,0.0,0.0,0.0,0.0,0.0,0.0,0.0,0.0,0.0,0.0,0.0,0.0,0.0,0.0,0.0,0.0,0.0,0.0,0.0
PD22,baseline,gibraltar,Transportation|Oil products|White spirit & industrial spirit (SBP)|WHITESP|Final consumption|World marine bunkers|WORLDMAR,TJ,0.0,0.0,0.0,0.0,0.0,0.0,0.0,0.0,0.0,0.0,0.0,0.0,0.0,0.0,0.0,0.0,0.0,0.0,0.0,0.0,0.0,0.0,0.0,0.0,0.0,0.0,0.0,0.0,0.0,0.0,0.0,0.0,0.0,0.0,0.0,0.0,0.0,0.0,0.0,0.0,0.0,0.0,0.0,0.0,0.0,0.0,0.0,0.0,0.0,0.0,0.0,0.0,0.0,0.0,0.0,0.0,0.0,0.0,0.0,0.0,0.0
PD22,pathway,gibraltar,Commercial|Electricity and Heat|Electricity|ELECTR|Final consumption|Commercial and public services|COMMPUB,TJ,0.0,32.4016,46.8001,57.602,57.602,46.8001,54.0013,50.4007,54.0013,50.4007,64.7991,35.9981,28.801,25.2003,10.8019,10.8019,14.3984,17.9991,17.9991,17.9991,17.9991,14.3984,57.602,32.4016,61.1985,54.0013,115.1998,114.9277,115.9492,118.2771,122.71216582631448,126.01061784794815,129.30906986958186,132.60752189121553,135.90597391284922,139.20442593448288,142.50287795611658,145.80132997775024,149.09978199938394,152.3982340210176,155.6966860426513,158.99513806428496,162.29359008591865,165.59204210755232,168.890494129186,172.18894615081967,175.48739817245337,178.78585019408703,182.08430221572075,185.3827542373544,188.68120625898808,191.97965828062172,195.27811030225544,198.5765623238891,201.8750143455228,205.1734663671565,208.47191838879016,211.77037041042385,215.06882243205752,218.3672744536912,221.66572647532487
PD22,pathway,gibraltar,Electric Power|Electricity and Heat|Electricity|ELECTR|Energy industry own use and Losses|Losses|DISTLOSS,TJ,-17.9991,-17.9991,-10.8019,-10.8019,-10.8019,-10.8019,-10.8019,-10.8019,-14.3984,-14.3984,-14.3984,-14.3984,-14.3984,-14.3984,-14.3984,-14.3984,-17.9991,-17.9991,-17.9991,-17.9991,-17.9991,-17.9991,-17.9991,-21.5997,-21.5997,-25.2003,-21.5997,-23.287,-23.4963,-23.9694,-23.54970323751177,-23.697067254789328,-23.84443127206688,-23.991795289344434,-24.13915930662199,-24.286523323899544,-24.433887341177098,-24.58125135845465,-24.728615375732204,-24.87597939300976,-25.02334341028731,-25.170707427564864,-25.31807144484242,-25.465435462119974,-25.612799479397527,-25.76016349667508,-25.90752751395264,-26.054891531230187,-26.20225554850774,-26.349619565785297,-26.49698358306285,-26.644347600340403,-26.79171161761796,-26.93907563489551,-27.086439652173063,-27.233803669450616,-27.38116768672817,-27.52853170400573,-27.67589572128328,-27.823259738560832,-27.970623755838385
PD22,pathway,gibraltar,"Electric Power|Electricity and Heat|Electricity|ELECTR|Energy industry own use and Losses|Own use in electricity, CHP and heat plants|EPOWERPLT",TJ,-3.6006,-7.2013,-7.2013,-7.2013,-7.2013,-7.2013,-7.2013,-7.2013,-7.2013,-7.2013,-10.8019,-10.8019,-10.8019,-10.8019,-10.8019,-10.8019,-10.8019,-10.8019,-10.8019,-10.8019,-14.3984,-10.8019,-14.3984,-14.3984,-14.3984,-14.3984,-14.3984,-15.3739,-15.5079,-15.8177,-15.540736977145444,-15.637984293143807,-15.73523160914217,-15.832478925140531,-15.929726241138896,-16.026973557137257,-16.12422087313562,-16.221468189133983,-16.318715505132346,-16.41596282113071,-16.51321013712907,-16.610457453127434,-16.707704769125797,-16.80495208512416,-16.902199401122523,-16.999446717120886,-17.09669403311925,-17.193941349117612,-17.291188665115975,-17.388435981114338,-17.4856832971127,-17.58293061311106,-17.680177929109423,-17.777425245107786,-17.87467256110615,-17.97191987710451,-18.069167193102874,-18.16641450910124,-18.2636618250996,-18.360909141097963,-18.45815645709633
PD22,pathway,gibraltar,Electric Power|Electricity and Heat|Electricity|ELECTR|Transformation processes|Main activity producer electricity plants|MAINELEC,TJ,284.401,331.201,356.4014,370.7998,381.6017,388.7988,396.0001,399.6008,417.5998,431.9982,450.0015,453.5979,464.3999,482.3989,489.6002,522.0019,543.6016,558.0,597.5987,626.3997,637.2017,615.602,633.601,680.4011,712.7985,806.3986,770.4005,768.5583,775.3912,790.9744,777.1246834909898,781.9875989226528,786.8505143543158,791.7134297859787,796.5763452176417,801.4392606493046,806.3021760809677,811.1650915126306,816.0280069442936,820.8909223759565,825.7538378076196,830.6167532392825,835.4796686709454,840.3425841026084,845.2054995342714,850.0684149659344,854.9313303975973,859.7942458292603,864.6571612609233,869.5200766925863,874.3829921242492,879.2459075559123,884.1088229875752,888.9717384192381,893.8346538509011,898.6975692825641,903.5604847142272,908.42340014589,913.2863155775532,918.149231009216,923.012146440879
PD22,pathway,gibraltar,Electric Power|Natural gas|Natural gas|NATGAS|Electricity output|Electricity output -main activity producer electricity plants|ELMAINE,TJ,0.0,0.0,0.0,0.0,0.0,0.0,0.0,0.0,0.0,0.0,0.0,0.0,0.0,0.0,0.0,0.0,0.0,0.0,0.0,0.0,0.0,0.0,0.0,0.0,0.0,0.0,0.0,0.0,0.0,263.65680000000003,259.0402511765833,260.66121478979613,262.29213479464306,263.9424842813486,265.61156437422306,267.2987093184041,269.00328454077163,270.72468484551314,272.46233273356216,274.2156768360952,275.98419045316155,277.7673701893012,279.5647346787271,281.3758233932837,283.2001955269802,285.0374289514194,286.8871192369197,288.7488787345638,290.62233571478964,292.50713355850706,294.40292999703723,296.309396397474,298.2262170903287,300.1530887365712,302.0897197313967,304.0358296422602,305.9911486788976,307.9554171932346,309.9283852072308,311.9098119668584,313.89946552054164
PD22,pathway,gibraltar,Electric Power|Natural gas|Natural gas|NATGAS|Transformation processes|Main activity producer electricity plants|MAINELEC,TJ,0.0,0.0,0.0,0.0,0.0,0.0,0.0,0.0,0.0,0.0,0.0,0.0,0.0,0.0,0.0,0.0,0.0,0.0,0.0,0.0,0.0,0.0,0.0,0.0,0.0,0.0,0.0,0.0,0.0,-659.1405,-647.599154205993,-651.6515540170161,-655.7039538280391,-659.7563536390621,-663.8087534500851,-667.8611532611081,-671.9135530721311,-675.9659528831542,-680.0183526941771,-684.0707525052002,-688.1231523162231,-692.1755521272462,-696.2279519382691,-700.2803517492922,-704.3327515603152,-708.3851513713382,-712.4375511823612,-716.4899509933842,-720.5423508044073,-724.5947506154303,-728.6471504264533,-732.6995502374763,-736.7519500484993,-740.8043498595223,-744.8567496705454,-748.9091494815683,-752.9615492925914,-757.0139491036143,-761.0663489146374,-765.1187487256603,-769.1711485366834
PD22,pathway,gibraltar,Electric Power|Oil products|Fuel oil|RESFUEL|Electricity output|Electricity output -main activity producer electricity plants|ELMAINE,TJ,284.40000000000003,331.2,356.40000000000003,370.8,381.6,388.8,396.0,399.6,417.6,432.0,450.0,453.6,464.4,482.4,489.6,522.0,543.6,558.0,597.6,626.4,637.2,615.6,633.6,680.4,712.8000000000001,806.4,770.4,768.5604000000001,775.3932,527.3172000000001,518.0840393182827,521.3259886775304,524.5878509559918,527.888572463463,531.2267554390215,534.6010683638534,538.0102420830526,541.4530661967317,544.9283856988719,548.4350978442984,551.9721492259174,555.5385330459361,559.1332865662076,562.7554887241328,566.404257901711,570.0787498363836,573.7781556632664,577.5017000792308,581.2486396200777,585.018261042757,588.8098798052383,592.6228386372212,596.4565061954189,600.3102757976287,604.1835642302603,608.0758106243937,611.9864753958178,615.915039244838,619.8610022119605,623.8238827858427,627.8032170601654
PD22,pathway,gibraltar,Electric Power|Oil products|Fuel oil|RESFUEL|Transformation processes|Main activity producer electricity plants|MAINELEC,TJ,-760.0005,-879.9984,-959.9997,-1000.0004,-1040.0011,-1040.0011,-1080.0018,-1080.0018,-1119.9983,-1159.999,-1240.0004,-1240.0004,-1280.0011,-1320.0017,-1320.0017,-1399.9989,-1480.0003,-1520.001,-1639.9989,-1720.0002,-1720.0002,-1679.9996,-1720.0002,-1839.9981,-1919.9995,-2159.9994,-2040.0016,-2044.561,-2058.2393,-1397.1603,-1372.6964563248523,-1381.2862063640157,-1389.8759564031784,-1398.4657064423411,-1407.0554564815045,-1415.6452065206672,-1424.2349565598302,-1432.824706598993,-1441.414456638156,-1450.004206677319,-1458.593956716482,-1467.1837067556448,-1475.7734567948078,-1484.3632068339707,-1492.9529568731336,-1501.5427069122966,-1510.1324569514595,-1518.7222069906225,-1527.3119570297854,-1535.9017070689486,-1544.4914571081115,-1553.0812071472744,-1561.6709571864374,-1570.2607072256003,-1578.8504572647632,-1587.4402073039262,-1596.029957343089,-1604.619707382252,-1613.209457421415,-1621.799207460578,-1630.3889574997409
PD22,pathway,gibraltar,Industrial|Electricity and Heat|Electricity|ELECTR|Energy industry own use and Losses|Energy industry own use|TOTENGY,TJ,-3.6006,-7.2013,-7.2013,-7.2013,-7.2013,-7.2013,-7.2013,-7.2013,-7.2013,-7.2013,-10.8019,-10.8019,-10.8019,-10.8019,-10.8019,-10.8019,-10.8019,-10.8019,-10.8019,-10.8019,-14.3984,-10.8019,-14.3984,-14.3984,-14.3984,-14.3984,-14.3984,-15.3739,-15.5079,-15.8177,-16.202684422961525,-16.478040868385857,-16.75339731381019,-17.028753759234526,-17.30411020465886,-17.57946665008319,-17.854823095507523,-18.130179540931856,-18.40553598635619,-18.68089243178052,-18.956248877204857,-19.23160532262919,-19.50696176805352,-19.78231821347785,-20.057674658902187,-20.333031104326523,-20.60838754975085,-20.883743995175188,-21.15910044059952,-21.43445688602385,-21.70981333144819,-21.98516977687252,-22.260526222296853,-22.535882667721182,-22.81123911314552,-23.08659555856985,-23.361952003994183,-23.63730844941852,-23.91266489484285,-24.188021340267184,-24.46337778569152
PD22,pathway,gibraltar,Industrial|Electricity and Heat|Electricity|ELECTR|Final consumption|Final consumption not elsewhere specified|ONONSPEC,TJ,262.8012,273.599,291.5981,295.1987,306.0007,323.9997,323.9997,331.201,341.9988,360.002,360.002,392.3995,410.3985,431.9982,453.5979,485.9996,500.398,511.1999,550.7987,579.5997,586.801,572.3984,543.6016,612.0013,615.602,712.7985,619.1984,614.9739,620.4377,632.9102,644.4887286085553,654.2214636988523,663.9541987891491,673.6869338794461,683.419668969743,693.1524040600399,702.8851391503368,712.6178742406337,722.3506093309306,732.0833444212276,741.8160795115244,751.5488146018214,761.2815496921183,771.0142847824152,780.7470198727121,790.4797549630091,800.2124900533059,809.9452251436029,819.6779602338997,829.4106953241967,839.1434304144937,848.8761655047906,858.6089005950874,868.3416356853844,878.0743707756812,887.8071058659782,897.5398409562752,907.272576046572,917.005311136869,926.7380462271658,936.4707813174628
PD22,pathway,gibraltar,Industrial|Oil products|Lubricants|LUBRIC|Final consumption|Non-energy use industry/transformation/energy|NEINTREN,TJ,42.002,0.0,42.002,42.002,42.002,42.002,42.002,42.002,42.002,42.002,42.002,0.0,0.0,0.0,0.0,0.0,0.0,0.0,0.0,0.0,0.0,0.0,0.0,0.0,0.0,0.0,0.0,0.0,0.0,0.0,0.0,0.0,0.0,0.0,0.0,0.0,0.0,0.0,0.0,0.0,0.0,0.0,0.0,0.0,0.0,0.0,0.0,0.0,0.0,0.0,0.0,0.0,0.0,0.0,0.0,0.0,0.0,0.0,0.0,0.0,0.0
PD22,pathway,gibraltar,Industrial|Oil products|Other oil products|ONONSPEC|Final consumption|Non-energy use industry/transformation/energy|NEINTREN,TJ,439.9992,439.9992,560.0012,560.0012,560.0012,560.0012,560.0012,600.0019,639.9984,679.9991,719.9998,719.9998,760.0005,760.0005,800.0012,800.0012,840.0019,840.0019,840.0019,800.0012,840.0019,840.0019,879.9984,879.9984,879.9984,919.9991,1000.0004,1065.0382,1128.0412,1195.8003,1191.6180500888086,1204.7663693036206,1217.9146885184325,1231.0630077332446,1244.2113269480567,1257.3596461628686,1270.5079653776806,1283.6562845924925,1296.8046038073046,1309.9529230221167,1323.1012422369286,1336.2495614517406,1349.3978806665527,1362.5461998813646,1375.6945190961767,1388.8428383109886,1401.9911575258006,1415.1394767406127,1428.2877959554246,1441.4361151702367,1454.5844343850488,1467.7327535998606,1480.8810728146727,1494.0293920294848,1507.1777112442967,1520.3260304591088,1533.4743496739206,1546.6226688887327,1559.7709881035448,1572.9193073183567,1586.0676265331688
PD22,pathway,gibraltar,Transportation|Electricity and Heat|Electricity|ELECTR|Final consumption|Road – 2&3-wheel|TTROAD,TJ,0.0,0.0,0.0,0.0,0.0,0.0,0.0,0.0,0.0,0.0,0.0,0.0,0.0,0.0,0.0,0.0,0.0,0.0,0.0,0.0,0.0,0.0,0.0,0.0,0.0,0.0,0.0,0.0,0.0,0.0,0.0,2.351299511053722,5.103864670739733,8.303310784717052,11.994488288168316,16.219246147132015,21.013682433525712,26.40497519072281,32.407986259876004,39.02194023885744,46.22757851943754,53.98524455713592,62.23433965033114,70.89447636487397,79.8684490417668,89.04686740257621,98.31401788521116,107.5542985189247,116.65847623814372,125.52906636699336,134.08431505417934,142.26052352101755,150.01272025291237,157.3139048576602,164.15322134670217,170.53346377870187,176.46829010817828,181.97944776884745,187.09422412538615,191.8432472191473,196.25868951111136
PD22,pathway,gibraltar,Transportation|Electricity and Heat|Electricity|ELECTR|Final consumption|Road – Buses&Vans|MEDIUMROAD,TJ,0.0,0.0,0.0,0.0,0.0,0.0,0.0,0.0,0.0,0.0,0.0,0.0,0.0,0.0,0.0,0.0,0.0,0.0,0.0,0.0,0.0,0.0,0.0,0.0,0.0,0.0,0.0,0.0,0.0,0.0,0.0,3.2330368276988684,7.017813922267132,11.417052328985944,16.492421396231432,22.30146345230652,28.89381334609785,36.306840887243865,44.560981107329496,53.65516782842897,63.56292046422661,74.22971126606188,85.5722170192053,97.4799050017017,109.81911743242932,122.43944267854228,135.1817745921653,147.88716046352144,160.4054048274476,172.60246625461582,184.3659331994966,195.60821984139915,206.2674903477545,216.3066191792828,225.71067935171544,234.48351269571504,242.64389889874516,250.22174068216515,257.25455817240595,263.7844649263276,269.8556980777781
PD22,pathway,gibraltar,Transportation|Electricity and Heat|Electricity|ELECTR|Final consumption|Road – Light-duty vehicles|LIGHTROAD,TJ,0.0,0.0,0.0,0.0,0.0,0.0,0.0,0.0,0.0,0.0,0.0,0.0,0.0,0.0,0.0,0.0,0.0,0.0,0.0,0.0,0.0,0.0,0.0,0.0,0.0,0.0,0.0,0.0,0.0,0.0,0.0,11.756497555268613,25.51932335369867,41.516553923585256,59.97244144084159,81.09623073566009,105.06841216762858,132.02487595361407,162.03993129938,195.1097011942872,231.1378925971877,269.9262227856796,311.1716982516556,354.4723818243698,399.342245208834,445.2343370128809,491.5700894260557,537.7714925946234,583.2923811907185,627.6453318349667,670.4215752708967,711.3026176050878,750.0636012645616,786.569524288301,820.7661067335107,852.6673188935092,882.3414505408913,909.897238844237,935.4711206269304,959.216236095736,981.2934475555564
PD22,pathway,gibraltar,Transportation|Electricity and Heat|Electricity|ELECTR|Final consumption|Road – Trucks|HEAVYROAD,TJ,0.0,0.0,0.0,0.0,0.0,0.0,0.0,0.0,0.0,0.0,0.0,0.0,0.0,0.0,0.0,0.0,0.0,0.0,0.0,0.0,0.0,0.0,0.0,0.0,0.0,0.0,0.0,0.0,0.0,0.0,0.0,12.050409994150325,26.157306437541127,42.55446777167488,61.47175247686261,83.12363650405158,107.69512247181926,135.32549785245442,166.0909295818645,199.98744372414436,236.9163399121173,276.67437835532155,318.95099070794697,363.33419136997895,409.3258013390547,456.3651954382031,503.8593416617069,551.2157799094889,597.8746907204865,643.3364651308407,687.182114652669,729.0851830452149,768.8151912961757,806.2337623955083,841.2852594018484,873.9840018658467,904.3999868044134,932.6446698153428,958.8578986426038,983.1966419981296,1005.8257837444456
PD22,pathway,gibraltar,Transportation|Hydrogen|Hydrogen|HYDROGEN|Supply|International marine bunkers|MARBUNK,TJ,0.0,0.0,0.0,0.0,0.0,0.0,0.0,0.0,0.0,0.0,0.0,0.0,0.0,0.0,0.0,0.0,0.0,0.0,0.0,0.0,0.0,0.0,0.0,0.0,0.0,0.0,0.0,0.0,0.0,0.0,0.0,1250.1113199420895,2713.5628491178813,4414.606797719538,6377.088718583908,8623.258378670327,11172.30797706716,14038.687216806698,17230.297667116047,20746.72707129501,24577.736238614903,28702.24104307142,33088.02307841115,37692.34289738854,42463.51933641545,47343.39305648889,52270.44282938548,57183.20675645776,62023.609083790485,66739.82030337778,71288.37448734835,75635.40501687054,79757.00196502673,83638.81008027277,87275.05757806035,90667.22997069756,93822.58875909974,96752.69636351155,99472.06060963268,101996.96545491836,104344.51597572032
PD22,pathway,gibraltar,Transportation|Oil products|Fuel oil|RESFUEL|Supply|International marine bunkers|MARBUNK,TJ,63240.0021,62359.9995,62480.0016,63759.9985,66479.9991,68560.0014,70520.0015,74999.999,90359.9991,95160.002,96520.0002,106520.0004,118079.998,136320.0016,129480.0013,145439.9991,141719.998,153679.9984,149200.0009,157960.0007,152479.9987,151840.0002,153120.0013,140079.9992,131559.9993,134320.0007,136480.0001,151940.6802,148430.442,152019.9615,155787.4426847607,155271.54998545948,154314.28237899483,152865.11297747117,150874.2155235518,148294.8990284022,145086.6120261299,141218.41975948188,136672.74916557613,131449.07612518527,125567.12026116344,119069.04696570623,112020.18901602412,104507.91635498988,96638.50443283144,88532.1483723643,80316.58057915336,72119.99645611992,64064.11021303952,56258.11918806775,48794.1664043077,41744.61293053324,35161.13750938425,29075.436418437224,23501.14107718124,18436.51283014749,13867.497359413974,9770.796521518205,6116.713257357595,2871.622163339576,0.0
PD22,pathway,gibraltar,Transportation|Oil products|Gas/diesel oil excl. biofuels|NONBIODIES|Final consumption|Road – 2&3-wheel|TTROAD,TJ,51.12016,105.64804,126.096032,126.096032,170.40008000000003,163.583968,166.992024,173.80813600000002,184.031968,190.84808,197.663856,204.47996,207.888016,211.296072,235.152128,241.967896,252.192064,245.375952,245.375952,272.640064,276.04812000000004,265.823952,272.640064,289.68,313.536056,340.80016000000006,368.063936,397.733944,429.176144,463.0996,474.57650745646055,473.0049394838601,470.0888076727972,465.6741915687283,459.6093050534725,451.75191300185537,441.97848316555417,430.1947787511323,416.34726679942383,400.4343506819189,382.5161024402489,362.7209708390812,341.2479796296041,318.36328455345176,294.3906333474664,269.6961773561727,244.6690288075995,219.69971036225104,195.1590009711623,171.37954934126532,148.6420514859053,127.1669414959349,107.11164873003132,88.57272980695842,71.59171022672712,56.16329350955766,42.24466587662994,29.764854010941576,18.633391528631705,8.747845099235178,0.0
PD22,pathway,gibraltar,Transportation|Oil products|Gas/diesel oil excl. biofuels|NONBIODIES|Final consumption|Road – Buses&Vans|MEDIUMROAD,TJ,70.29021999999999,145.266055,173.382044,173.382044,234.30011,224.927956,229.614033,238.98618700000003,253.043956,262.41611,271.787802,281.159945,285.846022,290.532099,323.334176,332.705857,346.764088,337.391934,337.391934,374.880088,379.566165,365.507934,374.880088,398.31,431.112077,468.60022,506.087912,546.8841729999999,590.117198,636.76195,652.5426977526332,650.3817917903077,646.3721105500961,640.3020134070014,631.9627944485246,621.1588803775511,607.7204143526368,591.5178207828068,572.4774918492076,550.5972321876385,525.9596408553421,498.7413349037366,469.2159719907056,437.7495162609961,404.7871208527662,370.8322438647373,336.41991461044915,302.0871017480951,268.3436263353481,235.64688034423975,204.38282079311975,174.85454455691047,147.278517003793,121.78750348456776,98.4386015617498,77.22452857564167,58.08641558036607,40.92667426504477,25.62091335186858,12.028287011448356,0.0
PD22,pathway,gibraltar,Transportation|Oil products|Gas/diesel oil excl. biofuels|NONBIODIES|Final consumption|Road – Light-duty vehicles|LIGHTROAD,TJ,255.6008,528.2402000000001,630.4801600000001,630.4801600000001,852.0004000000001,817.91984,834.96012,869.0406800000001,920.15984,954.2404,988.3192800000002,1022.3998,1039.44008,1056.48036,1175.7606400000002,1209.83948,1260.96032,1226.87976,1226.87976,1363.20032,1380.2406,1329.11976,1363.20032,1448.4,1567.68028,1704.0008000000005,1840.3196800000003,1988.66972,2145.88072,2315.498,2372.882537282303,2365.024697419301,2350.4440383639862,2328.370957843641,2298.0465252673625,2258.7595650092767,2209.892415827771,2150.9738937556613,2081.7363339971184,2002.1717534095949,1912.580512201244,1813.604854195406,1706.2398981480203,1591.816422767259,1471.9531667373317,1348.480886780863,1223.345144037997,1098.498551811255,975.7950048558114,856.8977467063266,743.2102574295263,635.8347074796748,535.5582436501563,442.86364903479216,357.9585511336354,280.81646754778785,211.2233293831496,148.824270054708,93.16695764315864,43.739225496176005,0.0
PD22,pathway,gibraltar,Transportation|Oil products|Gas/diesel oil excl. biofuels|NONBIODIES|Final consumption|Road – Trucks|HEAVYROAD,TJ,261.99082,541.446205,646.2421639999999,646.2421639999999,873.30041,838.367836,855.8341229999999,890.766697,943.163836,978.09641,1013.027262,1047.959795,1065.426082,1082.892369,1205.154656,1240.085467,1292.4843279999998,1257.5517539999998,1257.5517539999998,1397.2803279999998,1414.746615,1362.347754,1397.2803279999998,1484.61,1606.872287,1746.60082,1886.327672,2038.386463,2199.527738,2373.38545,2432.20460071436,2424.1503148547827,2409.205139323085,2386.5802317897324,2355.4976883990457,2315.228554134508,2265.1397262234645,2204.7482410995526,2133.7797423470465,2052.2260472448343,1960.3950250062749,1858.9449755502908,1748.895895601721,1631.6118333364402,1508.7519959057645,1382.192908950385,1253.9287726389466,1125.9610156065364,1000.1898799772066,878.3201903739846,761.7905138652645,651.7305751666663,548.9471997414103,453.9352402606619,366.90751491197625,287.8368792364827,216.503912617728,152.544876806076,95.49613158423745,44.83270613358036,0.0
PD22,pathway,gibraltar,Transportation|Oil products|Gas/diesel oil excl. biofuels|NONBIODIES|Supply|International marine bunkers|MARBUNK,TJ,8307.0006,8221.7992,8221.7992,8392.202,8732.9991,9031.1997,9286.7997,9883.201,11885.3999,12524.4019,12694.8005,14015.4009,15549.0006,17934.6016,17039.9997,19127.4,18658.8008,20235.0012,19638.5999,20788.8018,20064.5984,19979.4012,20149.7998,18445.8015,17338.2003,17721.5982,18019.7988,20061.1066,19597.6614,20071.5862,20569.01642304872,20500.901784143385,20374.511281935407,20183.173721564526,19920.310414223783,19579.756628664,19156.1582506283,18645.43088461592,18045.2543139727,17355.559337890096,16578.949588851912,15720.992271952528,14790.313441668786,13798.44877609424,12759.430096044707,11689.127072480542,10604.404543173903,9522.18847662782,8458.549112757946,7427.904056752279,6442.419188753745,5511.648526636629,4642.415347603277,3838.90459263984,3102.9160530934896,2434.2201698144163,1830.9613150885416,1290.0633751595378,807.605370994228,379.1476541408083,0.0
PD22,pathway,gibraltar,Transportation|Oil products|Kerosene type jet fuel excl. biofuels|NONBIOJETK|Supply|International aviation bunkers|AVBUNK,TJ,301.0016,344.0,171.9979,171.9979,171.9979,171.9979,171.9979,171.9979,171.9979,171.9979,171.9979,171.9979,171.9979,215.0006,257.999,257.999,257.999,301.0016,301.0016,257.999,215.0006,301.0016,257.999,301.0016,301.0016,344.0,430.0011,406.9109,307.106,343.9582,352.4824492765935,351.31519780189285,349.1492977477879,345.87042769727054,341.36585147005803,335.529926699731,328.27090221704856,319.5187854807857,309.23381592912096,297.41480769735404,284.1063781233315,269.40393002296446,253.45528440757727,236.45812326569288,218.65290391754704,200.3115781363445,181.72315144390112,163.1776769332584,144.95054344214338,127.28881931280614,110.40098603712744,94.4507667388334,79.55508900507328,65.78566838210992,53.173347125557086,41.71419137831066,31.376402040785702,22.10726506536878,13.839588309044984,6.497291412499067,0.0
PD22,pathway,gibraltar,Transportation|Oil products|Motor gasoline excl. biofuels|NONBIOGASO|Final consumption|Road – 2&3-wheel|TTROAD,TJ,42.24012,42.24012,56.32016,56.32016,56.32016,56.32016,56.32016,59.840088,63.360016,66.879944,70.399872,73.920128,73.920128,73.920128,84.479912,84.479912,87.99984,87.99984,87.99984,98.559952,98.559952,95.040024,95.040024,102.07988,112.639992,119.679848,130.23996,141.42641600000002,152.60618399999998,164.665504,168.74637720887222,168.18757078304392,167.1506743694018,165.58095807998365,163.42445093824264,160.6305780385357,157.15541470476649,152.96545292033005,148.04165783462042,142.38346173037277,136.0122245763961,128.97361922702288,121.33841306425332,113.20124376287424,104.6772271300596,95.896556531743,86.99758959367246,78.11918545266307,69.39318292447872,60.9378627568936,52.85303274613182,45.21707320318703,38.08596168599922,31.4940310773722,25.45604670508456,19.970125286334135,15.021043416765764,10.58356493332778,6.625522473548841,3.1104935572811883,0.0
PD22,pathway,gibraltar,Transportation|Oil products|Motor gasoline excl. biofuels|NONBIOGASO|Final consumption|Road – Buses&Vans|MEDIUMROAD,TJ,58.080165,58.080165,77.44022,77.44022,77.44022,77.44022,77.44022,82.280121,87.12002199999999,91.959923,96.799824,101.640176,101.640176,101.640176,116.159879,116.159879,120.99978,120.99978,120.99978,135.519934,135.519934,130.68003299999998,130.68003299999998,140.359835,154.879989,164.559791,179.07994499999998,194.461322,209.833503,226.415068,232.02626866219927,231.2579098266854,229.83217725792747,227.6738173599775,224.7086200400836,220.86704480298656,216.0886952190539,210.3274977654538,203.5572795226031,195.7772598792625,187.01680879254465,177.33872643715642,166.84031796334833,155.6517101739521,143.93118730383193,131.85776523114657,119.6216856912996,107.41387999741173,95.41562652115825,83.78956129072867,72.6729200259312,62.17347565438217,52.36819731824892,43.30429273138674,35.002064219491274,27.458922268709472,20.65393469805292,14.552401783325706,9.110093401129632,4.276928641261634,0.0
PD22,pathway,gibraltar,Transportation|Oil products|Motor gasoline excl. biofuels|NONBIOGASO|Final consumption|Road – Light-duty vehicles|LIGHTROAD,TJ,211.2006,211.2006,281.6008,281.6008,281.6008,281.6008,281.6008,299.20044,316.80008,334.39972,351.99936,369.60064000000006,369.60064000000006,369.60064000000006,422.39956000000006,422.39956000000006,439.9992,439.9992,439.9992,492.79976,492.79976,475.20012,475.20012,510.3994,563.19996,598.3992400000001,651.1998,707.1320800000001,763.03092,823.32752,843.7318860443611,840.9378539152195,835.7533718470089,827.9047903999182,817.1222546912132,803.1528901926785,785.7770735238323,764.8272646016504,740.208289173102,711.9173086518637,680.0611228819804,644.8680961351145,606.6920653212665,566.0062188143711,523.386135650298,479.4827826587148,434.9879479683623,390.5959272633152,346.9659146223936,304.6893137844679,264.26516373065897,226.0853660159352,190.4298084299961,157.47015538686094,127.28023352542276,99.85062643167078,75.10521708382885,52.91782466663892,33.12761236774418,15.55246778640594,0.0
PD22,pathway,gibraltar,Transportation|Oil products|Motor gasoline excl. biofuels|NONBIOGASO|Final consumption|Road – Trucks|HEAVYROAD,TJ,216.480615,216.480615,288.64082,288.64082,288.64082,288.64082,288.64082,306.68045099999995,324.72008199999993,342.759713,360.799344,378.840656,378.840656,378.840656,432.959549,432.959549,450.99918,450.99918,450.99918,505.119754,505.119754,487.080123,487.080123,523.1593849999999,577.279959,613.3592209999999,667.479795,724.810382,782.106693,843.910708,864.8251831954701,861.9613002631,856.6472061431841,848.6024101599162,837.5503110584937,823.2317124474955,805.4215003619281,783.9479462166915,758.7134964024297,729.7152413681602,697.0626509540298,660.9897985384922,621.8593669542983,580.1563742847303,536.4707890415555,491.4698522251827,445.8626466675713,400.3608254448982,355.6400624879534,312.30654662907955,270.8717928239254,231.7375001663336,195.19055364074583,161.4069092715324,130.4622393635583,102.34689209246244,76.98284751092456,54.24077028330487,33.955802676937765,15.941279481065976,0.0
