model,scenario,region,sector,product_category,product_long,product_short,flow_category,flow_long,flow_short,unit,2010,2011,2012,2013,2014,2015,2016,2017,2018,2019,2020,2021,2022,2023,2024,2025,2026,2027,2028,2029,2030,2031,2032,2033,2034,2035,2036,2037,2038,2039,2040,2041,2042,2043,2044,2045,2046,2047,2048,2049,2050
PD22,baseline,haiti,Commercial,Electricity and Heat,Electricity,ELECTR,Final consumption,Commercial and public services,COMMPUB,TJ,,,,,,,,,,,,,,,,,,,,,,,,,,,,,,,,,,,,,,,,,
PD22,baseline,haiti,Electric Power,Electricity and Heat,Electricity,ELECTR,Energy industry own use and Losses,Losses,DISTLOSS,TJ,1494.001,2361.598,2480.3985,2267.9979,2206.7995,2188.8004,2221.2021,2247.9892,2281.3496,2315.2041,2238.7992,2237.3587698816714,2265.548934519285,2293.739099156898,2321.929263794512,2350.119428432125,2378.309593069739,2406.4997577073527,2434.6899223449664,2462.88008698258,2491.070251620193,2519.260416257807,2547.4505808954204,2575.640745533034,2603.830910170648,2632.0210748082613,2660.2112394458745,2688.401404083488,2716.591568721102,2744.7817333587154,2772.971897996329,2801.1620626339427,2829.3522272715563,2857.542391909169,2885.732556546783,2913.922721184397,2942.1128858220104,2970.303050459624,2998.493215097237,3026.683379734851,3054.8735443724645
PD22,baseline,haiti,Electric Power,Electricity and Heat,Electricity,ELECTR,Energy industry own use and Losses,"Own use in electricity, CHP and heat plants",EPOWERPLT,TJ,17.9991,39.5988,68.3998,68.3998,39.5988,61.1985,61.1985,62.8104,63.7398,64.6902,62.555,62.51475248425493,63.30242283401471,64.09009318377448,64.87776353353426,65.66543388329404,66.45310423305382,67.2407745828136,68.02844493257338,68.81611528233316,69.60378563209294,70.39145598185272,71.1791263316125,71.96679668137227,72.75446703113205,73.54213738089183,74.32980773065162,75.11747808041139,75.90514843017118,76.69281877993095,77.48048912969074,78.26815947945052,79.0558298292103,79.84350017897007,80.63117052872985,81.41884087848963,82.20651122824941,82.99418157800919,83.78185192776897,84.56952227752875,85.35719262728853
PD22,baseline,haiti,Electric Power,Electricity and Heat,Electricity,ELECTR,Transformation processes,Autoproducer electricity plants,AUTOELEC,TJ,0.0,0.0,0.0,0.0,0.0,0.0,0.0,0.0,0.0,0.0,0.0,0.0,0.0,0.0,0.0,0.0,0.0,0.0,0.0,0.0,0.0,0.0,0.0,0.0,0.0,0.0,0.0,0.0,0.0,0.0,0.0,0.0,0.0,0.0,0.0,0.0,0.0,0.0,0.0,0.0,0.0
PD22,baseline,haiti,Electric Power,Electricity and Heat,Electricity,ELECTR,Transformation processes,Main activity producer electricity plants,MAINELEC,TJ,0.0,0.0,0.0,0.0,0.0,0.0,0.0,0.0,0.0,0.0,0.0,0.0,0.0,0.0,0.0,0.0,0.0,0.0,0.0,0.0,0.0,0.0,0.0,0.0,0.0,0.0,0.0,0.0,0.0,0.0,0.0,0.0,0.0,0.0,0.0,0.0,0.0,0.0,0.0,0.0,0.0
PD22,baseline,haiti,Electric Power,Electricity and Heat,Hydro,HYDRO,Electricity output,Electricity output -main activity producer electricity plants,ELMAINE,TJ,637.2,435.6,795.6,507.6,324.0,298.8,255.6,458.4312,709.8768,673.4232000000001,381.96,381.7142492028777,386.5237539074456,391.3332586120135,396.1427633165814,400.9522680211493,405.7617727257172,410.57127743028514,415.380782134853,420.1902868394209,424.99979154398886,429.80929624855673,434.6188009531247,439.4283056576926,444.23781036226046,449.0473150668284,453.8568197713963,458.6663244759642,463.47582918053206,468.2853338851,473.0948385896679,477.9043432942358,482.7138479988037,487.5233527033717,492.3328574079395,497.1423621125074,501.95186681707537,506.7613715216432,511.5708762262112,516.3803809307791,521.189885635347
PD22,baseline,haiti,Electric Power,Electricity and Heat,Hydro,HYDRO,Transformation processes,Main activity producer electricity plants,MAINELEC,TJ,637.2017,435.5989,795.6009,507.5993,323.9997,298.7994,255.6,458.4295,709.8761,673.42375,381.9618,381.71604804476834,386.5255754142972,391.335102783826,396.1446301533548,400.9541575228836,405.7636848924124,410.5732122619412,415.38273963147,420.1922670009988,425.0017943705277,429.8113217400564,434.62084910958527,439.4303764791141,444.2399038486429,449.0494312181717,453.8589585877005,458.6684859572293,463.4780133267581,468.28754069628695,473.0970680658157,477.90659543534457,482.7161228048734,487.5256501744022,492.33517754393097,497.1447049134598,501.95423228298864,506.7637596525174,511.5732870220463,516.382814391575,521.1923417611039
PD22,baseline,haiti,Electric Power,Electricity and Heat,Offshore wind energy,OFFSHORE,Electricity output,Electricity output -main activity producer electricity plants,ELMAINE,TJ,0.0,0.0,0.0,0.0,0.0,0.0,0.0,0.0,0.0,0.0,0.0,0.0,0.0,0.0,0.0,0.0,0.0,0.0,0.0,0.0,0.0,0.0,0.0,0.0,0.0,0.0,0.0,0.0,0.0,0.0,0.0,0.0,0.0,0.0,0.0,0.0,0.0,0.0,0.0,0.0,0.0
PD22,baseline,haiti,Electric Power,Electricity and Heat,Onshore wind energy,ONSHORE,Electricity output,Electricity output -main activity producer electricity plants,ELMAINE,TJ,0.0,0.0,0.0,0.0,0.0,0.0,0.0,0.0,0.108,0.252,0.252,0.2518378646955838,0.2550109592226314,0.2581840537496791,0.2613571482767267,0.2645302428037743,0.267703337330822,0.2708764318578696,0.2740495263849172,0.2772226209119649,0.2803957154390125,0.2835688099660601,0.2867419044931077,0.2899149990201554,0.293088093547203,0.2962611880742506,0.2994342826012983,0.3026073771283459,0.3057804716553935,0.3089535661824412,0.3121266607094888,0.3152997552365364,0.3184728497635841,0.3216459442906317,0.3248190388176794,0.327992133344727,0.3311652278717746,0.3343383223988223,0.3375114169258699,0.3406845114529175,0.3438576059799652
PD22,baseline,haiti,Electric Power,Electricity and Heat,Rooftop solar photovoltaics,ROOFTOP,Electricity output,Electricity output -main activity producer electricity plants,ELMAINE,TJ,0.864,0.864,0.864,0.864,0.864,1.728,1.728,2.7760320000000003,2.975616,2.975616,2.975616,2.9737015063254533,3.011169406500832,3.04863730667621,3.0861052068515886,3.1235731070269668,3.1610410072023454,3.198508907377724,3.235976807553102,3.2734447077284807,3.310912607903859,3.348380508079237,3.385848408254616,3.4233163084299942,3.460784208605373,3.498252108780751,3.5357200089561296,3.573187909131508,3.6106558093068863,3.648123709482265,3.685591609657643,3.7230595098330217,3.7605274100084,3.7979953101837785,3.835463210359157,3.872931110534535,3.910399010709914,3.947866910885292,3.985334811060671,4.022802711236049,4.060270611411427
PD22,baseline,haiti,Electric Power,Electricity and Heat,Rooftop solar photovoltaics,ROOFTOP,Transformation processes,Main activity producer electricity plants,MAINELEC,TJ,0.864144,0.864144,0.864144,0.864144,0.864144,1.728312,1.728312,2.776344,2.975304,2.975304,2.975304,2.9733897070644013,3.010853678646556,3.0483176502287104,3.085781621810865,3.1232455933930194,3.160709564975174,3.1981735365573285,3.235637508139483,3.273101479721637,3.310565451303792,3.348029422885946,3.3854933944681007,3.4229573660502552,3.4604213376324098,3.4978853092145643,3.535349280796719,3.5728132523788734,3.610277223961028,3.6477411955431824,3.685205167125337,3.722669138707492,3.760133110289646,3.797597081871801,3.835061053453954,3.8725250250361096,3.909988996618264,3.9474529682004182,3.9849169397825728,4.022380911364728,4.059844882946882
PD22,baseline,haiti,Electric Power,Electricity and Heat,Utility solar photovoltaics,SOLARPV,Electricity output,Electricity output -main activity producer electricity plants,ELMAINE,TJ,2.16,2.16,2.16,2.16,2.16,4.32,4.32,6.94008,7.439039999999999,7.439039999999999,7.439039999999999,7.434253765813632,7.527923516252078,7.621593266690524,7.71526301712897,7.808932767567416,7.902602518005862,7.996272268444308,8.089942018882754,8.1836117693212,8.277281519759647,8.370951270198093,8.464621020636539,8.558290771074985,8.65196052151343,8.745630271951876,8.839300022390322,8.932969772828768,9.026639523267214,9.12030927370566,9.213979024144107,9.307648774582551,9.401318525021,9.494988275459445,9.58865802589789,9.682327776336336,9.775997526774784,9.869667277213228,9.963337027651676,10.057006778090122,10.150676528528567
PD22,baseline,haiti,Electric Power,Electricity and Heat,Utility solar photovoltaics,SOLARPV,Transformation processes,Main activity producer electricity plants,MAINELEC,TJ,2.16036,2.16036,2.16036,2.16036,2.16036,4.32078,4.32078,6.94086,7.43826,7.43826,7.43826,7.433474267661003,7.527134196616389,7.620794125571775,7.714454054527161,7.8081139834825475,7.901773912437934,7.99543384139332,8.089093770348706,8.182753699304092,8.276413628259478,8.370073557214864,8.46373348617025,8.557393415125636,8.651053344081022,8.74471327303641,8.838373201991796,8.932033130947183,9.025693059902569,9.119352988857957,9.21301291781334,9.306672846768729,9.400332775724111,9.4939927046795,9.587652633634884,9.681312562590271,9.774972491545658,9.868632420501044,9.96229234945643,10.055952278411816,10.149612207367202
PD22,baseline,haiti,Industrial,Electricity and Heat,Electricity,ELECTR,Final consumption,Industry not elsewhere specified,INONSPEC,TJ,241.2015,298.7994,737.9989,615.602,662.402,662.402,673.1998,680.1205,690.2149,700.4558,677.3405,698.3504025836967,716.1550880462253,733.959773508754,751.7644589712826,769.5691444338113,787.3738298963399,805.1785153588685,822.9832008213972,840.7878862839258,858.5925717464545,876.3972572089831,894.2019426715117,912.0066281340404,929.811313596569,947.6159990590976,965.4206845216264,983.2253699841548,1001.0300554466836,1018.8347409092124,1036.639426371741,1054.4441118342695,1072.248797296798,1090.053482759327,1107.8581682218555,1125.662853684384,1143.4675391469127,1161.2722246094413,1179.07691007197,1196.8815955344987,1214.686280997027
PD22,baseline,haiti,Residential,Electricity and Heat,Electricity,ELECTR,Final consumption,Residential,RESIDENT,TJ,,,,,,,,,,,,,,,,,,,,,,,,,,,,,,,,,,,,,,,,,
PD22,pathway,haiti,Commercial,Electricity and Heat,Electricity,ELECTR,Final consumption,Commercial and public services,COMMPUB,TJ,,,,,,,,,,,,,,,,,,,,,,,,,,,,,,,,,,,,,,,,,
PD22,pathway,haiti,Electric Power,Electricity and Heat,Electricity,ELECTR,Energy industry own use and Losses,Losses,DISTLOSS,TJ,1494.001,2361.598,2480.3985,2267.9979,2206.7995,2188.8004,2221.2021,2247.9892,2281.3496,2315.2041,2238.7992,2237.3587698816714,2265.548934519285,2293.739099156898,2321.929263794512,2350.119428432125,2378.309593069739,2406.4997577073527,2434.6899223449664,2462.88008698258,2491.070251620193,2519.260416257807,2547.4505808954204,2575.640745533034,2603.830910170648,2632.0210748082613,2660.2112394458745,2688.401404083488,2716.591568721102,2744.7817333587154,2772.971897996329,2801.1620626339427,2829.3522272715563,2857.542391909169,2885.732556546783,2913.922721184397,2942.1128858220104,2970.303050459624,2998.493215097237,3026.683379734851,3054.8735443724645
PD22,pathway,haiti,Electric Power,Electricity and Heat,Electricity,ELECTR,Energy industry own use and Losses,"Own use in electricity, CHP and heat plants",EPOWERPLT,TJ,17.9991,39.5988,68.3998,68.3998,39.5988,61.1985,61.1985,62.8104,63.7398,64.6902,62.555,62.51475248425493,63.30242283401471,64.09009318377448,64.87776353353426,65.66543388329404,66.45310423305382,67.2407745828136,68.02844493257338,68.81611528233316,69.60378563209294,70.39145598185272,71.1791263316125,71.96679668137227,72.75446703113205,73.54213738089183,74.32980773065162,75.11747808041139,75.90514843017118,76.69281877993095,77.48048912969074,78.26815947945052,79.0558298292103,79.84350017897007,80.63117052872985,81.41884087848963,82.20651122824941,82.99418157800919,83.78185192776897,84.56952227752875,85.35719262728853
PD22,pathway,haiti,Electric Power,Electricity and Heat,Hydro,HYDRO,Electricity output,Electricity output -main activity producer electricity plants,ELMAINE,TJ,637.2,435.6,795.6,507.6,324.0,298.8,255.6,458.4312,709.8768,673.4232000000001,381.96,661.7376165524346,686.3251388401985,711.191294430025,736.4309469931351,762.1649894970839,788.5427670505522,815.7409212891133,843.9556928137366,873.385257651075,904.1996086656374,936.4990015386554,970.268476104992,1005.3434178593752,1041.4043153020173,1078.0120914037743,1114.6786750984884,1150.9500969443409,1186.4736958326248,1221.0308945435927,1254.5342712864765,1287.000668265623,1318.5155283096278,1349.1998883706372,1379.1855277057273,1408.599115043863,1437.5537764770515,1466.1458207832063,1494.4545920241349,1522.5439595358648,1550.4644847938223
PD22,pathway,haiti,Electric Power,Electricity and Heat,Hydro,HYDRO,Transformation processes,Main activity producer electricity plants,MAINELEC,TJ,637.2017,435.5989,795.6009,507.5993,323.9997,298.7994,255.6,458.4295,709.8761,673.42375,381.9618,381.71604804476834,386.5255754142972,391.335102783826,396.1446301533548,400.9541575228836,405.7636848924124,410.5732122619412,415.38273963147,420.1922670009988,425.0017943705277,429.8113217400564,434.62084910958527,439.4303764791141,444.2399038486429,449.0494312181717,453.8589585877005,458.6684859572293,463.4780133267581,468.28754069628695,473.0970680658157,477.90659543534457,482.7161228048734,487.5256501744022,492.33517754393097,497.1447049134598,501.95423228298864,506.7637596525174,511.5732870220463,516.382814391575,521.1923417611039
PD22,pathway,haiti,Electric Power,Electricity and Heat,Offshore wind energy,OFFSHORE,Electricity output,Electricity output -main activity producer electricity plants,ELMAINE,TJ,0.0,0.0,0.0,0.0,0.0,0.0,0.0,0.0,0.0,0.0,0.0,17.2711928951699,21.068739207979878,25.656479284119627,31.18841573052001,37.84538662531655,45.83859567849719,55.41315002462528,66.85138188652533,80.47563249101337,96.65005844688714,115.78088703299308,138.3144090384268,164.73187727101836,195.54040936811012,231.2590223619501,272.3991116633744,319.4390886607121,372.7935531134059,432.778300815098,499.573582318656,573.1891661671218,653.4356536222867,739.9068184804314,831.9772159226188,928.8177843884596,1029.4297830507403,1132.6945895441963,1237.4342647561998,1342.476029670452,1446.713340840034
PD22,pathway,haiti,Electric Power,Electricity and Heat,Onshore wind energy,ONSHORE,Electricity output,Electricity output -main activity producer electricity plants,ELMAINE,TJ,0.0,0.0,0.0,0.0,0.0,0.0,0.0,0.0,0.108,0.252,0.252,19.80740223774442,24.119571652092137,29.32768924002623,35.60647945333681,43.16113489481442,52.23132826749994,63.09523373504275,76.07330340685371,91.53143332015198,109.88301880177512,131.58924682165264,157.15681604138237,187.13213800204775,222.09099375745197,262.6226531029074,309.307674594418,362.6890621035682,423.2372079657249,491.3101058519118,567.1115868212391,650.6516269551508,741.713790489095,839.8352403528131,944.3041392480436,1054.177527294219,1168.320045701778,1285.4606662487922,1404.2616101858791,1523.391644454987,1641.5954349268895
PD22,pathway,haiti,Electric Power,Electricity and Heat,Rooftop solar photovoltaics,ROOFTOP,Electricity output,Electricity output -main activity producer electricity plants,ELMAINE,TJ,0.864,0.864,0.864,0.864,0.864,1.728,1.728,2.7760320000000003,2.975616,2.975616,2.975616,41.67884226811648,50.30014045680254,60.691811719107534,73.19854440012081,88.2250223054385,106.24380476549996,127.80322136704484,153.53478178018594,184.1593830519105,220.49133352816108,263.438914749612,313.99989596248366,373.2501477367753,442.3233466599164,522.3798271967096,614.5630486512727,719.9430379008339,839.447640353506,973.784466897672,1123.358905754084,1288.196101322376,1467.8767963441978,1661.4976719302908,1867.665658030328,2084.532323087316,2309.8691664712205,2541.178369106782,2775.8277178555327,3011.1944674713664,3244.801842585649
PD22,pathway,haiti,Electric Power,Electricity and Heat,Rooftop solar photovoltaics,ROOFTOP,Transformation processes,Main activity producer electricity plants,MAINELEC,TJ,0.864144,0.864144,0.864144,0.864144,0.864144,1.728312,1.728312,2.776344,2.975304,2.975304,2.975304,2.9733897070644013,3.010853678646556,3.0483176502287104,3.085781621810865,3.1232455933930194,3.160709564975174,3.1981735365573285,3.235637508139483,3.273101479721637,3.310565451303792,3.348029422885946,3.3854933944681007,3.4229573660502552,3.4604213376324098,3.4978853092145643,3.535349280796719,3.5728132523788734,3.610277223961028,3.6477411955431824,3.685205167125337,3.722669138707492,3.760133110289646,3.797597081871801,3.835061053453954,3.8725250250361096,3.909988996618264,3.9474529682004182,3.9849169397825728,4.022380911364728,4.059844882946882
PD22,pathway,haiti,Electric Power,Electricity and Heat,Utility solar photovoltaics,SOLARPV,Electricity output,Electricity output -main activity producer electricity plants,ELMAINE,TJ,2.16,2.16,2.16,2.16,2.16,4.32,4.32,6.94008,7.439039999999999,7.439039999999999,7.439039999999999,24.72850892841973,28.80127988346391,33.66111120086586,39.4602384027127,46.377206411748126,54.62029501685731,64.43094691927512,76.08698238102596,89.90529115975696,106.2435799633811,125.50062659080876,148.11436111678975,174.55697990767993,205.32623146394428,240.93203816918356,281.8777892364856,328.6360137167887,381.6187605244218,441.1438789029327,507.3994446400376,580.4096618506014,660.0064426914486,745.811227089105,837.2311746180305,933.4724996521678,1033.5715254607198,1136.4413763921236,1240.9296924907424,1345.8809602250342,1450.1964569428574
PD22,pathway,haiti,Electric Power,Electricity and Heat,Utility solar photovoltaics,SOLARPV,Transformation processes,Main activity producer electricity plants,MAINELEC,TJ,2.16036,2.16036,2.16036,2.16036,2.16036,4.32078,4.32078,6.94086,7.43826,7.43826,7.43826,7.433474267661003,7.527134196616389,7.620794125571775,7.714454054527161,7.8081139834825475,7.901773912437934,7.99543384139332,8.089093770348706,8.182753699304092,8.276413628259478,8.370073557214864,8.46373348617025,8.557393415125636,8.651053344081022,8.74471327303641,8.838373201991796,8.932033130947183,9.025693059902569,9.119352988857957,9.21301291781334,9.306672846768729,9.400332775724111,9.4939927046795,9.587652633634884,9.681312562590271,9.774972491545658,9.868632420501044,9.96229234945643,10.055952278411816,10.149612207367202
PD22,pathway,haiti,Industrial,Electricity and Heat,Electricity,ELECTR,Final consumption,Agriculture/forestry,AGRICULT,TJ,0.0,0.0,0.0,0.0,0.0,0.0,0.0,0.0,0.0,0.0,0.0,1.5160531644715198,3.357945098430521,5.569667748758523,8.196471740427352,11.28320084923942,14.872111707538712,19.000209765719077,23.69621451380393,28.97736604752825,34.84638592789297,41.28898377013356,48.27232799838839,55.74484904449402,63.63760491365887,71.867225716934,80.34020539219246,88.95808339018552,97.6229144054885,106.24239723479349,114.7341271941058,123.0286188879286,131.0709655970523,138.82120499567947,146.2536101657921,153.3552041228216,160.12380987604604,166.56591376474955,172.6945588419131,178.5274163445064,184.08511999155948
PD22,pathway,haiti,Industrial,Electricity and Heat,Electricity,ELECTR,Final consumption,Industry not elsewhere specified,INONSPEC,TJ,241.2015,298.7994,737.9989,615.602,662.402,662.402,673.1998,680.1205,690.2149,700.4558,677.3405,910.12575702402,1180.2382541670183,1495.7628659240836,1861.7164892061248,2283.079737372799,2764.569249822593,3310.358681003536,3923.7596992795216,4606.884659833464,5360.323242022717,6182.873767953927,7071.373105918581,8020.6642807818735,9023.726910010671,10071.973607058266,11155.689589316453,12264.568894828,13388.284933260442,14517.029573570177,15641.964070028656,16755.543743425173,17851.701127772005,18925.893695830626,19975.038208283346,20997.36241455205,21992.206639407137,22959.804467336824,23901.065505236307,24817.37605681013,25710.426890684303
PD22,pathway,haiti,Residential,Electricity and Heat,Electricity,ELECTR,Final consumption,Residential,RESIDENT,TJ,,,,,,,,,,,,,,,,,,,,,,,,,,,,,,,,,,,,,,,,,
PD22,pathway,haiti,Transportation,Electricity and Heat,Electricity,ELECTR,Final consumption,International aviation bunkers,AVBUNK,TJ,0.0,0.0,0.0,0.0,0.0,0.0,0.0,0.0,0.0,0.0,0.0,3.695200303486568,8.134578185040557,13.413925721777623,19.63052721492865,26.8792032213606,35.24724295456323,44.808333994889296,55.61578806285133,67.69558340999215,81.03996026187143,95.60245908356475,111.295317350067,127.98998613748527,145.52117773145812,163.6943512536626,182.29598531342728,201.10550973599763,219.90749777678477,238.5027256585905,256.71697628725053,274.40691308089214,291.46285383126366,307.80871573274163,323.3997042604793,338.21845645968904,352.2703437764294,365.57853592728986,378.1792754084249,390.1176532376933,401.444037077064
PD22,pathway,haiti,Transportation,Electricity and Heat,Electricity,ELECTR,Final consumption,Road – 2&3-wheel,TTROAD,TJ,0.0,0.0,0.0,0.0,0.0,0.0,0.0,0.0,0.0,0.0,0.0,6.0699139606422765,13.362249846841966,22.034360337330625,32.24604931002943,44.15307357772592,57.898818605904864,73.60432716247449,91.35717164677116,111.20002518576018,133.12014120027436,157.04120302099096,182.8190476981378,210.2425145790632,239.04009410473745,268.892224060324,299.4481639273966,330.34559451536114,361.2306454796944,391.7760622503628,421.6956674390784,450.7540094740939,478.77091907839446,505.6214189717009,531.2319275104221,555.5739234689124,578.6562302431287,600.5169075252774,621.215488984797,640.8260432989771,659.4313068148198
PD22,pathway,haiti,Transportation,Electricity and Heat,Electricity,ELECTR,Final consumption,Road – Buses&Vans,MEDIUMROAD,TJ,0.0,0.0,0.0,0.0,0.0,0.0,0.0,0.0,0.0,0.0,0.0,8.34613169588313,18.373093539407705,30.29724546382961,44.33831780129046,60.71047616937312,79.6108755831192,101.20594984840244,125.61611101431036,152.9000346304203,183.0401941503773,215.93165415386267,251.3761905849396,289.08345754621195,328.680129394014,369.7268080829455,411.7412254001704,454.2251924586217,496.69213753458,538.692085594249,579.8315427287332,619.7867630268793,658.3100137327926,695.2294510860888,730.4439003268308,763.9141447697548,795.6523165843023,825.7107478472567,854.1712973540962,881.1358095360939,906.7180468703776
PD22,pathway,haiti,Transportation,Electricity and Heat,Electricity,ELECTR,Final consumption,Road – Light-duty vehicles,LIGHTROAD,TJ,0.0,0.0,0.0,0.0,0.0,0.0,0.0,0.0,0.0,0.0,0.0,30.349569803211384,66.81124923420984,110.17180168665314,161.23024655014714,220.7653678886296,289.4940930295244,368.02163581237255,456.78585823385583,556.000125928801,665.6007060013719,785.206015104955,914.0952384906892,1051.2125728953158,1195.200470523687,1344.46112030162,1497.240819636983,1651.7279725768058,1806.1532273984728,1958.880311251814,2108.4783371953927,2253.770047370469,2393.854595391973,2528.1070948585048,2656.1596375521112,2777.869617344562,2893.281151215644,3002.584537626388,3106.077444923985,3204.1302164948856,3297.1565340740995
PD22,pathway,haiti,Transportation,Electricity and Heat,Electricity,ELECTR,Final consumption,Road – Trucks,HEAVYROAD,TJ,0.0,0.0,0.0,0.0,0.0,0.0,0.0,0.0,0.0,0.0,0.0,31.108309048291662,68.48153046506508,112.92609672881946,165.26100271390084,226.2845020858453,296.7314453552625,377.2221767076818,468.2055046897023,569.9001290770209,682.2407236514064,804.836165482579,936.9476194529568,1077.4928872176993,1225.0804822867794,1378.0726483091607,1534.671840127908,1693.0211718912262,1851.3070580834344,2007.8523190331096,2161.190295625278,2310.1142985547312,2453.7009602767725,2591.309772229968,2722.563628490914,2847.316357778177,2965.613179996036,3077.649151067048,3183.729381047086,3284.2334719072587,3379.585447425953
PD22,pathway,haiti,Transportation,Electricity and Heat,Electricity,ELECTR,Final consumption,Transport not elsewhere specified,TRNONSPE,TJ,0.0,0.0,0.0,0.0,0.0,0.0,0.0,0.0,0.0,0.0,0.0,27.36438670102829,60.23969604439815,99.33530539149764,145.37164260013714,199.05089054870243,261.0194596064795,331.8230347913912,411.85641000254617,501.3119642350329,600.1322333594242,707.973166559741,824.1848484119579,947.8153244414862,1077.640575228201,1212.219950364448,1349.972241411333,1489.2640409589787,1628.5000306861805,1766.204881508843,1901.0884484975716,2032.089268853972,2158.395103426084,2279.4425296269333,2394.8998266838103,2504.638415204513,2608.698072823546,2707.2503802489714,2800.563727175079,2888.9720300199447,2972.8482807910814
PD22,baseline,haiti,Commercial,Biofuels and Waste,Biofuels and Waste,Biofuels and Waste,Final consumption,Commercial and public services,COMMPUB,TJ,,,,,,,,,,,,,,,,,,,,,,,,,,,,,,,,,,,,,,,,,
PD22,baseline,haiti,Commercial,Oil products,Oil products,Oil products,Final consumption,Commercial and public services,COMMPUB,TJ,,,,,,,,,,,,,,,,,,,,,,,,,,,,,,,,,,,,,,,,,
PD22,baseline,haiti,Commercial,Oil products,Oil products,Oil products,Final consumption,Commercial and public services,COMMPUB,TJ,,,,,,,,,,,,,,,,,,,,,,,,,,,,,,,,,,,,,,,,,
PD22,baseline,haiti,Electric Power,Biofuels and Waste,Biofuels and Waste,Biofuels and Waste,Electricity output,Electricity output -autoproducer electricity plants,ELAUTOE,TJ,61.2,61.2,61.2,61.2,61.2,61.2,61.2,61.2,61.2,61.2,61.2,61.1606242832132,61.931232954067625,62.70184162492205,63.47245029577648,64.2430589666309,65.01366763748533,65.78427630833976,66.55488497919418,67.3254936500486,68.09610232090303,68.86671099175746,69.63731966261189,70.4079283334663,71.17853700432073,71.94914567517516,72.71975434602959,73.490363016884,74.26097168773843,75.03158035859286,75.80218902944729,76.5727977003017,77.34340637115614,78.11401504201056,78.884623712865,79.65523238371941,80.42584105457384,81.19644972542827,81.96705839628268,82.73766706713711,83.50827573799154
PD22,baseline,haiti,Electric Power,Biofuels and Waste,Biofuels and Waste,Biofuels and Waste,Transformation processes,Autoproducer electricity plants,AUTOELEC,TJ,383.0001,383.0001,383.0001,383.0001,383.0001,383.0001,383.0001,383.0001,383.0001,383.0001,383.0001,382.7536800087105,387.5762812831894,392.3988825576684,397.2214838321473,402.0440851066263,406.8666863811053,411.68928765558417,416.5118889300632,421.3344902045421,426.157091479021,430.9796927535,435.8022940279789,440.6248953024578,445.4474965769368,450.27009785141576,455.0926991258947,459.91530040037367,464.7379016748527,469.5605029493316,474.3831042238105,479.2057054982895,484.0283067727684,488.85090804724734,493.6735093217263,498.49611059620526,503.3187118706842,508.1413131451632,512.9639144196422,517.786515694121,522.6091169686
PD22,baseline,haiti,Electric Power,Oil products,Oil products,Oil products,Electricity output,Electricity output -main activity producer electricity plants,ELMAINE,TJ,399.6,1602.0,1908.0,1749.6,1904.4,1922.4,2178.0,2285.1684,2108.664,2206.7028,2292.1668,2290.6920334845604,2319.554183993133,2348.416334501705,2377.278485010278,2406.1406355188506,2435.002786027423,2463.864936535996,2492.727087044568,2521.5892375531407,2550.4513880617133,2579.313538570286,2608.1756890788583,2637.037839587431,2665.8999900960034,2694.7621406045764,2723.6242911131485,2752.486441621721,2781.3485921302936,2810.2107426388666,2839.0728931474387,2867.935043656012,2896.797194164584,2925.6593446731567,2954.5214951817293,2983.383645690302,3012.2457961988744,3041.107946707447,3069.9700972160194,3098.832247724592,3127.6943982331645
PD22,baseline,haiti,Electric Power,Oil products,Oil products,Oil products,Transformation processes,Autoproducer electricity plants,AUTOELEC,TJ,643.1928,669.9925000000001,696.7922000000001,723.5919000000001,750.3915999999999,777.1913,803.991,830.7907,857.5904,884.3901000000001,911.1898,910.6035458904604,922.076924332848,933.5503027752352,945.0236812176228,956.49705966001,967.9704381023976,979.443816544785,990.9171949871724,1002.3905734295598,1013.8639518719472,1025.3373303143346,1036.810708756722,1048.2840871991093,1059.7574656414968,1071.2308440838842,1082.7042225262717,1094.1776009686591,1105.6509794110466,1117.1243578534338,1128.5977362958213,1140.0711147382087,1151.5444931805962,1163.0178716229834,1174.4912500653709,1185.9646285077583,1197.4380069501458,1208.9113853925332,1220.3847638349207,1231.858142277308,1243.3315207196954
PD22,baseline,haiti,Electric Power,Oil products,Oil products,Oil products,Transformation processes,Main activity producer electricity plants,MAINELEC,TJ,1648.2008,5427.0013,6874.1981,6311.4,6874.1981,6874.1981,7758.6009,8242.9718,7686.5629,7800.6071,7543.2068,7538.353545512728,7633.334927312206,7728.316309111684,7823.297690911162,7918.27907271064,8013.2604545101185,8108.241836309597,8203.223218109075,8298.204599908553,8393.185981708031,8488.16736350751,8583.148745306988,8678.130127106466,8773.111508905944,8868.092890705422,8963.074272504899,9058.05565430438,9153.037036103857,9248.018417903337,9342.999799702811,9437.98118150229,9532.962563301768,9627.943945101246,9722.925326900724,9817.906708700202,9912.88809049968,10007.86947229916,10102.850854098637,10197.832235898117,10292.813617697591
PD22,baseline,haiti,Electric Power,Oil products,Oil products,Oil products,Electricity output,Electricity output -autoproducer electricity plants,ELAUTOE,TJ,115.2,158.4,208.8,234.0,180.0,158.4,133.20000000000002,83.7864,76.63680000000001,77.7744,75.2076,75.15921187650629,76.10619927314275,77.05318666977921,78.00017406641567,78.94716146305213,79.89414885968858,80.84113625632503,81.78812365296149,82.73511104959795,83.6820984462344,84.62908584287086,85.57607323950732,86.52306063614378,87.47004803278024,88.4170354294167,89.36402282605314,90.3110102226896,91.25799761932606,92.20498501596252,93.15197241259898,94.09895980923544,95.0459472058719,95.99293460250836,96.9399219991448,97.88690939578126,98.83389679241772,99.78088418905418,100.72787158569064,101.6748589823271,102.62184637896355
PD22,baseline,haiti,Electric Power,Oil products,Oil products,Oil products,Electricity output,Electricity output -main activity producer electricity plants,ELMAINE,TJ,1335.6,1357.2,1047.6,1306.8,1310.4,1357.2,1335.6,971.1864,866.9556,907.2648,942.4008,941.7944649182932,953.6608411911716,965.5272174640496,977.393593736928,989.2599700098062,1001.1263462826844,1012.9927225555626,1024.859098828441,1036.725475101319,1048.5918513741972,1060.4582276470755,1072.3246039199537,1084.1909801928318,1096.0573564657102,1107.9237327385883,1119.7901090114665,1131.6564852843449,1143.522861557223,1155.3892378301011,1167.2556141029795,1179.1219903758576,1190.9883666487358,1202.8547429216142,1214.7211191944923,1226.5874954673704,1238.4538717402488,1250.320248013127,1262.186624286005,1274.0530005588837,1285.9193768317616
PD22,baseline,haiti,Electric Power,Oil products,Oil products,Oil products,Transformation processes,Autoproducer electricity plants,AUTOELEC,TJ,562.8985,736.0981,866.0019,952.6017,736.0981,649.4983,562.8985,379.2194,345.8799,351.0339,339.4281,339.2097139749169,343.4836720956954,347.7576302164739,352.03158833725234,356.30554645803085,360.5795045788093,364.8534626995878,369.12742082036624,373.4013789411448,377.6753370619232,381.9492951827017,386.2232533034801,390.4972114242586,394.7711695450371,399.0451276658156,403.319085786594,407.5930439073725,411.867002028151,416.1409601489295,420.4149182697079,424.6888763904864,428.9628345112649,433.2367926320434,437.5107507528218,441.78470887360027,446.0586669943788,450.33262511515727,454.6065832359357,458.88054135671416,463.1544994774927
PD22,baseline,haiti,Electric Power,Oil products,Oil products,Oil products,Transformation processes,Main activity producer electricity plants,MAINELEC,TJ,4763.0,4589.8004,3767.0984,4719.7001,4719.7001,4849.5997,4763.0,3503.2295,3160.2511,3207.1432,3101.3177,3099.3223305976944,3138.3730219489084,3177.4237133001225,3216.4744046513365,3255.5250960025505,3294.575787353765,3333.6264787049786,3372.6771700561926,3411.727861407406,3450.7785527586207,3489.8292441098347,3528.8799354610487,3567.9306268122627,3606.9813181634768,3646.032009514691,3685.082700865905,3724.133392217119,3763.184083568333,3802.234774919547,3841.2854662707614,3880.336157621975,3919.386848973189,3958.437540324404,3997.4882316756175,4036.538923026832,4075.5896143780456,4114.640305729259,4153.690997080474,4192.741688431688,4231.792379782902
PD22,baseline,haiti,Electric Power,Oil products,Oil products,Oil products,Electricity output,Electricity output -autoproducer electricity plants,ELAUTOE,TJ,352.80000000000007,364.8000000000001,376.8000000000001,388.8000000000001,400.8000000000001,412.8000000000001,424.8000000000001,436.8000000000001,448.8000000000001,460.8000000000002,472.8000000000002,472.4958032860002,478.4491330176991,484.402462749398,490.3557924810968,496.3091222127957,502.2624519444946,508.2157816761935,514.1691114078924,520.1224411395913,526.0757708712902,532.029100602989,537.9824303346879,543.9357600663868,549.8890897980857,555.8424195297846,561.7957492614835,567.7490789931824,573.7024087248813,579.6557384565801,585.609068188279,591.5623979199779,597.5157276516768,603.4690573833757,609.4223871150746,615.3757168467735,621.3290465784723,627.2823763101712,633.2357060418701,639.189035773569,645.1423655052679
PD22,baseline,haiti,Electric Power,Oil products,Oil products,Oil products,Electricity output,Electricity output -main activity producer electricity plants,ELMAINE,TJ,1249.2,1292.4,1335.6,1378.8000000000002,1422.0,1465.2,1508.4,1551.6,1594.8000000000002,1638.0,1681.2000000000005,1680.1183258976805,1701.2873993852695,1722.456472872859,1743.625546360448,1764.7946198480372,1785.9636933356264,1807.132766823216,1828.301840310805,1849.470913798394,1870.6399872859836,1891.8090607735724,1912.9781342611616,1934.1472077487508,1955.31628123634,1976.485354723929,1997.6544282115185,2018.8235016991075,2039.9925751866967,2061.161648674286,2082.330722161875,2103.4997956494644,2124.6688691370537,2145.837942624643,2167.007016112232,2188.1760895998214,2209.34516308741,2230.514236575,2251.6833100625886,2272.852383550178,2294.021457037767
PD22,baseline,haiti,Industrial,Biofuels and Waste,Biofuels and Waste,Biofuels and Waste,Transformation processes,Charcoal production plants,TCHARCOAL,TJ,0.0,0.0,0.0,0.0,0.0,0.0,0.0,0.0,0.0,0.0,0.0,0.0,0.0,0.0,0.0,0.0,0.0,0.0,0.0,0.0,0.0,0.0,0.0,0.0,0.0,0.0,0.0,0.0,0.0,0.0,0.0,0.0,0.0,0.0,0.0,0.0,0.0,0.0,0.0,0.0,0.0
PD22,baseline,haiti,Industrial,Biofuels and Waste,Biofuels and Waste,Biofuels and Waste,Final consumption,Industry not elsewhere specified,INONSPEC,TJ,3169.0015,3345.9985,3334.9997,3321.9997,3307.9991,3369.0007,3417.9989,3457.6813,3508.9738,3561.0409,3443.5551,3518.66024567252,3685.922526261508,3853.184806850497,4020.447087439485,4187.709368028473,4354.971648617462,4522.23392920645,4689.496209795439,4856.758490384427,5024.020770973415,5191.283051562404,5358.545332151392,5525.80761274038,5693.069893329368,5860.3321739183575,6027.594454507345,6194.856735096333,6362.119015685322,6529.38129627431,6696.643576863298,6863.905857452287,7031.168138041276,7198.430418630263,7365.692699219252,7532.954979808241,7700.2172603972285,7867.479540986216,8034.741821575206,8202.004102164194,8369.266382753181
PD22,baseline,haiti,Industrial,Biofuels and Waste,Biofuels and Waste,Biofuels and Waste,Transformation processes,Charcoal production plants,TCHARCOAL,TJ,69562.9996,72342.0006,75149.9994,75210.0005,72667.001,73200.998,74254.9998,75126.3775,76241.1633,77372.4911,74819.2004,76451.03342777512,80085.19339540525,83719.35336303538,87353.51333066549,90987.67329829562,94621.83326592574,98255.99323355588,101890.15320118598,105524.31316881612,109158.47313644624,112792.63310407636,116426.79307170647,120060.9530393366,123695.11300696673,127329.27297459684,130963.43294222697,134597.5929098571,138231.75287748722,141865.91284511733,145500.07281274747,149134.2327803776,152768.39274800773,156402.55271563784,160036.71268326795,163670.8726508981,167305.03261852823,170939.19258615834,174573.35255378846,178207.51252141857,181841.6724890487
PD22,baseline,haiti,Industrial,Coal,Coal,Coal,Final consumption,Industry not elsewhere specified,INONSPEC,TJ,2837.9971000000005,2958.3969000000006,3078.7967,3199.1965,3319.5963,3439.9961000000003,3560.3959000000004,3680.7957000000006,3801.1955000000007,3921.5953,4041.9951,4223.5316844766185,4378.232394004667,4532.933103532715,4687.633813060764,4842.334522588812,4997.035232116861,5151.735941644909,5306.436651172958,5461.137360701006,5615.838070229054,5770.538779757103,5925.239489285152,6079.9401988132,6234.640908341248,6389.341617869297,6544.042327397345,6698.743036925393,6853.443746453442,7008.14445598149,7162.845165509539,7317.545875037587,7472.246584565635,7626.947294093684,7781.648003621733,7936.34871314978,8091.049422677829,8245.750132205878,8400.450841733928,8555.151551261974,8709.852260790023
PD22,baseline,haiti,Industrial,Oil products,Oil products,Oil products,Non-energy use,Non-energy use industry/transformation/energy,NEINTREN,TJ,156.0002,195.0002,507.0005,78.0001,546.0006,390.0004,195.0002,51.326,384.8507,179.597,175.18355666666668,177.5254810792173,183.46251439542704,189.3995477116368,195.33658102784656,201.2736143440563,207.2106476602661,213.14768097647584,219.0847142926856,225.02174760889537,230.95878092510512,236.8958142413149,242.83284755752464,248.7698808737344,254.70691418994411,260.64394750615395,266.5809808223637,272.51801413857345,278.4550474547832,284.39208077099295,290.3291140872027,296.26614740341245,302.2031807196222,308.140214035832,314.0772473520417,320.0142806682515,325.9513139844613,331.88834730067106,337.8253806168808,343.76241393309056,349.6994472493003
PD22,baseline,haiti,Industrial,Oil products,Oil products,Oil products,Energy industry own use and Losses,Losses,DISTLOSS,TJ,40.2017,40.2017,40.2017,40.2017,40.2017,40.2017,40.2017,40.2017,40.2017,40.2017,40.2017,40.739132533323776,42.10158250756662,43.46403248180947,44.82648245605231,46.18893243029516,47.551382404538,48.91383237878085,50.276282353023696,51.63873232726655,53.00118230150939,54.36363227575224,55.72608224999508,57.08853222423792,58.45098219848077,59.81343217272362,61.17588214696647,62.53833212120931,63.90078209545216,65.26323206969501,66.62568204393784,67.98813201818069,69.35058199242354,70.71303196666639,72.07548194090924,73.43793191515208,74.80038188939493,76.16283186363776,77.52528183788061,78.88773181212346,80.25018178636631
PD22,baseline,haiti,Industrial,Oil products,Oil products,Oil products,Final consumption,Industry not elsewhere specified,INONSPEC,TJ,80.3991,442.2014,401.9998,321.6007,401.9998,401.9998,401.9998,402.5231,408.5144,414.5434,400.8735,406.2325385642241,419.8182846831604,433.4040308020966,446.9897769210328,460.5755230399691,474.1612691589054,487.7470152778416,501.3327613967778,514.918507515714,528.5042536346504,542.0899997535867,555.6757458725228,569.261491991459,582.8472381103953,596.4329842293316,610.0187303482678,623.6044764672041,637.1902225861403,650.7759687050766,664.3617148240128,677.9474609429491,691.5332070618854,705.1189531808216,718.7046992997577,732.290445418694,745.8761915376303,759.4619376565665,773.0476837755028,786.6334298944391,800.2191760133753
PD22,baseline,haiti,Industrial,Oil products,Oil products,Oil products,Energy industry own use and Losses,Oil refineries,EREFINER,TJ,43.2999,43.2999,43.2999,43.2999,43.2999,43.2999,43.2999,43.2999,43.2999,43.2999,43.2999,43.87875051999458,45.34619959900661,46.81364867801864,48.281097757030665,49.74854683604269,51.21599591505472,52.68344499406675,54.15089407307877,55.6183431520908,57.08579223110283,58.553241310114856,60.02069038912688,61.4881394681389,62.95558854715093,64.42303762616297,65.890486705175,67.35793578418702,68.82538486319905,70.29283394221108,71.7602830212231,73.22773210023513,74.69518117924714,76.16263025825918,77.63007933727121,79.09752841628323,80.56497749529525,82.03242657430728,83.49987565331931,84.96732473233133,86.43477381134336
PD22,baseline,haiti,Industrial,Oil products,Oil products,Oil products,Final consumption,Agriculture/forestry,AGRICULT,TJ,129.8997,129.8997,129.8997,129.8997,129.8997,129.8997,129.8997,129.8997,129.8997,129.8997,129.8997,131.63625155998375,136.03859879701983,140.4409460340559,144.843293271092,149.24564050812808,153.64798774516413,158.05033498220024,162.4526822192363,166.85502945627238,171.25737669330846,175.65972393034454,180.06207116738062,184.4644184044167,188.8667656414528,193.26911287848887,197.67146011552492,202.073807352561,206.47615458959712,210.8785018266332,215.28084906366925,219.68319630070533,224.08554353774144,228.4878907747775,232.8902380118136,237.2925852488497,241.6949324858857,246.09727972292183,250.49962695995788,254.901974196994,259.30432143403004
PD22,baseline,haiti,Industrial,Oil products,Oil products,Oil products,Final consumption,Industry not elsewhere specified,INONSPEC,TJ,7057.8981,7014.5982,4330.0011,6062.0007,8703.2979,7577.5009,7664.1007,7772.1327,7887.4413,8004.4833,7740.3507,7843.826828758622,8106.150079065091,8368.47332937156,8630.79657967803,8893.1198299845,9155.443080290968,9417.766330597438,9680.089580903908,9942.412831210377,10204.736081516849,10467.059331823317,10729.382582129783,10991.705832436255,11254.029082742723,11516.352333049192,11778.675583355664,12040.998833662132,12303.322083968602,12565.645334275072,12827.96858458154,13090.29183488801,13352.61508519448,13614.938335500949,13877.26158580742,14139.584836113889,14401.908086420355,14664.231336726829,14926.554587033295,15188.877837339764,15451.201087646235
PD22,baseline,haiti,Industrial,Oil products,Oil products,Oil products,Transformation processes,Non-specified (transformation),TNONSPEC,TJ,389.699,389.699,389.699,389.699,389.699,389.699,389.699,389.699,389.699,389.699,389.699,394.9086533431109,408.1156916651834,421.322729987256,434.52976830932846,447.736806631401,460.9438449534735,474.150883275546,487.35792159761854,500.56495991969103,513.7719982417635,526.9790365638361,540.1860748859085,553.3931132079811,566.6001515300536,579.8071898521262,593.0142281741986,606.2212664962711,619.4283048183437,632.6353431404161,645.8423814624887,659.0494197845612,672.2564581066338,685.4634964287062,698.6705347507788,711.8775730728512,725.0846113949237,738.2916497169963,751.4986880390688,764.7057263611413,777.9127646832138
PD22,baseline,haiti,Industrial,Oil products,Oil products,Oil products,Energy industry own use and Losses,Non-specified (energy),ENONSPEC,TJ,4.4589,4.4589,4.4589,4.4589,4.4589,4.4589,4.4589,4.4589,4.505,4.4589,4.325,4.382818343667689,4.529394138686316,4.675969933704942,4.822545728723568,4.969121523742194,5.11569731876082,5.262273113779447,5.408848908798072,5.555424703816699,5.702000498835325,5.848576293853951,5.995152088872578,6.141727883891203,6.28830367890983,6.434879473928456,6.5814552689470815,6.728031063965709,6.874606858984334,7.021182654002961,7.167758449021587,7.314334244040213,7.46091003905884,7.607485834077465,7.754061629096092,7.900637424114718,8.047213219133344,8.193789014151971,8.340364809170596,8.486940604189222,8.63351639920785
PD22,baseline,haiti,Industrial,Oil products,Oil products,Oil products,Energy industry own use and Losses,Losses,DISTLOSS,TJ,47.2983,47.2983,47.2983,47.2983,23.6512,23.6512,23.6512,23.6512,23.982,24.3588,23.5549,23.86979139959724,24.66807537510804,25.46635935061885,26.264643326129654,27.062927301640464,27.86121127715127,28.65949525266208,29.457779228172885,30.25606320368369,31.0543471791945,31.852631154705307,32.65091513021611,33.44919910572692,34.24748308123773,35.04576705674854,35.844051032259344,36.64233500777015,37.44061898328096,38.23890295879176,39.03718693430257,39.83547090981338,40.63375488532419,41.43203886083499,42.2303228363458,43.028606811856605,43.82689078736742,44.62517476287822,45.42345873838903,46.22174271389984,47.02002668941064
PD22,baseline,haiti,Industrial,Oil products,Oil products,Oil products,Energy industry own use and Losses,Non-specified (energy),ENONSPEC,TJ,1.5617,1.5617,1.5617,1.5617,1.5617,1.5617,1.5617,1.5617,1.6077,1.6077,1.5617,1.5825774352152209,1.635504006100906,1.6884305769865915,1.7413571478722767,1.794283718757962,1.8472102896436475,1.9001368605293325,1.9530634314150177,2.005990002300703,2.058916573186388,2.1118431440720737,2.164769714957759,2.217696285843444,2.2706228567291293,2.3235494276148145,2.3764759985005,2.4294025693861854,2.4823291402718706,2.535255711157556,2.588182282043241,2.6411088529289266,2.694035423814612,2.746961994700297,2.799888565585982,2.8528151364716674,2.905741707357353,2.958668278243038,3.0115948491287234,3.0645214200144086,3.117447990900094
PD22,baseline,haiti,Industrial,Oil products,Oil products,Oil products,Final consumption,Industry not elsewhere specified,INONSPEC,TJ,47.2983,47.2983,47.2983,47.2983,47.2983,47.2983,47.2983,38.2171,38.7865,39.3517,38.0287,38.53708299325675,39.82588922123937,41.114695449222,42.403501677204616,43.69230790518724,44.981114133169854,46.26992036115248,47.5587265891351,48.84753281711773,50.13633904510034,51.42514527308296,52.71395150106558,54.002757729048206,55.29156395703082,56.58037018501345,57.86917641299607,59.15798264097869,60.446788868961306,61.735595096943925,63.02440132492655,64.31320755290918,65.6020137808918,66.89082000887441,68.17962623685703,69.46843246483965,70.75723869282228,72.04604492080489,73.33485114878752,74.62365737677014,75.91246360475276
PD22,baseline,haiti,Industrial,Oil products,Oil products,Oil products,Non-energy use,Non-energy use industry/transformation/energy,NEINTREN,TJ,83.9998,42.002,210.0015,167.9995,378.0011,294.0013,335.9991,313.1517,326.4239,271.3633,1620.0655,1647.7852457721672,1695.2513116444727,1742.7173775167782,1790.1834433890838,1837.6495092613893,1885.1155751336948,1932.5816410060004,1980.047706878306,2027.5137727506117,2074.9798386229168,2122.4459044952223,2169.911970367528,2217.3780362398334,2264.844102112139,2312.3101679844444,2359.77623385675,2407.2422997290555,2454.708365601361,2502.1744314736666,2549.640497345972,2597.1065632182776,2644.572629090583,2692.0386949628887,2739.5047608351942,2786.9708267075,2834.4368925798053,2881.902958452111,2929.3690243244164,2976.835090196722,3024.3011560690275
PD22,baseline,haiti,Industrial,Oil products,Oil products,Oil products,Energy industry own use and Losses,Non-specified (energy),ENONSPEC,TJ,20.0255,20.0255,20.0255,20.0255,20.0255,20.0255,20.0255,20.0255,20.2934,20.6074,20.626796666666664,20.902544000409293,21.60159350794784,22.300643015486383,22.999692523024933,23.69874203056348,24.39779153810203,25.096841045640577,25.795890553179124,26.49494006071767,27.193989568256217,27.893039075794764,28.592088583333314,29.29113809087186,29.990187598410408,30.689237105948955,31.3882866134875,32.08733612102605,32.786385628564595,33.48543513610314,34.18448464364169,34.883534151180235,35.58258365871878,36.281633166257336,36.98068267379588,37.67973218133443,38.37878168887298,39.07783119641152,39.77688070395007,40.47593021148862,41.17497971902717
PD22,baseline,haiti,Industrial,Oil products,Oil products,Oil products,Final consumption,Industry not elsewhere specified,INONSPEC,TJ,89.6017,89.6017,89.6017,89.6017,89.6017,89.6017,89.6017,89.6017,89.6017,89.6017,89.6017,90.79953164943564,93.83616527082764,96.87279889221966,99.90943251361166,102.94606613500368,105.98269975639568,109.0193333777877,112.0559669991797,115.09260062057172,118.12923424196372,121.16586786335574,124.20250148474776,127.23913510613976,130.27576872753178,133.3124023489238,136.34903597031578,139.3856695917078,142.4223032130998,145.45893683449182,148.49557045588384,151.53220407727585,154.56883769866786,157.60547132005985,160.64210494145186,163.67873856284388,166.7153721842359,169.7520058056279,172.78863942701992,175.82527304841193,178.86190666980394
PD22,baseline,haiti,Industrial,Oil products,Oil products,Oil products,Final consumption,Industry not elsewhere specified,INONSPEC,TJ,919.79805,951.0836142857142,982.3691785714284,1013.6547428571428,1044.9403071428571,1076.2258714285713,1107.5114357142857,1138.797,1170.0825642857142,1201.3681285714283,1232.6536928571427,1249.1323043801162,1290.9073783716033,1332.68245236309,1374.457526354577,1416.232600346064,1458.0076743375512,1499.782748329038,1541.557822320525,1583.332896312012,1625.1079703034989,1666.883044294986,1708.658118286473,1750.4331922779595,1792.2082662694468,1833.9833402609336,1875.7584142524208,1917.533488243908,1959.308562235395,2001.0836362268813,2042.8587102183683,2084.6337842098555,2126.4088582013424,2168.183932192829,2209.9590061843164,2251.7340801758032,2293.50915416729,2335.2842281587773,2377.059302150265,2418.834376141751,2460.609450133238
PD22,baseline,haiti,Industrial,Oil products,Oil products,Oil products,Non-energy use,Non-energy use industry/transformation/energy,NEINTREN,TJ,490.004275,500.00445,510.004625,520.0047999999999,530.0049750000001,540.00515,550.005325,560.0055,570.005675,580.00585,590.0060249999999,597.8934634091229,617.8889783640719,637.8844933190209,657.8800082739699,677.8755232289188,697.8710381838679,717.8665531388169,737.8620680937659,757.8575830487149,777.853098003664,797.8486129586129,817.8441279135619,837.839642868511,857.8351578234599,877.8306727784089,897.826187733358,917.8217026883068,937.8172176432558,957.8127325982048,977.808247553154,997.8037625081027,1017.799277463052,1037.794792418001,1057.79030737295,1077.785822327899,1097.781337282848,1117.776852237797,1137.772367192746,1157.767882147695,1177.763397102644
PD22,baseline,haiti,Residential,Biofuels and Waste,Biofuels and Waste,Biofuels and Waste,Final consumption,Residential,RESIDENT,TJ,,,,,,,,,,,,,,,,,,,,,,,,,,,,,,,,,,,,,,,,,
PD22,baseline,haiti,Residential,Biofuels and Waste,Biofuels and Waste,Biofuels and Waste,Final consumption,Residential,RESIDENT,TJ,,,,,,,,,,,,,,,,,,,,,,,,,,,,,,,,,,,,,,,,,
PD22,baseline,haiti,Residential,Biofuels and Waste,Biofuels and Waste,Biofuels and Waste,Final consumption,Residential,RESIDENT,TJ,,,,,,,,,,,,,,,,,,,,,,,,,,,,,,,,,,,,,,,,,
PD22,baseline,haiti,Residential,Oil products,Oil products,Oil products,Final consumption,Residential,RESIDENT,TJ,,,,,,,,,,,,,,,,,,,,,,,,,,,,,,,,,,,,,,,,,
PD22,baseline,haiti,Residential,Oil products,Oil products,Oil products,Final consumption,Residential,RESIDENT,TJ,,,,,,,,,,,,,,,,,,,,,,,,,,,,,,,,,,,,,,,,,
PD22,baseline,haiti,Residential,Oil products,Oil products,Oil products,Final consumption,Residential,RESIDENT,TJ,,,,,,,,,,,,,,,,,,,,,,,,,,,,,,,,,,,,,,,,,
PD22,baseline,haiti,Transportation,Oil products,Oil products,Oil products,Energy industry own use and Losses,Losses,DISTLOSS,TJ,1602.1,1602.1,1602.1,1602.1,1602.1,1602.1,1602.1,1602.1,1602.1,1602.1,1602.1,1704.7520166903157,1751.5053876833706,1798.2587586764255,1845.0121296694804,1891.7655006625355,1938.5188716555904,1985.2722426486453,2032.0256136417,2078.778984634755,2125.53235562781,2172.285726620865,2219.03909761392,2265.7924686069746,2312.545839600029,2359.2992105930844,2406.0525815861392,2452.805952579194,2499.559323572249,2546.312694565304,2593.066065558359,2639.8194365514137,2686.572807544469,2733.3261785375234,2780.0795495305783,2826.832920523633,2873.586291516688,2920.339662509743,2967.0930335027983,3013.846404495853,3060.599775488908
PD22,baseline,haiti,Transportation,Oil products,Oil products,Oil products,Final consumption,Road – 2&3-wheel,TTROAD,TJ,755.152016,755.152016,523.0639600000001,460.71212,661.623928,803.647888,814.039856,824.213784,836.4452640000001,848.856616,820.846928,873.4413931103243,897.3958035424405,921.3502139745568,945.3046244066728,969.2590348387891,993.2134452709053,1017.1678557030216,1041.1222661351376,1065.0766765672538,1089.03108699937,1112.9854974314862,1136.9399078636025,1160.894318295719,1184.848728727835,1208.8031391599511,1232.757549592067,1256.7119600241836,1280.6663704562998,1304.620780888416,1328.5751913205322,1352.5296017526484,1376.4840121847649,1400.4384226168809,1424.392833048997,1448.3472434811133,1472.3016539132295,1496.2560643453455,1520.210474777462,1544.164885209578,1568.1192956416942
PD22,baseline,haiti,Transportation,Oil products,Oil products,Oil products,Final consumption,Road – Buses&Vans,MEDIUMROAD,TJ,1038.334022,1038.334022,719.212945,633.479165,909.732901,1105.015846,1119.304802,1133.293953,1150.112238,1167.1778470000002,1128.664526,1200.9819155266955,1233.9192298708556,1266.8565442150154,1299.793858559175,1332.731172903335,1365.6684872474948,1398.6058015916549,1431.5431159358145,1464.4804302799744,1497.417744624134,1530.355058968294,1563.2923733124535,1596.2296876566136,1629.1670020007732,1662.104316344933,1695.041630689093,1727.9789450332528,1760.9162593774126,1793.8535737215725,1826.7908880657324,1859.728202409892,1892.665516754052,1925.602831098212,1958.5401454423716,1991.4774597865312,2024.414774130691,2057.352088474851,2090.289402819011,2123.22671716317,2156.1640315073305
PD22,baseline,haiti,Transportation,Oil products,Oil products,Oil products,Final consumption,Road – Light-duty vehicles,LIGHTROAD,TJ,3775.76008,3775.76008,2615.3198,2303.5606,3308.1196400000003,4018.23944,4070.19928,4121.068920000001,4182.226320000001,4244.28308,4104.234640000001,4367.206965551622,4486.979017712202,4606.751069872784,4726.523122033364,4846.295174193946,4966.067226354527,5085.839278515108,5205.611330675689,5325.383382836269,5445.155434996851,5564.927487157432,5684.699539318013,5804.471591478594,5924.243643639175,6044.015695799756,6163.787747960337,6283.559800120918,6403.331852281499,6523.10390444208,6642.87595660266,6762.648008763242,6882.420060923823,7002.192113084404,7121.9641652449845,7241.736217405566,7361.508269566147,7481.280321726728,7601.052373887309,7720.82442604789,7840.596478208471
PD22,baseline,haiti,Transportation,Oil products,Oil products,Oil products,Final consumption,Road – Trucks,HEAVYROAD,TJ,3870.154082,3870.154082,2680.702795,2361.149615,3390.822631,4118.695425999999,4171.954262,4224.095643,4286.781978,4350.390157,4206.840506,4476.387139690412,4599.153493155007,4721.919846619603,4844.686200084198,4967.452553548794,5090.21890701339,5212.985260477985,5335.751613942581,5458.517967407177,5581.284320871772,5704.050674336368,5826.817027800964,5949.583381265559,6072.3497347301545,6195.116088194751,6317.882441659346,6440.648795123941,6563.415148588538,6686.181502053132,6808.947855517728,6931.714208982324,7054.480562446919,7177.246915911515,7300.013269376111,7422.779622840706,7545.545976305302,7668.312329769898,7791.078683234493,7913.845036699089,8036.611390163684
PD22,baseline,haiti,Transportation,Oil products,Oil products,Oil products,Final consumption,Transport not elsewhere specified,TRNONSPE,TJ,5861.741237500001,5986.228925000001,6110.716612500001,6235.204300000001,6359.691987500001,6484.179675000001,6608.667362500001,6733.155050000001,6857.642737500002,6982.130425000001,7106.618112500002,7561.963397498474,7769.352669778404,7976.741942058334,8184.131214338264,8391.520486618194,8598.909758898124,8806.299031178054,9013.688303457984,9221.077575737916,9428.466848017844,9635.856120297776,9843.245392577706,10050.634664857636,10258.023937137566,10465.413209417497,10672.802481697428,10880.191753977357,11087.581026257289,11294.970298537217,11502.359570817149,11709.748843097075,11917.138115377007,12124.527387656935,12331.91665993687,12539.305932216796,12746.69520449673,12954.084476776658,13161.47374905659,13368.86302133652,13576.25229361645
PD22,baseline,haiti,Transportation,Oil products,Oil products,Oil products,Energy industry own use and Losses,Losses,DISTLOSS,TJ,133.8018,133.8018,133.8018,267.5993,133.8018,223.0015,223.0015,222.1977,225.4969,223.9352,216.5329,230.40690216266307,236.7258853758845,243.04486858910596,249.36385180232736,255.6828350155488,262.0018182287702,268.32080144199165,274.6397846552131,280.9587678684345,287.27775108165594,293.59673429487736,299.9157175080988,306.2347007213202,312.55368393454165,318.8726671477631,325.1916503609845,331.51063357420594,337.82961678742737,344.1486000006488,350.4675832138702,356.78656642709166,363.1055496403131,369.4245328535345,375.743516066756,382.0624992799774,388.3814824931988,394.7004657064202,401.01944891964166,407.3384321328631,413.6574153460845
PD22,baseline,haiti,Transportation,Oil products,Oil products,Oil products,Final consumption,International aviation bunkers,AVBUNK,TJ,892.0019,758.2002,713.5982,1204.199,624.3984,981.2017,981.2017,987.9341,1002.6088,995.6043,962.7337,1024.4193350045125,1052.5143639313064,1080.6093928581,1108.704421784894,1136.7994507116878,1164.8944796384817,1192.9895085652754,1221.084537492069,1249.179566418863,1277.274595345657,1305.369624272451,1333.4646531992446,1361.5596821260383,1389.6547110528322,1417.749739979626,1445.84476890642,1473.9397978332136,1502.0348267600075,1530.1298556868012,1558.2248846135951,1586.3199135403888,1614.4149424671828,1642.509971393977,1670.6050003207704,1698.700029247564,1726.795058174358,1754.890087101152,1782.9851160279457,1811.0801449547396,1839.1751738815333
PD22,baseline,haiti,Transportation,Oil products,Oil products,Oil products,Final consumption,Transport not elsewhere specified,TRNONSPE,TJ,47.2983,47.2983,47.2983,47.2983,22.8934,22.8934,22.8934,22.8934,23.2702,23.601,22.7971,24.257788028019974,24.92306564731076,25.588343266601548,26.25362088589234,26.91889850518313,27.584176124473917,28.2494537437647,28.914731363055488,29.58000898234628,30.245286601637066,30.910564220927853,31.57584184021864,32.24111945950943,32.90639707880022,33.571674698091,34.23695231738179,34.90222993667258,35.56750755596337,36.23278517525416,36.89806279454494,37.56334041383573,38.22861803312652,38.89389565241731,39.5591732717081,40.22445089099888,40.88972851028967,41.55500612958046,42.220283748871246,42.88556136816203,43.55083898745282
PD22,baseline,haiti,Transportation,Oil products,Oil products,Oil products,Energy industry own use and Losses,Losses,DISTLOSS,TJ,358.3985,358.3985,358.3985,313.5997,313.5997,403.2014,403.2014,399.7933,405.7553,411.755,413.53355,440.0300563832504,452.0980218543353,464.1659873254201,476.2339527965049,488.30191826758977,500.3698837386746,512.4378492097594,524.5058146808443,536.5737801519291,548.641745623014,560.7097110940988,572.7776765651836,584.8456420362685,596.9136075073533,608.9815729784382,621.049538449523,633.1175039206078,645.1854693916927,657.2534348627775,669.3214003338624,681.3893658049471,693.4573312760319,705.5252967471168,717.5932622182017,729.6612276892865,741.7291931603713,753.7971586314561,765.865124102541,777.9330895736259,790.0010550447107
PD22,baseline,haiti,Transportation,Oil products,Oil products,Oil products,Final consumption,Road – 2&3-wheel,TTROAD,TJ,437.247952,465.920168,551.936128,537.599856,637.952096,759.8080719999999,770.560112,780.6024000000001,792.1857679999999,786.54096,760.5858079999999,809.3191374159123,831.514974413276,853.7108114106397,875.9066484080034,898.1024854053671,920.2983224027308,942.4941594000944,964.6899963974582,986.885833394822,1009.0816703921856,1031.277507389549,1053.473344386913,1075.6691813842767,1097.8650183816403,1120.060855379004,1142.2566923763677,1164.4525293737315,1186.648366371095,1208.844203368459,1231.0400403658225,1253.2358773631863,1275.43171436055,1297.6275513579135,1319.8233883552773,1342.0192253526411,1364.2150623500047,1386.4108993473685,1408.606736344732,1430.802573342096,1452.9984103394595
PD22,baseline,haiti,Transportation,Oil products,Oil products,Oil products,Final consumption,Road – Buses&Vans,MEDIUMROAD,TJ,601.2159340000001,640.640231,758.912176,739.199802,877.184132,1044.736099,1059.5201539999998,1073.3283,1089.255431,1081.49382,1045.805486,1112.8138139468797,1143.3330898182546,1173.8523656896298,1204.3716415610047,1234.89091743238,1265.410193303755,1295.9294691751302,1326.448745046505,1356.9680209178805,1387.4872967892557,1418.0065726606306,1448.5258485320055,1479.045124403381,1509.564400274756,1540.083676146131,1570.602952017506,1601.1222278888813,1631.6415037602565,1662.1607796316316,1692.6800555030068,1723.199331374382,1753.718607245757,1784.237883117132,1814.7571589885072,1845.2764348598823,1875.7957107312573,1906.3149866026324,1936.834262474008,1967.3535383453827,1997.872814216758
PD22,baseline,haiti,Transportation,Oil products,Oil products,Oil products,Final consumption,Road – Light-duty vehicles,LIGHTROAD,TJ,2186.23976,2329.60084,2759.6806400000005,2687.99928,3189.7604800000004,3799.04036,3852.80056,3903.0120000000006,3960.92884,3932.7048,3802.92904,4046.595687079562,4157.5748720663805,4268.554057053199,4379.533242040017,4490.512427026836,4601.491612013655,4712.470797000473,4823.449981987292,4934.429166974111,5045.4083519609285,5156.387536947747,5267.366721934566,5378.345906921384,5489.325091908203,5600.304276895022,5711.28346188184,5822.2626468686585,5933.241831855477,6044.221016842295,6155.200201829115,6266.179386815933,6377.158571802751,6488.137756789571,6599.116941776389,6710.096126763207,6821.075311750026,6932.054496736844,7043.033681723662,7154.012866710482,7264.9920516973
PD22,baseline,haiti,Transportation,Oil products,Oil products,Oil products,Final consumption,Road – Trucks,HEAVYROAD,TJ,2240.895754,2387.840861,2828.672656,2755.199262,3269.504492,3894.016369,3949.120574,4000.5873,4059.952061,4031.02242,3898.002266,4147.760579256551,4261.5142438680405,4375.267908479529,4489.021573091019,4602.775237702507,4716.528902313997,4830.282566925485,4944.036231536975,5057.789896148463,5171.543560759953,5285.2972253714415,5399.050889982931,5512.804554594421,5626.558219205909,5740.311883817399,5854.065548428887,5967.819213040377,6081.572877651865,6195.326542263355,6309.080206874844,6422.833871486333,6536.587536097823,6650.341200709311,6764.0948653208,6877.848529932289,6991.602194543779,7105.355859155267,7219.109523766757,7332.863188378245,7446.616852989735
PD22,pathway,haiti,Commercial,Biofuels and Waste,Biofuels and Waste,Biofuels and Waste,Final consumption,Commercial and public services,COMMPUB,TJ,,,,,,,,,,,,,,,,,,,,,,,,,,,,,,,,,,,,,,,,,
PD22,pathway,haiti,Commercial,Oil products,Oil products,Oil products,Final consumption,Commercial and public services,COMMPUB,TJ,,,,,,,,,,,,,,,,,,,,,,,,,,,,,,,,,,,,,,,,,
PD22,pathway,haiti,Commercial,Oil products,Oil products,Oil products,Final consumption,Commercial and public services,COMMPUB,TJ,,,,,,,,,,,,,,,,,,,,,,,,,,,,,,,,,,,,,,,,,
PD22,pathway,haiti,Electric Power,Biofuels and Waste,Biofuels and Waste,Biofuels and Waste,Electricity output,Electricity output -autoproducer electricity plants,ELAUTOE,TJ,61.2,61.2,61.2,61.2,61.2,61.2,61.2,61.2,61.2,61.2,61.2,61.1606242832132,61.71154988882825,62.24128944959221,62.74187345310804,63.2042690785324,63.61825543843244,63.97233925613549,64.25374281251459,64.44850087395497,64.54169667448063,64.51784039888538,64.36134588331646,64.05701087661095,63.59039423886625,62.94804820738003,62.11769262368513,61.08852818698275,59.85188322328007,58.40225754979365,56.73864709131594,54.86590215570426,52.79583358661094,50.54781899028083,48.14874248067305,45.63220259603728,43.037031649223024,40.40527374960793,37.779851535987135,35.202195869001244,32.71010771113117
PD22,pathway,haiti,Electric Power,Biofuels and Waste,Biofuels and Waste,Biofuels and Waste,Transformation processes,Autoproducer electricity plants,AUTOELEC,TJ,383.0001,383.0001,383.0001,383.0001,383.0001,383.0001,383.0001,383.0001,383.0001,383.0001,383.0001,382.7536800087105,387.5762812831894,392.3988825576684,397.2214838321473,402.0440851066263,406.8666863811053,411.68928765558417,416.5118889300632,421.3344902045421,426.157091479021,430.9796927535,435.8022940279789,440.6248953024578,445.4474965769368,450.27009785141576,455.0926991258947,459.91530040037367,464.7379016748527,469.5605029493316,474.3831042238105,479.2057054982895,484.0283067727684,488.85090804724734,493.6735093217263,498.49611059620526,503.3187118706842,508.1413131451632,512.9639144196422,517.786515694121,522.6091169686
PD22,pathway,haiti,Electric Power,Oil products,Oil products,Oil products,Electricity output,Electricity output -main activity producer electricity plants,ELMAINE,TJ,399.6,1602.0,1908.0,1749.6,1904.4,1922.4,2178.0,2285.1684,2108.664,2206.7028,2292.1668,2290.6920334845604,2311.326239080324,2331.166948783424,2349.915674820516,2367.234104576447,2382.7394279394493,2396.0011791053994,2406.5407851402697,2413.835196291676,2417.3257243940343,2416.4322184644407,2410.5709189061213,2399.172445075269,2381.695922765367,2357.637683427386,2326.5377896179066,2287.9917675010797,2241.674830749665,2187.3809771353976,2125.0726003207665,2054.9313623097014,1977.399622966577,1893.2031454563928,1803.3488394762803,1709.095094795922,1611.8963254395137,1513.3272391137705,1414.9954477078215,1318.4526904905515,1225.1147535927912
PD22,pathway,haiti,Electric Power,Oil products,Oil products,Oil products,Transformation processes,Autoproducer electricity plants,AUTOELEC,TJ,643.1928,669.9925000000001,696.7922000000001,723.5919000000001,750.3915999999999,777.1913,803.991,830.7907,857.5904,884.3901000000001,911.1898,910.6035458904604,922.076924332848,933.5503027752352,945.0236812176228,956.49705966001,967.9704381023976,979.443816544785,990.9171949871724,1002.3905734295598,1013.8639518719472,1025.3373303143346,1036.810708756722,1048.2840871991093,1059.7574656414968,1071.2308440838842,1082.7042225262717,1094.1776009686591,1105.6509794110466,1117.1243578534338,1128.5977362958213,1140.0711147382087,1151.5444931805962,1163.0178716229834,1174.4912500653709,1185.9646285077583,1197.4380069501458,1208.9113853925332,1220.3847638349207,1231.858142277308,1243.3315207196954
PD22,pathway,haiti,Electric Power,Oil products,Oil products,Oil products,Transformation processes,Main activity producer electricity plants,MAINELEC,TJ,1648.2008,5427.0013,6874.1981,6311.4,6874.1981,6874.1981,7758.6009,8242.9718,7686.5629,7800.6071,7543.2068,7538.353545512728,7633.334927312206,7728.316309111684,7823.297690911162,7918.27907271064,8013.2604545101185,8108.241836309597,8203.223218109075,8298.204599908553,8393.185981708031,8488.16736350751,8583.148745306988,8678.130127106466,8773.111508905944,8868.092890705422,8963.074272504899,9058.05565430438,9153.037036103857,9248.018417903337,9342.999799702811,9437.98118150229,9532.962563301768,9627.943945101246,9722.925326900724,9817.906708700202,9912.88809049968,10007.86947229916,10102.850854098637,10197.832235898117,10292.813617697591
PD22,pathway,haiti,Electric Power,Oil products,Oil products,Oil products,Electricity output,Electricity output -autoproducer electricity plants,ELAUTOE,TJ,115.2,158.4,208.8,234.0,180.0,158.4,133.20000000000002,83.7864,76.63680000000001,77.7744,75.2076,75.15921187650629,75.83623463103005,76.48722222890768,77.10238107699294,77.67061090115415,78.17935143319366,78.61447878823094,78.96029065272009,79.19962539751722,79.31415207215144,79.28483551606553,79.0925221675508,78.71853024842815,78.14511329671497,77.35574559413973,76.33533627067088,75.0706142561327,73.55092308338487,71.76950367486695,69.72512214027532,67.42373893734216,64.87986820340521,62.11732273682094,59.169139950808216,56.07660849610668,52.887448716701016,49.65332787665047,46.42699284931213,43.25935728819435,40.19687412901413
PD22,pathway,haiti,Electric Power,Oil products,Oil products,Oil products,Electricity output,Electricity output -main activity producer electricity plants,ELMAINE,TJ,1335.6,1357.2,1047.6,1306.8,1310.4,1357.2,1335.6,971.1864,866.9556,907.2648,942.4008,941.7944649182932,950.2780062822168,958.4353099726676,966.1436558122186,973.2639500494151,979.6388042448216,985.0912368113316,989.4244874102612,992.4235095165992,993.858604238364,993.4912484670244,991.0814354495772,986.3950701916152,979.2097778271724,969.3184802136192,956.5320788025318,940.6842783371748,921.641546260224,899.3191868746987,873.7017387217942,844.863890265644,812.9875132138727,778.3709976257492,741.4283240650368,702.6768665403201,662.7145924159001,622.1889265661682,581.7608220816257,542.0682605997299,503.6933280237938
PD22,pathway,haiti,Electric Power,Oil products,Oil products,Oil products,Transformation processes,Autoproducer electricity plants,AUTOELEC,TJ,562.8985,736.0981,866.0019,952.6017,736.0981,649.4983,562.8985,379.2194,345.8799,351.0339,339.4281,339.2097139749169,343.4836720956954,347.7576302164739,352.03158833725234,356.30554645803085,360.5795045788093,364.8534626995878,369.12742082036624,373.4013789411448,377.6753370619232,381.9492951827017,386.2232533034801,390.4972114242586,394.7711695450371,399.0451276658156,403.319085786594,407.5930439073725,411.867002028151,416.1409601489295,420.4149182697079,424.6888763904864,428.9628345112649,433.2367926320434,437.5107507528218,441.78470887360027,446.0586669943788,450.33262511515727,454.6065832359357,458.88054135671416,463.1544994774927
PD22,pathway,haiti,Electric Power,Oil products,Oil products,Oil products,Transformation processes,Main activity producer electricity plants,MAINELEC,TJ,4763.0,4589.8004,3767.0984,4719.7001,4719.7001,4849.5997,4763.0,3503.2295,3160.2511,3207.1432,3101.3177,3099.3223305976944,3138.3730219489084,3177.4237133001225,3216.4744046513365,3255.5250960025505,3294.575787353765,3333.6264787049786,3372.6771700561926,3411.727861407406,3450.7785527586207,3489.8292441098347,3528.8799354610487,3567.9306268122627,3606.9813181634768,3646.032009514691,3685.082700865905,3724.133392217119,3763.184083568333,3802.234774919547,3841.2854662707614,3880.336157621975,3919.386848973189,3958.437540324404,3997.4882316756175,4036.538923026832,4075.5896143780456,4114.640305729259,4153.690997080474,4192.741688431688,4231.792379782902
PD22,pathway,haiti,Electric Power,Oil products,Oil products,Oil products,Electricity output,Electricity output -autoproducer electricity plants,ELAUTOE,TJ,352.80000000000007,364.8000000000001,376.8000000000001,388.8000000000001,400.8000000000001,412.8000000000001,424.8000000000001,436.8000000000001,448.8000000000001,460.8000000000002,472.8000000000002,472.4958032860002,476.75197365094783,480.8444714341046,484.7117282455798,488.2839611165054,491.48220868122326,494.2176797434782,496.3916601594264,497.89626165369145,498.61624489696806,498.4319434737419,497.2229466279742,494.8718095173472,491.2669672571236,486.3045292883868,479.8896253672928,471.9388256013961,462.3851370582812,451.1860681297783,438.3338618427151,423.8659892028916,407.8736947671511,390.5066800425615,371.9726379879445,352.5311337811505,332.4821660743894,312.15054622246095,291.86787265056705,271.95421906640155,252.70161643501316
PD22,pathway,haiti,Electric Power,Oil products,Oil products,Oil products,Electricity output,Electricity output -main activity producer electricity plants,ELMAINE,TJ,1249.2,1292.4,1335.6,1378.8000000000002,1422.0,1465.2,1508.4,1551.6,1594.8000000000002,1638.0,1681.2000000000005,1680.1183258976805,1695.252576357812,1709.8048337035038,1723.556170741262,1736.258450569096,1747.6308993969385,1757.3577901538397,1765.088111379077,1770.4382298904104,1772.998373351909,1772.343027428204,1768.0440310299282,1759.6837693751356,1746.865535855914,1729.21991252038,1706.4095561918202,1678.1378037247612,1644.1664391336344,1604.344369161978,1558.644011273208,1507.1986062772874,1450.3326049969005,1388.5783216741847,1322.6742787337826,1253.543447785259,1182.2525753051257,1109.9566377098167,1037.8347451356458,967.025027695504,898.5659000646026
PD22,pathway,haiti,Industrial,Biofuels and Waste,Biofuels and Waste,Biofuels and Waste,Final consumption,Industry not elsewhere specified,INONSPEC,TJ,3169.0015,3345.9985,3334.9997,3321.9997,3307.9991,3369.0007,3417.9989,3457.6813,3508.9738,3561.0409,3443.5551,3462.8739768309933,3560.6291196387183,3642.6574880269,3706.855987896397,3751.0898674729274,3773.281962844493,3771.5255021302623,3744.216923239852,3690.2008393218593,3608.9145955445065,3500.515780298369,3365.973859480363,3207.1080450213576,3026.558334805228,2827.685142523446,2614.4036537156067,2390.969626750214,2161.7411803809955,1930.944202222643,1702.4667629122423,1479.7012427663713,1265.4437833144166,1061.8514933241113,870.4504554074429,692.183004393828,527.4810774643183,376.35310586577725,238.4740698926953,113.27112714683062,0.0
PD22,pathway,haiti,Industrial,Biofuels and Waste,Biofuels and Waste,Biofuels and Waste,Transformation processes,Charcoal production plants,TCHARCOAL,TJ,69562.9996,72342.0006,75149.9994,75210.0005,72667.001,73200.998,74254.9998,75126.3775,76241.1633,77372.4911,74819.2004,75238.94768881817,77362.9042997816,79145.16035629723,80540.02127404917,81501.10463249631,81983.27924062185,81945.11606844762,81351.7740200974,80178.1496435095,78412.01796089436,76056.80294458073,73133.56848380985,69681.84116609755,65758.9810524834,61438.00090393913,56803.96718317072,51949.34608542708,46968.82782211276,41954.22957725116,36990.02867956733,32149.932438910637,27494.69349822092,23071.180035439524,18912.549725544028,15039.276972572872,11460.746610969218,8177.141829074826,5181.400821931136,2461.07726330054,0.0
PD22,pathway,haiti,Industrial,Coal,Coal,Coal,Final consumption,Industry not elsewhere specified,INONSPEC,TJ,2837.9971000000005,2958.3969000000006,3078.7967,3199.1965,3319.5963,3439.9961000000003,3560.3959000000004,3680.7957000000006,3801.1955000000007,3921.5953,4041.9951,4122.057240303348,4163.278744007368,4191.972069283675,4207.641884132534,4209.832920846325,4198.143143136901,4172.2375046845045,4131.861389818866,4076.852525744199,4007.149942006085,3922.798519206135,3823.947900939623,3710.8450845498,3583.820824205508,3443.2709445352693,3289.6345645856745,3123.3718351360108,2944.943917156756,2754.7975209258893,2553.355481944579,2341.013788766126,2118.144458278486,1885.102890534652,1642.2379406296568,1389.902918882627,1128.4659874264553,858.3188379140292,579.8829930526417,293.6134871235108,0.0
PD22,pathway,haiti,Industrial,Oil products,Oil products,Oil products,Non-energy use,Non-energy use industry/transformation/energy,NEINTREN,TJ,156.0002,195.0002,507.0005,78.0001,546.0006,390.0004,195.0002,51.326,384.8507,179.597,175.18355666666668,177.5254810792173,183.46251439542704,189.3995477116368,195.33658102784656,201.2736143440563,207.2106476602661,213.14768097647584,219.0847142926856,225.02174760889537,230.95878092510512,236.8958142413149,242.83284755752464,248.7698808737344,254.70691418994411,260.64394750615395,266.5809808223637,272.51801413857345,278.4550474547832,284.39208077099295,290.3291140872027,296.26614740341245,302.2031807196222,308.140214035832,314.0772473520417,320.0142806682515,325.9513139844613,331.88834730067106,337.8253806168808,343.76241393309056,349.6994472493003
PD22,pathway,haiti,Industrial,Oil products,Oil products,Oil products,Energy industry own use and Losses,Losses,DISTLOSS,TJ,40.2017,40.2017,40.2017,40.2017,40.2017,40.2017,40.2017,40.2017,40.2017,40.2017,40.2017,40.08314777668489,40.64845264640831,41.05346616008705,41.27848029168385,41.30392473025027,41.11130542539985,40.68435480502136,40.01034634253597,39.081483364282334,37.89622806347102,36.460401948223264,34.787875966106974,32.90068858159529,30.828488286443957,28.6072881983085,26.277627788472078,23.88233554406579,21.464151335833517,19.06348185376601,16.716524730181966,14.453919725208593,12.299990695526487,10.272553091907952,8.383195394331146,6.637906624036695,5.037914386640878,3.580611579219024,2.260475735508976,1.0699146973116171,0.0
PD22,pathway,haiti,Industrial,Oil products,Oil products,Oil products,Final consumption,Industry not elsewhere specified,INONSPEC,TJ,80.3991,442.2014,401.9998,321.6007,401.9998,401.9998,401.9998,402.5231,408.5144,414.5434,400.8735,399.6913498746792,405.3283190001906,409.3669339039308,411.6106749020147,411.8643955442676,409.9436813729028,405.6863193827805,398.96540630233534,389.7031971640909,377.8843576416384,363.5669372288007,346.88925085504303,328.07105630145327,307.4079951617914,285.25917425294506,262.0288351801556,238.1440445982149,214.0309855186535,190.0925755106294,166.6897612893136,144.12806893647297,122.65004514941256,102.43333769191258,83.59350174021017,66.19025715456746,50.23584507304622,35.70426862301986,22.540460223287937,10.668714243744605,0.0
PD22,pathway,haiti,Industrial,Oil products,Oil products,Oil products,Energy industry own use and Losses,Oil refineries,EREFINER,TJ,43.2999,43.2999,43.2999,43.2999,43.2999,43.2999,43.2999,43.2999,43.2999,43.2999,43.2999,43.172211384485685,43.78108226130277,44.21730870548144,44.459663864510254,44.48706921417164,44.27960543432917,43.8197512697708,43.09379940642245,42.09335230910854,40.816753657817685,39.270273603302165,37.4688520770225,35.436225968409744,33.20432867152868,30.81194870510297,28.302749771230125,25.722860994049867,23.11831605196938,20.53263563281859,18.004806989863766,15.567831179018787,13.24790660885553,11.0642217026719,9.02925802279504,7.149466142728457,5.426168275224953,3.856556397342047,2.4346824462638352,1.1523691635458988,0.0
PD22,pathway,haiti,Industrial,Oil products,Oil products,Oil products,Final consumption,Agriculture/forestry,AGRICULT,TJ,129.8997,129.8997,129.8997,129.8997,129.8997,129.8997,129.8997,129.8997,129.8997,129.8997,129.8997,129.51663415345706,131.34324678390828,132.65192611644432,133.37899159353074,133.46120764251492,132.83881630298748,131.45925380931237,129.28139821926734,126.2800569273256,122.45026097345304,117.81082080990646,112.4065562310675,106.30867790522922,99.61298601458604,92.4358461153089,84.90824931369035,77.16858298214957,69.35494815590813,61.59790689845576,54.0144209695913,46.703493537056346,39.74371982656661,33.19266510801572,27.0877740683851,21.44839842818536,16.278504825674872,11.56966919202614,7.3040473387914915,3.4571074906376964,0.0
PD22,pathway,haiti,Industrial,Oil products,Oil products,Oil products,Final consumption,Industry not elsewhere specified,INONSPEC,TJ,7057.8981,7014.5982,4330.0011,6062.0007,8703.2979,7577.5009,7664.1007,7772.1327,7887.4413,8004.4833,7740.3507,7717.524904455939,7826.367514198241,7904.347963634773,7947.671710914496,7952.570729559697,7915.484214035911,7833.280040249429,7703.507869560013,7524.66654683163,7296.459985981876,7020.009047931089,6697.984415727924,6334.629328934674,5935.652245748767,5507.987056041881,5059.43914428592,4598.254617246149,4132.662519675159,3670.442670614304,3218.564486000126,2782.927280755841,2368.214319048995,1977.8557502726708,1614.0827959700182,1278.04856968479,969.9894320184412,689.4034168613798,435.2272401833725,205.9991238250186,0.0
PD22,pathway,haiti,Industrial,Oil products,Oil products,Oil products,Transformation processes,Non-specified (transformation),TNONSPEC,TJ,389.699,389.699,389.699,389.699,389.699,389.699,389.699,389.699,389.699,389.699,389.699,388.5498027552647,394.0296392404469,397.9556762306012,400.1368721021476,400.3835201858081,398.51634664635816,394.37766022735406,387.844095133786,378.8400735684676,367.3506886551214,353.43237173603745,337.21958215985694,318.9259518766396,298.8388813592192,277.30746718652745,254.72468257660196,231.50568954016603,208.0647910765709,184.79367327577592,162.04322132713742,140.11044465766523,119.23112888400186,99.57796977151304,81.26330135231728,64.34517877304881,48.8355019454292,34.70899866946115,21.91213639353828,10.37131981054631,0.0
PD22,pathway,haiti,Industrial,Oil products,Oil products,Oil products,Energy industry own use and Losses,Non-specified (energy),ENONSPEC,TJ,4.4589,4.4589,4.4589,4.4589,4.4589,4.4589,4.4589,4.4589,4.505,4.4589,4.325,4.312245853637089,4.373062773358241,4.416635145836532,4.440842732061894,4.443580108759889,4.4228576394743095,4.376925217881766,4.304413692243563,4.2044842767972765,4.076971530420658,3.922501745599455,3.742567193760778,3.53953882834307,3.316606308660332,3.07764401648896,2.8270132901131464,2.5693217258992664,2.3091673866398663,2.0508973256737404,1.7984057753288294,1.5549890380637423,1.3232639355587468,1.105147098816763,0.9018852456608109,0.7141226900593427,0.5419915009121947,0.3852111995294303,0.2431876651006375,0.1151041141512108,0.0
PD22,pathway,haiti,Industrial,Oil products,Oil products,Oil products,Energy industry own use and Losses,Losses,DISTLOSS,TJ,47.2983,47.2983,47.2983,47.2983,23.6512,23.6512,23.6512,23.6512,23.982,24.3588,23.5549,23.485438117418788,23.816660420849946,24.053965132176856,24.185804964033466,24.20071331880424,24.08785419931871,23.83769614212329,23.442782446110503,22.898544899776237,22.20408247442904,21.362806096513435,20.38284300400364,19.27710593011288,18.062966460083995,16.76152532809152,15.396535340412992,13.993090478932864,12.576232803598472,11.169637321736968,9.79451287798683,8.46881185958096,7.20678605218329,6.01887384922982,4.911865149830248,3.8892690293823833,2.951804764124084,2.0979448055019105,1.3244534410818505,0.626882288652105,0.0
PD22,pathway,haiti,Industrial,Oil products,Oil products,Oil products,Energy industry own use and Losses,Non-specified (energy),ENONSPEC,TJ,1.5617,1.5617,1.5617,1.5617,1.5617,1.5617,1.5617,1.5617,1.6077,1.6077,1.5617,1.5570946473121483,1.5790548284748125,1.5947882328908465,1.603529270441864,1.6045177007746405,1.5970350926166543,1.5804495058418393,1.554266557959948,1.5181833745836553,1.4721402171232238,1.4163632314688257,1.351391256993343,1.2780804134620518,1.1975824444473626,1.1112963376996094,1.020796914490105,0.9277479166096844,0.8338096434024234,0.7405517580357646,0.649380416030297,0.5614858683801496,0.4778130146039525,0.3990539246756395,0.32565877182624,0.2578602092637401,0.1957059253120405,0.1390946428451123,0.0878118327370325,0.0415625653340914,0.0
PD22,pathway,haiti,Industrial,Oil products,Oil products,Oil products,Final consumption,Industry not elsewhere specified,INONSPEC,TJ,47.2983,47.2983,47.2983,47.2983,47.2983,47.2983,47.2983,38.2171,38.7865,39.3517,38.0287,37.91655581368988,38.45130457553953,38.83442612034074,39.04727768896236,39.07134679352537,38.8891390322027,38.48526613485788,37.8476894747336,36.969033807408245,35.84784444830246,34.489628238815726,32.90750636794694,31.122326067378072,29.16213325552629,27.06099445314538,24.857257874156268,22.591437021434785,20.3039615714015,18.033054133837915,15.812955770693058,13.672650088280848,11.635146179464256,9.717296526421514,7.930063223505499,6.279111570742138,4.765602818668114,3.387070784634645,2.138291505158989,1.012083196721889,0.0
PD22,pathway,haiti,Industrial,Oil products,Oil products,Oil products,Non-energy use,Non-energy use industry/transformation/energy,NEINTREN,TJ,83.9998,42.002,210.0015,167.9995,378.0011,294.0013,335.9991,313.1517,326.4239,271.3633,1620.0655,1647.7852457721672,1695.2513116444727,1742.7173775167782,1790.1834433890838,1837.6495092613893,1885.1155751336948,1932.5816410060004,1980.047706878306,2027.5137727506117,2074.9798386229168,2122.4459044952223,2169.911970367528,2217.3780362398334,2264.844102112139,2312.3101679844444,2359.77623385675,2407.2422997290555,2454.708365601361,2502.1744314736666,2549.640497345972,2597.1065632182776,2644.572629090583,2692.0386949628887,2739.5047608351942,2786.9708267075,2834.4368925798053,2881.902958452111,2929.3690243244164,2976.835090196722,3024.3011560690275
PD22,pathway,haiti,Industrial,Oil products,Oil products,Oil products,Energy industry own use and Losses,Non-specified (energy),ENONSPEC,TJ,20.0255,20.0255,20.0255,20.0255,20.0255,20.0255,20.0255,20.0255,20.2934,20.6074,20.626796666666664,20.565969572173096,20.856017719451977,21.063823145439024,21.179274002979227,21.192329104146765,21.093499471687835,20.874438495827256,20.528616415982405,20.052032893802192,19.44389890723138,18.70720137135838,17.8490572293736,16.880774036070306,15.817563919565451,14.677904587399096,13.482596140838895,12.253613135577623,11.01288465977308,9.781142686909291,8.576959595807349,7.41605611723385,6.310912401179969,5.270669247179178,4.301272503794742,3.405795034198171,2.58486670159013,1.8371498465702487,1.1598109872537066,0.5489547186344055,0.0
PD22,pathway,haiti,Industrial,Oil products,Oil products,Oil products,Final consumption,Industry not elsewhere specified,INONSPEC,TJ,89.6017,89.6017,89.6017,89.6017,89.6017,89.6017,89.6017,89.6017,89.6017,89.6017,89.6017,89.33747035926805,90.59742397678912,91.50011961773436,92.0016319596278,92.0583426199008,91.62903198956884,90.67744284279227,89.17521024931794,87.1049569535969,84.46325548607922,81.26308084593725,77.5353486532243,73.32917832035776,68.71065051715388,63.76003141554656,58.567675541440735,53.22903918786318,47.83938113930388,42.48875997822445,37.25785312353322,32.214950587717,27.414265473931597,22.895504925791897,18.68449739101186,14.794591222633583,11.22852251266687,7.980480540318183,5.038156812034174,2.384629897096545,0.0
PD22,pathway,haiti,Industrial,Oil products,Oil products,Oil products,Final consumption,Industry not elsewhere specified,INONSPEC,TJ,919.79805,951.0836142857142,982.3691785714284,1013.6547428571428,1044.9403071428571,1076.2258714285713,1107.5114357142857,1138.797,1170.0825642857142,1201.3681285714283,1232.6536928571427,1229.0186765303258,1246.3519021216491,1258.7703173452126,1265.669640017086,1266.4498105362825,1260.5437693131637,1247.4527244350315,1226.7864585731509,1198.3059122205682,1161.9639335598754,1117.9390201044523,1066.6564791110327,1008.79204803892,945.2548009534,877.1489623641169,805.7175426159979,732.2737372411138,658.1280246397475,584.519343852618,512.557576928253,443.18219193564096,377.1390004141422,314.9742549148764,257.0432782883629,203.52970429011,154.47117343274044,109.78774742887435,69.31009790603639,32.80543615526949,0.0
PD22,pathway,haiti,Industrial,Oil products,Oil products,Oil products,Non-energy use,Non-energy use industry/transformation/energy,NEINTREN,TJ,490.004275,500.00445,510.004625,520.0047999999999,530.0049750000001,540.00515,550.005325,560.0055,570.005675,580.00585,590.0060249999999,597.8934634091229,617.8889783640719,637.8844933190209,657.8800082739699,677.8755232289188,697.8710381838679,717.8665531388169,737.8620680937659,757.8575830487149,777.853098003664,797.8486129586129,817.8441279135619,837.839642868511,857.8351578234599,877.8306727784089,897.826187733358,917.8217026883068,937.8172176432558,957.8127325982048,977.808247553154,997.8037625081027,1017.799277463052,1037.794792418001,1057.79030737295,1077.785822327899,1097.781337282848,1117.776852237797,1137.772367192746,1157.767882147695,1177.763397102644
PD22,pathway,haiti,Residential,Biofuels and Waste,Biofuels and Waste,Biofuels and Waste,Final consumption,Residential,RESIDENT,TJ,,,,,,,,,,,,,,,,,,,,,,,,,,,,,,,,,,,,,,,,,
PD22,pathway,haiti,Residential,Biofuels and Waste,Biofuels and Waste,Biofuels and Waste,Final consumption,Residential,RESIDENT,TJ,,,,,,,,,,,,,,,,,,,,,,,,,,,,,,,,,,,,,,,,,
PD22,pathway,haiti,Residential,Biofuels and Waste,Biofuels and Waste,Biofuels and Waste,Final consumption,Residential,RESIDENT,TJ,,,,,,,,,,,,,,,,,,,,,,,,,,,,,,,,,,,,,,,,,
PD22,pathway,haiti,Residential,Oil products,Oil products,Oil products,Final consumption,Residential,RESIDENT,TJ,,,,,,,,,,,,,,,,,,,,,,,,,,,,,,,,,,,,,,,,,
PD22,pathway,haiti,Residential,Oil products,Oil products,Oil products,Final consumption,Residential,RESIDENT,TJ,,,,,,,,,,,,,,,,,,,,,,,,,,,,,,,,,,,,,,,,,
PD22,pathway,haiti,Residential,Oil products,Oil products,Oil products,Final consumption,Residential,RESIDENT,TJ,,,,,,,,,,,,,,,,,,,,,,,,,,,,,,,,,,,,,,,,,
PD22,pathway,haiti,Transportation,Oil products,Oil products,Oil products,Energy industry own use and Losses,Losses,DISTLOSS,TJ,1602.1,1602.1,1602.1,1602.1,1602.1,1602.1,1602.1,1602.1,1602.1,1602.1,1602.1,1676.8797421575257,1690.137388828961,1697.043535827823,1696.8570701057847,1688.8533402047738,1672.3621326568582,1646.8133499683356,1611.7882232547315,1567.072222465628,1512.7041810335595,1449.01494994695,1376.6486273034743,1296.560481554479,1209.9882379158355,1118.3971426189382,1023.4034297243536,926.6844858917608,829.8861841200658,734.5379780631145,641.9844553639623,553.3387474516121,469.45940247452927,390.9489420863897,318.1699478177129,251.2733722811754,190.2337179758265,134.88644664363892,84.96410077474775,40.12881925036663,0.0
PD22,pathway,haiti,Transportation,Oil products,Oil products,Oil products,Final consumption,Road – 2&3-wheel,TTROAD,TJ,755.152016,755.152016,523.0639600000001,460.71212,661.623928,803.647888,814.039856,824.213784,836.4452640000001,848.856616,820.846928,859.1608420045172,865.9534882455492,869.4919000477664,869.3963630556234,865.2955971222941,856.8462137787343,843.7561196622538,825.8107556614596,802.9002058329961,775.0443667524828,742.4127521940123,705.3353702374841,664.3016592286339,619.9457761746124,573.0184500360358,524.3477694238184,474.79315490263446,425.19788079682814,376.3455731804749,328.92514075854285,283.5069040565654,240.5307461094394,200.3053730206996,163.0165559254042,128.74163643043698,97.46755071623215,69.10999647729045,43.53194002324085,20.56027589159885,0.0
PD22,pathway,haiti,Transportation,Oil products,Oil products,Oil products,Final consumption,Road – Buses&Vans,MEDIUMROAD,TJ,1038.334022,1038.334022,719.212945,633.479165,909.732901,1105.015846,1119.304802,1133.293953,1150.112238,1167.1778470000002,1128.664526,1181.3461577562111,1190.6860463376302,1195.5513625656788,1195.419999201482,1189.7814460431543,1178.1635439457598,1160.164664535599,1135.489789034507,1103.98778302037,1065.686004284664,1020.8175342667672,969.8361340765408,913.414781439372,852.4254422400921,787.9003687995494,720.9781829577503,652.8405879911226,584.6470860956388,517.4751631231532,452.2720685429965,389.8219930777775,330.7297759004793,275.41988790346204,224.1477643974306,177.01975009185094,134.01788223481913,95.0262451562744,59.85641753195637,28.270379350948588,0.0
PD22,pathway,haiti,Transportation,Oil products,Oil products,Oil products,Final consumption,Road – Light-duty vehicles,LIGHTROAD,TJ,3775.76008,3775.76008,2615.3198,2303.5606,3308.1196400000003,4018.23944,4070.19928,4121.068920000001,4182.226320000001,4244.28308,4104.234640000001,4295.804210022587,4329.767441227746,4347.459500238832,4346.981815278117,4326.477985611471,4284.231068893672,4218.78059831127,4129.053778307298,4014.501029164981,3875.2218337624154,3712.063760970062,3526.6768511874216,3321.50829614317,3099.728880873062,2865.0922501801792,2621.738847119092,2373.9657745131726,2125.9894039841406,1881.727865902374,1644.6257037927144,1417.5345202828275,1202.6537305471966,1001.5268651034984,815.0827796270205,643.7081821521851,487.3377535811605,345.54998238645203,217.65970011620448,102.8013794579947,0.0
PD22,pathway,haiti,Transportation,Oil products,Oil products,Oil products,Final consumption,Road – Trucks,HEAVYROAD,TJ,3870.154082,3870.154082,2680.702795,2361.149615,3390.822631,4118.695425999999,4171.954262,4224.095643,4286.781978,4350.390157,4206.840506,4403.199315273151,4438.011627258439,4456.145987744803,4455.656360660069,4434.639935251757,4391.336845616013,4324.250113269051,4232.28012276498,4114.863554894106,3972.102379606474,3804.8653549943137,3614.843772467107,3404.546003546749,3177.222102894889,2936.719556434684,2687.282318297069,2433.314918876002,2179.1391390837443,1928.771062549934,1685.7413463875318,1452.9728832898982,1232.7200738108768,1026.5650367310857,835.4598491176957,659.8008867059898,499.52119742068953,354.1887319461139,223.1011926191095,105.3714139444446,0.0
PD22,pathway,haiti,Transportation,Oil products,Oil products,Oil products,Final consumption,Transport not elsewhere specified,TRNONSPE,TJ,5861.741237500001,5986.228925000001,6110.716612500001,6235.204300000001,6359.691987500001,6484.179675000001,6608.667362500001,6733.155050000001,6857.642737500002,6982.130425000001,7106.618112500002,7438.32716316148,7497.135622036923,7527.770007749238,7526.942880430346,7491.439820769849,7418.28788627324,7304.95823031757,7149.593271890813,6951.241395524541,6710.074859114647,6427.561256211397,6106.557686376092,5751.301543078949,5367.283145549367,4961.002053994129,4539.627582593917,4110.600307103888,3681.22101453166,3258.274077287597,2847.7238364852283,2454.5079364507164,2082.4347373503024,1734.1769133598737,1411.3428088225082,1114.6020214982564,843.8414492074317,598.3312307898705,376.8849743949195,178.0039908357121,0.0
PD22,pathway,haiti,Transportation,Oil products,Oil products,Oil products,Energy industry own use and Losses,Losses,DISTLOSS,TJ,133.8018,133.8018,133.8018,267.5993,133.8018,223.0015,223.0015,222.1977,225.4969,223.9352,216.5329,226.6398062047446,228.4316523322905,229.36505726175176,229.3398553620304,228.25810587929985,226.02922566280145,222.5761628034196,217.8423183117125,211.798697234834,204.45054813140356,195.8425873886573,186.06186851697177,175.23750146457013,163.53677181312392,151.15771589975174,138.318776922889,125.246663201518,112.16382380466376,99.27697306668908,86.7678396322822,74.78686952628749,63.45010039952376,52.83896647019412,43.00247268823301,33.961021155247806,25.71116573939696,18.230668162063807,11.48338002412362,5.423637479469278,0.0
PD22,pathway,haiti,Transportation,Oil products,Oil products,Oil products,Final consumption,International aviation bunkers,AVBUNK,TJ,892.0019,758.2002,713.5982,1204.199,624.3984,981.2017,981.2017,987.9341,1002.6088,995.6043,962.7337,1007.6703318284506,1015.6371149464107,1019.787155800888,1019.6751048462028,1014.865504633107,1004.955610581504,989.6028397880348,968.5555457152824,941.6848129964154,909.0139774120894,870.7418538903573,827.2554937668027,779.1289368208758,727.1059567100634,672.0670489875524,614.9834407909723,556.8631070689546,498.69508558566383,441.3984554092883,385.7812059515836,332.5122399896736,282.10747615260766,234.92898166526172,191.1946389684499,150.9951584843227,114.315218258301,81.05594398419771,51.05661513391556,24.11420425287838,0.0
PD22,pathway,haiti,Transportation,Oil products,Oil products,Oil products,Final consumption,Transport not elsewhere specified,TRNONSPE,TJ,47.2983,47.2983,47.2983,47.2983,22.8934,22.8934,22.8934,22.8934,23.2702,23.601,22.7971,23.861179183533693,24.049829016211667,24.14810011273982,24.14544679664727,24.031557631847107,23.796895808246465,23.433349117135723,22.93495868195521,22.298671844935505,21.52504118684237,20.618774555543105,19.589037152175287,18.44942197992985,17.217541263710814,15.914244741275946,14.562530633399328,13.186267332453063,11.80887480681827,10.45211643449387,9.135125040495463,7.873739941033111,6.680177856658194,5.5630123760299846,4.527402857122016,3.5754972818370803,2.706932833198124,1.919368212208788,1.208997629219155,0.571013485632939,0.0
PD22,pathway,haiti,Transportation,Oil products,Oil products,Oil products,Energy industry own use and Losses,Losses,DISTLOSS,TJ,358.3985,358.3985,358.3985,313.5997,313.5997,403.2014,403.2014,399.7933,405.7553,411.755,413.53355,432.8356736143101,436.2577332190068,438.0403457183896,437.992215244644,435.9262949904737,431.6695896655399,425.0749458834019,416.0342711508157,404.49219103838766,390.458729219556,374.0192848477838,355.34011232222247,334.6677852362108,312.3217848346421,288.6803200156456,264.160572608506,239.19550913222932,214.20996180957772,189.5987127384444,165.7088264599438,142.8276241097426,121.17671386690644,100.91161843188888,82.12592723573664,64.85860411953445,49.10306767632631,34.81684734250655,21.93090706943337,10.35803825099083,0.0
PD22,pathway,haiti,Transportation,Oil products,Oil products,Oil products,Final consumption,Road – 2&3-wheel,TTROAD,TJ,437.247952,465.920168,551.936128,537.599856,637.952096,759.8080719999999,770.560112,780.6024000000001,792.1857679999999,786.54096,760.5858079999999,796.0869693575389,802.3809447060019,805.6595898563021,805.5710665544727,801.7713515717786,793.9422657358587,781.8131592352868,765.1852244610725,743.9566147671027,718.1457660547954,687.9097475247988,653.554340259474,615.5330512976607,574.4334820583681,530.9512479768529,485.8536449078512,439.93700047628056,393.9826814162642,348.7167851893265,304.77764540692783,262.6937134562088,222.87257908637844,185.60028525280688,151.04896500983273,119.2902820581503,90.31213163690654,64.03640035497233,40.33611462377826,19.050877232149105,0.0
PD22,pathway,haiti,Transportation,Oil products,Oil products,Oil products,Final consumption,Road – Buses&Vans,MEDIUMROAD,TJ,601.2159340000001,640.640231,758.912176,739.199802,877.184132,1044.736099,1059.5201539999998,1073.3283,1089.255431,1081.49382,1045.805486,1094.619582866616,1103.2737989707523,1107.7819360524154,1107.6602165124002,1102.4356084111955,1091.6706153868058,1074.9930939485191,1052.1296836339748,1022.9403453047664,987.450428325344,945.8759028465984,898.6372178567772,846.3579455342837,789.8460378302566,730.0579659681729,668.0487617482955,604.9133756548858,541.7261869473634,479.485579635324,419.06926243452585,361.2038560022872,306.4497962437706,255.20039222260948,207.69232688852003,164.02413782995677,124.17918100074668,88.05005048808698,55.46215760769496,26.194956194204902,0.0
PD22,pathway,haiti,Transportation,Oil products,Oil products,Oil products,Final consumption,Road – Light-duty vehicles,LIGHTROAD,TJ,2186.23976,2329.60084,2759.6806400000005,2687.99928,3189.7604800000004,3799.04036,3852.80056,3903.0120000000006,3960.92884,3932.7048,3802.92904,3980.4348467876953,4011.9047235300095,4028.297949281511,4027.855332772364,4008.8567578588936,3969.711328679294,3909.0657961764337,3825.9261223053622,3719.783073835514,3590.728830273977,3439.548737623994,3267.7717012973712,3077.665256488304,2872.1674102918414,2654.756239884265,2429.268224539256,2199.6850023814027,1969.9134070813216,1743.5839259466325,1523.8882270346394,1313.468567281045,1114.362895431892,928.0014262640344,755.2448250491634,596.4514102907515,451.5606581845332,320.1820017748614,201.68057311889152,95.25438616074553,0.0
PD22,pathway,haiti,Transportation,Oil products,Oil products,Oil products,Final consumption,Road – Trucks,HEAVYROAD,TJ,2240.895754,2387.840861,2828.672656,2755.199262,3269.504492,3894.016369,3949.120574,4000.5873,4059.952061,4031.02242,3898.002266,4079.9457179573874,4112.202341618259,4129.005398013548,4128.551716091674,4109.078176805366,4068.9541118962775,4006.792441080845,3921.574275362997,3812.7776506814016,3680.497051030828,3525.537456064594,3349.465993829806,3154.6068879005124,2943.9715955491383,2721.125145881372,2489.999930152738,2254.677127440939,2019.1612422583548,1787.1735240952994,1561.9854327105058,1346.305281463071,1142.2219678176898,951.2014619206356,774.1259456753933,611.3626955480204,462.84967463914654,328.1865518192335,206.72258744686317,97.63574581476404,0.0
