region,sector,subvertical,unit,2010,2011,2012,2013,2014,2015,2016,2017,2018,2019,2020,2021,2022,2023,2024,2025,2026,2027,2028,2029,2030,2031,2032,2033,2034,2035,2036,2037,2038,2039,2040,2041,2042,2043,2044,2045,2046,2047,2048,2049,2050,2051,2052,2053,2054,2055,2056,2057,2058,2059,2060,2061,2062,2063,2064,2065,2066,2067,2068,2069,2070
spain,Electric Power,Hydro,% Adoption,0.19353570198150416,0.1379330439071297,0.08836482736532278,0.15391957841120252,0.16093661753083924,0.11656824021291384,0.1503321569842937,0.07491923781387481,0.13485510221188052,0.0941292671353429,0.11459787060799048,0.10932990543775885,0.10892080269805918,0.10859056138213159,0.1083438787246622,0.10818629809216855,0.1082237934458912,0.10828703803660916,0.10837889455301522,0.10850140131298949,0.1086550577622496,0.10943322507766914,0.1101658675263145,0.110839425264548,0.11143466595457018,0.11192775660818009,0.11188843314340895,0.11176945355690407,0.11149277476156516,0.11078914246413427,0.11000502287745707,0.10923664332707184,0.10844843653109881,0.10621074597437365,0.10408895342819846,0.10210880460567061,0.09974909586938772,0.09780023661721195,0.09618790599643207,0.09484720599850466,0.09372374443768498,0.09245638915404665,0.091554034982522,0.09076427470459486,0.09006524785599263,0.08944000975740211,0.08887543554154274,0.08836133635944105,0.08788976510669694,0.08745448055829022,0.0870505386024399,0.08667398277151842,0.08632161097810276,0.08599080003552223,0.0856793736470666,0.0853855029313032,0.08510763123421224,0.0848444170546165,0.08459469048841245,0.08435741978428397,0.08413168548876844
spain,Electric Power,Nuclear,% Adoption,0.2835967796386499,0.2602045832210653,0.2643848108126742,0.2368435541393767,0.23545644013311215,0.23693095476964543,0.24218542483817246,0.2373233076890885,0.2190344739892739,0.2228494931461545,0.21899699277461693,0.19679940555577813,0.19353984604952368,0.19039788442685218,0.18733708268944152,0.18431166623250453,0.18109168533417005,0.17766753977233787,0.17394569200570859,0.16981223158830025,0.16513174123053326,0.15931002169082872,0.15261020002394174,0.14486230675321213,0.13592003024975796,0.1256898025960694,0.11415972180592873,0.10149271406325526,0.08779271178363923,0.07304142878899887,0.05840727571459082,0.04433928322386355,0.031157853027345434,0.018523362118805137,0.00788534950351776,0.0,0.0,0.0,0.0,0.0,0.0,0.0,0.0,0.0,0.0,0.0,0.0,0.0,0.0,0.0,0.0,0.0,0.0,0.0,0.0,0.0,0.0,0.0,0.0,0.0,0.0
spain,Electric Power,Offshore wind energy,% Adoption,0.0,0.0,0.0,5.010264516575327e-05,4.519711790357271e-05,4.5566831639731795e-05,4.543584113417184e-05,4.497934810351616e-05,4.32051646860455e-05,4.201176411948276e-05,4.132089607919152e-05,0.0005894334594912173,0.0007507365509416923,0.0009591736014205433,0.0012282351036689112,0.0015750566622889047,0.0020231028372264793,0.002596681764557512,0.0033277143461893617,0.004254152131522391,0.005419767870167772,0.0069105197656508036,0.008752874323677511,0.010995495927041288,0.01367514799825471,0.01680616328689286,0.02029567976099646,0.02414200001900039,0.028225578310731476,0.03232087219132886,0.03633943867082879,0.04015179182498417,0.04360985642515035,0.04599453095129302,0.04785717017528371,0.049229101969504134,0.049901410047989,0.0503276816748575,0.05055770555476844,0.05063522268686627,0.05059693954623601,0.050300222530873955,0.05006348619956432,0.04978384047221948,0.04947509955234428,0.049147593236963515,0.04880894689904129,0.04846471908437522,0.048118907615155394,0.0477743432307974,0.04743299137737059,0.04709618116423925,0.04676477768980938,0.04643931091514451,0.0461200715018192,0.045807181696522044,0.04550064745888922,0.045200396545562765,0.04490630611622047,0.044618222549549044,0.04433597549004016
spain,Electric Power,Onshore wind energy,% Adoption,0.20253448994003342,0.19348314741816558,0.21278095592198823,0.23228421342929312,0.2136673204746898,0.2042802486801576,0.2019581833103816,0.20083687831384542,0.19986316409540222,0.2124878644137766,0.21198746622154682,0.2456075577747093,0.24561527247029522,0.24585591733378584,0.24636004446394907,0.2471659424066007,0.248549839571409,0.25016634218641043,0.2520714581225483,0.2543302494586326,0.25701538691600856,0.26162680590976695,0.266683341523128,0.27223926074720034,0.2783178568334849,0.2848945048255424,0.290829401920518,0.29715519278293984,0.30348132756108975,0.30879109958033407,0.3137077238443917,0.3182130147180562,0.3219645202985449,0.32048384432689203,0.31831343698706066,0.31559807039942406,0.31083730061610904,0.30662935722734996,0.30291113837106454,0.2996230761156522,0.29671022669216973,0.293118254177578,0.29052682820908937,0.2881858682578769,0.2860607507038822,0.2841217183947425,0.2823433790175129,0.28070417629265315,0.27918587115702803,0.27777305759148496,0.2764527268595336,0.27521388562465204,0.27404722776934887,0.2729448563351463,0.271900050269754,0.27090707006497394,0.26996099646121724,0.26905759686682496,0.2681932147826749,0.2673646782054082,0.26656922363325775
spain,Electric Power,Rooftop solar photovoltaics,% Adoption,0.007054464174912054,0.008049851065517415,0.008456783653949041,0.008343192678291568,0.008103570413871606,0.0082181553826251,0.00799359857586826,0.008355363703709161,0.007425318157788661,0.008634563301938783,0.014131746459083501,0.015030919360970335,0.015568027531672975,0.01627866127129554,0.01720704710191423,0.01840838659766802,0.019969416287992377,0.021943561550520324,0.024427086407687693,0.027532032018523955,0.03138471224057894,0.03631879143684862,0.04230921004548676,0.04948301879068619,0.057928817295176724,0.06766901831690839,0.07834826175690829,0.090034724134623,0.10237961051623723,0.11470278651996947,0.12684463715051097,0.13848329374809154,0.14920666197809415,0.1566207817227123,0.16262087831834218,0.16726796459459556,0.16978232046768674,0.17162766455809517,0.1729037075838748,0.17370274424610524,0.17410774618104402,0.17359669887791973,0.17324831324252726,0.17269969146613817,0.1719957728714157,0.17117358564340837,0.17026327057084611,0.16928908751567026,0.1682703580288407,0.16722231635591892,0.16615685598198734,0.16508316968295136,0.16400828816405513,0.16293752648632137,0.16187484939708088,0.16082316710472655,0.15978457253943015,0.15876053013688518,0.15775202495431445,0.15675967965666499,0.15578384570128334
spain,Electric Power,Solar thermal,% Adoption,0.0034823982684455607,0.008831573833640577,0.016236590795677196,0.019914757648279307,0.022412880973780677,0.023169656854601223,0.02304505862325195,0.0240557731720896,0.01911632150245304,0.021704805044638224,0.01875217392975673,0.021957320249544353,0.021917578886962906,0.02188590028605044,0.021861356035509778,0.0218427179084567,0.021848471612086463,0.021840848078434474,0.021816160329075875,0.021769883982644126,0.021696582769253486,0.021708010953061723,0.021663330736922972,0.021554078584226342,0.021372249713053112,0.021111657792108898,0.020694816321051787,0.020215378893834575,0.019670852366423065,0.019031254242652177,0.018377140093373757,0.017742402357444856,0.017136714921927657,0.016352494757445237,0.015648951118637122,0.015030522861157112,0.014418787719968972,0.013924204046769393,0.013527411739621471,0.013211039520354515,0.012960072381966895,0.012718288029139595,0.012550313778703342,0.012416555508510662,0.012310121409185462,0.012225512635837623,0.012158363635404455,0.01210521944735767,0.012063350196336422,0.012030599674319608,0.012005263530261441,0.011985992301105447,0.011971714800832124,0.011961577918823721,0.011954899487749087,0.011951131471183424,0.011949831248952585,0.011950639228560855,0.011953261383816657,0.01195745562389187,0.011963021137306185
spain,Electric Power,"Tide, wave and ocean",% Adoption,9.149758981727695e-05,9.016410243635096e-05,8.60207616114118e-05,8.350440860958878e-05,8.217657800649582e-05,8.284878479951235e-05,8.261062024394878e-05,8.178063291548392e-05,7.855484488371906e-05,7.638502567178682e-05,0.00010142401764892462,0.00011529762136503297,0.00012140234107536248,0.00012942087553057232,0.0001398628752559197,0.00015336821572895475,0.00017089116194180879,0.0001931603454509892,0.00022131578251050724,0.0002566925099184686,0.00030080514069936055,0.0003572398512847117,0.0004261709056427769,0.0005091635372715912,0.0006073341640358159,0.0007210106974202939,0.0008463215971309295,0.0009837385991153817,0.0011291270293858884,0.0012745286403451947,0.0014176531714191957,0.001554458544700044,0.001679953805479405,0.0017668859286858174,0.0018364778090971827,0.0018895092517627107,0.001917370618347811,0.0019368578578494214,0.001949362284460985,0.001956164529182641,0.0019583974024605885,0.0019503480590201399,0.0019442507978912895,0.0019360875703879627,0.0019263964340971542,0.0019156037131986795,0.0019040429484970165,0.001891972113731542,0.0018795885798719107,0.0018670417230610282,0.001854443307975799,0.001841875893665898,0.0018293995487649575,0.0018170571596749297,0.0018048785901242713,0.001792883916369323,0.0017810859266214876,0.001769492039858211,0.001758105769698975,0.0017469278339804315,0.0017359569898992954
spain,Electric Power,Utility solar photovoltaics,% Adoption,0.017636160437280134,0.020124627663793537,0.0211419591348726,0.02085798169572892,0.020258926034679013,0.02054538845656274,0.01998399643967065,0.020888409259272902,0.01856329539447165,0.02158640825484696,0.035329366147708735,0.04982255487855765,0.050352482221230094,0.05096028543746655,0.05165761844321265,0.05245894683898287,0.053431262694069434,0.05451035923966131,0.05571771355771292,0.057078204735345466,0.05861957287062415,0.060701283993974925,0.06300224140966222,0.06554357136774912,0.06833463598506483,0.07136632731760205,0.07433595457155304,0.07747596907892376,0.08065588078945463,0.08356592702531213,0.08633139113431239,0.08891700250297843,0.09120457796577208,0.09189480108268717,0.09225653535682936,0.0923379874716144,0.09170710358382839,0.0911382653348247,0.09063196182448685,0.09018684393993892,0.08980008076160978,0.0891621826625494,0.08879112253583879,0.08846684380898,0.08818419273117686,0.08793817824312733,0.08772409643887806,0.08753760018662453,0.08737472855285264,0.087231908968882,0.08710594237632022,0.08699397883055794,0.08689348867941557,0.08680223260618904,0.08671823250848863,0.08663974428601182,0.08656523302832925,0.0864933507358135,0.08642291650032952,0.08635289896391894,0.08628240082634354
spain,Transportation,Domestic aviation – Long-range,% Adoption,0.0,0.0,0.0,0.0,0.0,0.0,0.0,0.0,0.0,0.0,0.0,0.0,1.5488408932034422e-05,4.5282359903868e-05,9.905180935392684e-05,0.0001920305068624837,0.00033296602619867325,0.0005525191915117306,0.0008877647372528912,0.0013901792890659813,0.002129450549795201,0.0031993449432425407,0.004715876281736709,0.00682105427166126,0.009677755905412536,0.01345888499554531,0.018358521455613404,0.02449359880829525,0.03192702828322649,0.040619119184507065,0.05040639737595824,0.0612262927584494,0.07255755636301162,0.08397562484409878,0.09506503982830095,0.10547287532718258,0.11514295044901893,0.1237566903799158,0.13125770690559826,0.13766671181713958,0.14305714807883355,0.14711205820085058,0.15064612711613862,0.15349401665568113,0.15576554787961241,0.15755879413279414,0.15895870551752017,0.16003727962504236,0.16085458217154866,0.16146015335338526,0.16189451411691896,0.16219061120529246,0.1623751209922141,0.16246958168385706,0.16249135173581264,0.16245440700959757,0.1623699956348781,0.162247171261222,0.16209322458050657,0.16191403100543425,0.16171432996506122
spain,Transportation,Domestic aviation – Short-range,% Adoption,0.0,0.0,0.0,0.0,0.0,0.0,0.0,0.0,0.0,0.0,0.0,0.0,1.5488408932034422e-05,4.5282359903868e-05,9.905180935392684e-05,0.0001920305068624837,0.00033296602619867325,0.0005525191915117306,0.0008877647372528912,0.0013901792890659813,0.002129450549795201,0.0031993449432425407,0.004715876281736709,0.00682105427166126,0.009677755905412536,0.01345888499554531,0.018358521455613404,0.02449359880829525,0.03192702828322649,0.040619119184507065,0.05040639737595824,0.0612262927584494,0.07255755636301162,0.08397562484409878,0.09506503982830095,0.10547287532718258,0.11514295044901893,0.1237566903799158,0.13125770690559826,0.13766671181713958,0.14305714807883355,0.14711205820085058,0.15064612711613862,0.15349401665568113,0.15576554787961241,0.15755879413279414,0.15895870551752017,0.16003727962504236,0.16085458217154866,0.16146015335338526,0.16189451411691896,0.16219061120529246,0.1623751209922141,0.16246958168385706,0.16249135173581264,0.16245440700959757,0.1623699956348781,0.162247171261222,0.16209322458050657,0.16191403100543425,0.16171432996506122
spain,Transportation,Domestic navigation,% Adoption,0.0,0.0,0.0,0.0,0.0,0.0,0.0,0.0,0.0,0.0,0.0,0.0,1.5488408932034422e-05,4.5282359903868e-05,9.905180935392684e-05,0.0001920305068624837,0.00033296602619867325,0.0005525191915117306,0.0008877647372528912,0.0013901792890659813,0.002129450549795201,0.0031993449432425407,0.004715876281736709,0.00682105427166126,0.009677755905412536,0.01345888499554531,0.018358521455613404,0.02449359880829525,0.03192702828322649,0.040619119184507065,0.05040639737595824,0.0612262927584494,0.07255755636301162,0.08397562484409878,0.09506503982830095,0.10547287532718258,0.11514295044901893,0.1237566903799158,0.13125770690559826,0.13766671181713958,0.14305714807883355,0.14711205820085058,0.15064612711613862,0.15349401665568113,0.15576554787961241,0.15755879413279414,0.15895870551752017,0.16003727962504236,0.16085458217154866,0.16146015335338526,0.16189451411691896,0.16219061120529246,0.1623751209922141,0.16246958168385706,0.16249135173581264,0.16245440700959757,0.1623699956348781,0.162247171261222,0.16209322458050657,0.16191403100543425,0.16171432996506122
spain,Transportation,International aviation bunkers,% Adoption,0.0,0.0,0.0,0.0,0.0,0.0,0.0,0.0,0.0,0.0,0.0,0.0,0.0002564360816491777,0.0005760666763760869,0.0009688030311530972,0.001445127447557351,0.0019296243614407161,0.0024689366400996843,0.0030638191868261567,0.0037132571648767075,0.004414111646518937,0.005164290074170104,0.0059534891029100565,0.00677146252923282,0.007605960761434728,0.008443332384145257,0.009283333814339604,0.010100614061752129,0.010882199914903063,0.0116169160076694,0.012295920734608081,0.01296010961211696,0.01356345716610583,0.014104182142019812,0.014582605532145628,0.015000751994904055,0.015384128252319452,0.015715714318979057,0.015999964488292658,0.01624155599176303,0.016445159504669647,0.016575709866933692,0.016703940023766954,0.016806616792844422,0.016887269691992293,0.016949037054547443,0.016994679253639573,0.017026602756632814,0.017046890238697373,0.017057333321654197,0.017059465580970698,0.017054594291813722,0.017043829997319408,0.017028113418634232,0.01700823952574084,0.016984878784731768,0.01695859571905657,0.01692986499133574,0.016899085245250665,0.01686659095605854,0.016832662532235
spain,Transportation,International marine bunkers,% Adoption,0.0,0.0,0.0,0.0,0.0,0.0,0.0,0.0,0.0,0.0,0.0,0.0,1.5488408932034422e-05,4.5282359903868e-05,9.905180935392684e-05,0.0001920305068624837,0.00033296602619867325,0.0005525191915117306,0.0008877647372528912,0.0013901792890659813,0.002129450549795201,0.0031993449432425407,0.004715876281736709,0.00682105427166126,0.009677755905412536,0.01345888499554531,0.018358521455613404,0.02449359880829525,0.03192702828322649,0.040619119184507065,0.05040639737595824,0.0612262927584494,0.07255755636301162,0.08397562484409878,0.09506503982830095,0.10547287532718258,0.11514295044901893,0.1237566903799158,0.13125770690559826,0.13766671181713958,0.14305714807883355,0.14711205820085058,0.15064612711613862,0.15349401665568113,0.15576554787961241,0.15755879413279414,0.15895870551752017,0.16003727962504236,0.16085458217154866,0.16146015335338526,0.16189451411691896,0.16219061120529246,0.1623751209922141,0.16246958168385706,0.16249135173581264,0.16245440700959757,0.1623699956348781,0.162247171261222,0.16209322458050657,0.16191403100543425,0.16171432996506122
spain,Transportation,Rail – Heavy-duty,% Adoption,0.009299476974573395,0.011328896434694036,0.011067623407848733,0.010754704170879162,0.010991672359185984,0.011146612803951007,0.010903569735157348,0.011091928246387212,0.011070661755288258,0.010563307312209775,0.008877188158329389,0.009912097434481624,0.010954834544351394,0.01199950001194872,0.013046396238641792,0.014095843047984115,0.01611417786563134,0.018134185604200697,0.0201558893385921,0.022179258153487275,0.02420419633229199,0.027331467599629716,0.03045993014467633,0.0335892714173508,0.03671911774338201,0.03984905267448082,0.0435037624075218,0.04715777992818312,0.050810709441136886,0.05446220998218444,0.058112011766280045,0.061715514916141766,0.06531716264656087,0.0689169005120207,0.07251473818582405,0.07611073730317193,0.07926686547899887,0.08242141371847163,0.08557451776329762,0.08872632015938953,0.09187696325946403,0.0957434305543414,0.0991111782737655,0.10247814570463294,0.10584444044114737,0.10921015816079223,0.11257538302771994,0.11594018842595326,0.11930463787693497,0.12266878603680981,0.1260326797016591,0.12939635877413505,0.13275985716364808,0.1361232036055076,0.13948642239356862,0.14284953402690617,0.14621255577472053,0.1495755021657988,0.15293838540984167,0.15630121575820505,0.15966400181147514
spain,Transportation,Rail – Light-duty,% Adoption,0.0026229294030848034,0.003195329763631651,0.0031216373714445145,0.003033378099478738,0.0031002152807960465,0.0031439164318836175,0.003075365822736688,0.003128492582314342,0.0031224943412351495,0.002979394370110449,0.0025038223010672633,0.0027957197892127658,0.0030898343474907073,0.0033844945818139903,0.0036797860377041735,0.003975799188322251,0.004545089093195825,0.00511485257118287,0.005685096180069665,0.006255811208936832,0.006826970620220408,0.007709046213685152,0.008591459322914476,0.009474121582447372,0.01035692733631427,0.011239758826112837,0.01227060445925672,0.013301255014371696,0.014331598547069063,0.015361538607637996,0.016390998863364155,0.017407400720817732,0.018423278353254514,0.019438616288605225,0.020453417176934344,0.021467698354373184,0.02235791269540573,0.023247680257767765,0.024137039324232817,0.025026030103943504,0.025914692756296126,0.02700525252302065,0.0279551472763053,0.028904820843390612,0.02985430359342587,0.030803622537868426,0.03175280144453178,0.03270186104447482,0.03365081929067702,0.03459969163900328,0.03554849133124892,0.03649722966718174,0.03744591625777802,0.038394559255580565,0.039343165560681924,0.040291741002509276,0.041240290498617015,0.04218881819228254,0.0431373275709709,0.044085821567797015,0.045034302648071844
spain,Transportation,Road – 2&3-wheel,% Adoption,4.2844783930484504e-07,4.2844783930484504e-07,4.2844783930484504e-07,4.2844783930484504e-07,4.6738938088713734e-07,5.842367261089217e-07,7.789898749701981e-07,1.1295319106355511e-06,2.2201109194513564e-06,3.0185773805723494e-06,3.933887941132997e-06,4.392503557813598e-06,2.4554453310173424e-05,4.957214103112583e-05,8.020620814960305e-05,0.00011726117244386588,0.00015540207735457003,0.00019777025425778128,0.000244427133421501,0.00029529900318861046,0.0003501498851566523,0.00040932674632709784,0.0004715476823846055,0.0005360339158547466,0.0006018534120579998,0.0006679667762767503,0.0007347581488102024,0.0007999306364481841,0.0008624980701108098,0.0009216108283715578,0.0009765965801641966,0.0010306450962037916,0.0010801910311962252,0.001125097701910324,0.001165387155291459,0.0012012096342448933,0.0012350618733520736,0.0012651732755801597,0.0012918733226004433,0.001315505948225761,0.0013364123796835033,0.0013506201997895138,0.0013655871924728483,0.0013786847301780374,0.0013901658183707011,0.0014002540844433194,0.0014091451239345316,0.0014170086065976874,0.001423990773906272,0.0014302170669029614,0.0014357947096408745,0.0014408151395787381,0.0014453562247135892,0.0014494842411584725,0.0014532556074871867,0.0014567183863207584,0.0014599135716928328,0.001462876184582124,0.0014656362000661665,0.00146821932887947,0.0014706476744907008
spain,Transportation,Road – Buses&Vans,% Adoption,2.142239196524225e-06,2.142239196524225e-06,2.142239196524225e-06,2.142239196524225e-06,2.336946904435687e-06,2.9211836305446085e-06,3.894949374850991e-06,5.647659553177756e-06,1.110055459725678e-05,1.5092886902861745e-05,1.966943970566499e-05,2.1962517789067994e-05,0.0001227722665508671,0.0002478607051556292,0.0004010310407480153,0.0005863058622193293,0.00077701038677285,0.0009888512712889065,0.0012221356671075051,0.0014764950159430526,0.001750749425783262,0.002046633731635489,0.0023577384119230277,0.0026801695792737336,0.003009267060289999,0.003339833881383753,0.0036737907440510128,0.003999653182240921,0.00431249035055405,0.004608054141857789,0.004882982900820983,0.005153225481018958,0.005400955155981128,0.005625488509551621,0.005826935776457295,0.006006048171224468,0.006175309366760369,0.0063258663779007995,0.006459366613002218,0.006577529741128806,0.006682061898417517,0.006753100998947569,0.006827935962364244,0.006893423650890189,0.006950829091853507,0.007001270422216601,0.00704572561967266,0.0070850430329884384,0.007119953869531361,0.00715108533451481,0.007178973548204374,0.007204075697893692,0.007226781123567948,0.007247421205792365,0.007266278037435935,0.007283591931603795,0.007299567858464168,0.007314380922910623,0.007328181000330834,0.007341096644397354,0.007353238372453505
spain,Transportation,Road – Light-duty vehicles,% Adoption,5.1670809420164315e-05,5.1670809420164315e-05,5.1670809420164315e-05,5.1670809420164315e-05,5.636715933498877e-05,7.045894916873595e-05,9.394617892140589e-05,0.00013622154842264745,0.00026774537688583353,0.0003640404320970253,0.00047442688570063936,0.0005297359290723199,0.0029612670692069137,0.0059784002083537735,0.009672868702842126,0.014141697396730216,0.01874149052896114,0.023851092663488414,0.029477912290633013,0.035613059784546416,0.04222807614989226,0.04936480560704799,0.05686865049558342,0.06464569025208243,0.07258352149419475,0.08055679321897609,0.08861183274651041,0.096471634755651,0.10401726725536364,0.11114626590160988,0.11777754756780207,0.12429579860217724,0.13027103836226475,0.13568678285038507,0.14054569092814995,0.14486588188993407,0.14894846192626002,0.15257989703496722,0.1557999227056135,0.15865001735602674,0.1611713329898305,0.16288479609461531,0.1646898154122255,0.1662693784594713,0.16765399769550654,0.16887064258386428,0.16994290194650455,0.1708912379556811,0.17173328733309637,0.17248417826849716,0.1731568419826894,0.1737623058331958,0.1743099607004588,0.17480779948371175,0.17526262626295463,0.17568023739028343,0.1760655767461556,0.17642286786060404,0.1767557257279796,0.17706725106286403,0.17736010954357845
spain,Transportation,Road – Trucks,% Adoption,3.144807140497562e-05,3.144807140497562e-05,3.144807140497562e-05,3.144807140497562e-05,3.430638055711588e-05,4.2882975696394854e-05,5.717785682281254e-05,8.290764224064945e-05,0.00016295614148772954,0.00022156357973401042,0.000288747374879162,0.0003224097611435181,0.001802296872966729,0.003638595151684635,0.005887135678180863,0.008606970057379752,0.011406512477825436,0.014516336662521147,0.017940951593138167,0.021674946834044,0.025701001570498278,0.030044583180408972,0.03461159988703004,0.0393448894237384,0.04417604044505717,0.04902876137871348,0.05393124812266885,0.05871490871529671,0.06330735834613342,0.06764623480247232,0.07168218898405199,0.07564935006135827,0.07928602168980292,0.08258217132021779,0.08553941719839307,0.08816878715357515,0.09065354150404219,0.09286371842758373,0.09482350187887256,0.09655813659977085,0.09809266866876913,0.0991355226645503,0.10023409992750706,0.10119545919506796,0.10203817106840944,0.10277864979813962,0.10343125209679464,0.10400843172427027,0.10452092280472038,0.10497793271067737,0.1053873316876402,0.10575583124507938,0.10608914689397744,0.1063921433010319,0.10666896158955952,0.10692312955594369,0.10715765616225391,0.10737511194832787,0.10757769708485661,0.10776729873975309,0.10794553930761745
spain,Transportation,Transport not elsewhere specified,% Adoption,0.0006270849451588268,8.568956786096902e-05,8.179425063081e-05,7.78989874970198e-05,7.78989874970198e-05,8.179425063081e-05,8.958261304363727e-05,9.737319340758649e-05,0.00010126845654137665,9.737319340758649e-05,9.737346388943063e-05,0.00010872533558944546,0.00013003316505347454,0.00015379447882857684,0.0001803940743879122,0.0002102389200141829,0.0002510260029731307,0.00029394125546662744,0.00033901398610538744,0.000386204794537908,0.0004353918140138979,0.0004985687282916484,0.0005632605910659914,0.0006290696004024597,0.0006955201741721905,0.0007620823053887521,0.0008345018771216856,0.0009060393142709466,0.0009761909406583366,0.0010445228802380177,0.001110691863647149,0.001175782733912767,0.0012385114808633807,0.0012988089484933288,0.0013566875991114502,0.0014122260387142037,0.0014616012580593908,0.0015089657582092212,0.0015544924740984731,0.001598362996082904,0.0016407586599773145,0.0016881943781684643,0.0017300703676470751,0.0017709542640957508,0.0018109830986615231,0.0018502787150176943,0.0018889482827876172,0.0019270852314422443,0.0019647704194391694,0.0020020734052861467,0.0020390537290154802,0.002075762144703032,0.002112241768436413,0.0021485291230791083,0.0021846550728040343,0.0022206456480046537,0.00225652276592282,0.002292304855014337,0.0023280073923510588,0.0023636433637090268,0.0023992236557580367
spain,Commercial,Commercial and public services,% Adoption,0.27287005273370574,0.26821448314465074,0.2650590039650976,0.24351181662814486,0.22610734139542804,0.23611129674386522,0.23075754299841045,0.23274638201332973,0.224456808239812,0.224580883329588,0.20471911119033925,0.2062163840219212,0.20916341174520664,0.21229711572915314,0.21564509965700066,0.21923605750389052,0.2213681362648478,0.22383381211765352,0.22665970544623504,0.22986865790230984,0.23347761305677464,0.23840106943401146,0.24373481003443453,0.24946685202343655,0.25557123289148914,0.2620077390452342,0.26649276680229467,0.2711336090553061,0.27585700542186514,0.2805889133483866,0.28525858554831535,0.28971076680396535,0.2939684666328861,0.2979875763613422,0.30173509035925095,0.30518839161457945,0.30903195726441174,0.3125735977244079,0.3158105330182437,0.31874431965568334,0.3213796881499767,0.3225442030277471,0.32424064963333354,0.3256642196429664,0.32682685354386026,0.3277412301976107,0.32842063896271306,0.3288788684276197,0.32913009186829506,0.3291887406822744,0.32906936520195296,0.32878648739235616,0.3283544524021589,0.3277872863929089,0.3270985671937616,0.3263013127195506,0.32540789022237526,0.32442994765083055,0.32337836686428745,0.32226323728334744,0.3210938477661934
spain,Commercial,Commercial and public services,% Adoption,5.0686217235041196e-05,5.4266973010142955e-05,5.844488336875742e-05,6.125689089266313e-05,7.174282567820938e-05,7.133232348387162e-05,7.03988474078795e-05,6.919620658899421e-05,6.74427750523875e-05,6.737787628883151e-05,3.5524067504855623e-06,3.546256258580607e-06,3.5613555483516644e-06,3.5794952182494135e-06,3.6010324805928324e-06,3.6263365134486205e-06,3.6516931179778255e-06,3.681861760622623e-06,3.7172028677937377e-06,3.7580184672955442e-06,3.804521500449062e-06,3.857019567574028e-06,3.9151197927973034e-06,3.9785631598940104e-06,4.0468963120315735e-06,4.11947264044251e-06,4.191684891284699e-06,4.266140818478798e-06,4.341792976354607e-06,4.417577683094631e-06,4.492475021952009e-06,4.565276416532198e-06,4.63526191623383e-06,4.7017918930099016e-06,4.764389103677818e-06,4.822729185454142e-06,4.879702738647802e-06,4.932298411151172e-06,4.980505229500399e-06,5.024375231723108e-06,5.064005373739695e-06,5.093958324270507e-06,5.123715727786509e-06,5.149643597897993e-06,5.171923684749135e-06,5.190744605211101e-06,5.2063000067199296e-06,5.218787161849802e-06,5.228405664115496e-06,5.235356053260969e-06,5.23983831748809e-06,5.242050298598777e-06,5.24218606850187e-06,5.240434359926928e-06,5.236977129279922e-06,5.2319883133793245e-06,5.225632820758477e-06,5.218065776894807e-06,5.209432023982162e-06,5.199865861143673e-06,5.189491000683508e-06
spain,Commercial,Commercial and public services,% Adoption,9.125448095543453e-05,9.196341362537943e-05,9.208908265169791e-05,8.95370930966541e-05,8.990061331580422e-05,8.938621485589444e-05,0.00020612959722606295,0.00025025551015493485,0.00014810560722121213,0.0001680258799466893,0.00016534761801248156,0.0001650613419023626,0.00016349758944998483,0.0001616885655084291,0.00015959559980715244,0.00015717711783835758,0.00015421722412224564,0.00015086814304066164,0.00014709037924660006,0.00014284897607336262,0.00013811681683564958,0.00013288581705473665,0.00012714383581384896,0.00012090978704885327,0.00011422429309830109,0.00010715067945049895,9.968381216390369e-05,9.202874991317785e-05,8.43017708785734e-05,7.662407137822396e-05,6.911387111852798e-05,6.187515597048909e-05,5.500169937847513e-05,4.8565567096113334e-05,4.26167882491909e-05,3.7183778328716764e-05,3.2295792613123133e-05,2.7919814005190298e-05,2.4036114207227417e-05,2.0615734674811386e-05,1.762373953227989e-05,1.5005580323930928e-05,1.2752932910721934e-05,1.0813732320951274e-05,9.150955812424992e-06,7.730111859539437e-06,6.519650325793432e-06,5.491129832889762e-06,4.619212464251487e-06,3.881542446675874e-06,3.258552500039613e-06,2.7332302366799916e-06,2.2908677154926304e-06,1.9188099826838933e-06,1.6062129288303867e-06,1.3438167541324223e-06,1.123738453480834e-06,9.392847375057677e-07,7.847854692226261e-07,6.554468392900189e-07,5.472229888825632e-07
spain,Commercial,Commercial and public services,% Adoption,0.0013335803355467462,0.0014512737198932651,0.0015635267397305407,0.0015491069563355077,0.00166651704250278,0.0017615633415620448,0.0017354452568490732,0.0017384301637500305,0.0017233217019226163,0.0017372120492219574,0.001746515404542295,0.0017434915591293086,0.0017509150170931793,0.0017598332562293372,0.0017704218974228904,0.0017828624444333468,0.0017953288379315261,0.0018101610355975364,0.0018275362385017353,0.0018476029364568013,0.0018704658205422058,0.0018962761202580025,0.0019248406809874163,0.001956032159253604,0.001989627665408094,0.002025309298868985,0.0020608119361937554,0.0020974176609706817,0.0021346115040177683,0.0021718705137671666,0.0022086932554354045,0.0022444855410707937,0.0022788934121026746,0.002311602399970511,0.0023423778714724577,0.002371060355962917,0.00239907099643663,0.002424929283139536,0.0024486298210465167,0.0024701981942821527,0.002489682070532165,0.002504408224710992,0.002519038239596752,0.0025317854917379914,0.002542739337294878,0.0025519925084048576,0.002559640210446662,0.002565779431072299,0.0025705082990076403,0.002573925408185374,0.002576129081376466,0.00257721658608967,0.002577283336392741,0.0025764221213840748,0.0025747223986309787,0.002572269682927849,0.0025691450503771856,0.002565424767311925,0.0025611800443620875,0.002556476908732279,0.0025513761826931845
spain,Residential,Residential,% Adoption,0.24615616149717615,0.2494714289189507,0.24646758460646945,0.2267823864356232,0.22658158920527494,0.22324286762666518,0.21899767326206085,0.2206496387776224,0.22594188123732367,0.2196303902041039,0.22296122734076132,0.22181137262972972,0.22268733893133325,0.2238217663180502,0.2252395068479414,0.22696523189987958,0.2285281378966636,0.23051741984808416,0.23296004774956072,0.23587728292766863,0.23928209115664387,0.2441796035781406,0.24955620188498404,0.255387017513826,0.26163038358748486,0.2682281392848496,0.272851435138764,0.27761258622340207,0.2824197728366775,0.2871824509684537,0.2918162679092973,0.2962940060298079,0.30049795002156376,0.30438046033619975,0.3079079861953922,0.31105982255142056,0.3145151368826495,0.3175966907954572,0.3203075237445172,0.3226553823737313,0.3246512582046948,0.32514091100156045,0.32611198780792733,0.32677396843992607,0.3271440022238526,0.32723959991800766,0.32707851198691,0.3266786305552281,0.32605789059299095,0.3252341592015729,0.32422511148189725,0.3230480974277348,0.32172000715905846,0.3202571423740327,0.3186751009530234,0.3169886798909666,0.3152117997030554,0.31335745151018657,0.311437666380088,0.3094635052723325,0.30744506712078684
spain,Residential,Residential,% Adoption,0.00017251212387317245,0.00018523361825308702,0.0001968836322127339,0.00019586110571541613,0.0002002152971371594,0.00019906969382368756,0.00019646460839307624,0.0001931083551841156,0.0001882149904080191,0.00018803387508246064,3.2732890772331256e-06,3.267621822297013e-06,3.2815347234543524e-06,3.29824911780573e-06,3.3180941509396545e-06,3.3414099940215684e-06,3.364774266329556e-06,3.3925724879285194e-06,3.4251367658905674e-06,3.462745397139423e-06,3.505594591767967e-06,3.553967810729662e-06,3.6075030179433813e-06,3.6659615484852855e-06,3.728925666452426e-06,3.795799568096303e-06,3.862338012941663e-06,3.930943845500579e-06,4.000651919468703e-06,4.07048212807492e-06,4.139494690916162e-06,4.206576011224188e-06,4.271062686175608e-06,4.332365344137023e-06,4.390044239510764e-06,4.443800495056194e-06,4.4962975398850835e-06,4.5447606802529255e-06,4.589179804939094e-06,4.629602863309851e-06,4.666119193359062e-06,4.693718769035516e-06,4.721138102066388e-06,4.745028793528e-06,4.765558313174857e-06,4.782900457962401e-06,4.7972336601544e-06,4.808739692322695e-06,4.817602465622194e-06,4.824006763092573e-06,4.828136859568597e-06,4.830175052132855e-06,4.8303001641822e-06,4.828686099442908e-06,4.825500517744374e-06,4.820903689440213e-06,4.815047565965284e-06,4.808075084368026e-06,4.800119706386544e-06,4.791305179072877e-06,4.781745494482127e-06
spain,Residential,Residential,% Adoption,0.0,0.0,0.0,0.0,0.0,0.0,0.0,0.0,0.0,0.0,0.0,8.443467241077553e-07,8.349666754477516e-07,8.241445135597982e-07,8.11673240541574e-07,7.973371000327215e-07,7.800471300681848e-07,7.605930868628941e-07,7.388034033073727e-07,7.14545420803519e-07,6.877431768417692e-07,6.584326282946021e-07,6.266444741212101e-07,5.925739733965622e-07,5.565265408315389e-07,5.189134480577276e-07,4.79803258017814e-07,4.402591092209079e-07,4.00882214106413e-07,3.622662211707391e-07,3.249606377311906e-07,2.894220682705604e-07,2.560396021584372e-07,2.2508814816004737e-07,1.9673426042257527e-07,1.710442431431104e-07,1.4809174585006062e-07,1.2767089286538398e-07,1.0964540927226167e-07,9.38449024599809e-08,8.007933952441145e-08,6.807643228931495e-08,5.777944966416149e-08,4.893771346695192e-08,4.137264982327697e-08,3.4920092331121326e-08,2.9431438549722362e-08,2.4773842755852626e-08,2.0829748882031936e-08,1.7496001527620003e-08,1.468271355767132e-08,1.2312019134512833e-08,1.031680154677835e-08,8.639455029541578e-09,7.2307174514209115e-09,6.048594712388791e-09,5.057386507764024e-09,4.226815551741578e-09,3.5312574428296263e-09,2.9490653409737508e-09,2.4619819458493463e-09
spain,Residential,Residential,% Adoption,0.005299210954761954,0.005394282474033469,0.0059444779334004785,0.006360555522529304,0.006849269598057247,0.007322819625084486,0.007799498509480893,0.008135098364825174,0.008426054329203552,0.00889523156790213,0.009466622670920142,0.009450232501034675,0.009490469761602472,0.009538809172135438,0.009596202648891716,0.009663633995009621,0.009731205402453815,0.009811600157878976,0.009905778742398693,0.010014546013728004,0.010138469427679613,0.010278368776769567,0.010433197022715444,0.010602263926822933,0.010784361362319242,0.010977766215498274,0.011170200899877969,0.011368614640472053,0.011570216154362977,0.011772170891726249,0.011971760929928268,0.012165765655034917,0.012352266451225946,0.012529558807003986,0.012696370941739192,0.012851838477738272,0.013003664272224342,0.013143823681456234,0.01327228746294783,0.013389194290231173,0.013494802536171633,0.013574622791163393,0.013653921769520344,0.013723015624685019,0.013782388693035072,0.013832543609736448,0.013873996415650049,0.013907272812083933,0.013932904685305222,0.01395142644314387,0.013963371023659216,0.013969265645087766,0.013969627479479654,0.013964959470790907,0.013955746505111475,0.013942452097556344,0.013925515704239584,0.013905350710924368,0.013882343099992889,0.013856850758151962,0.013829203359850639
spain,Industrial,Final consumption not elsewhere specified,% Adoption,0.012473739190680715,0.01137305327344222,0.011070199319467547,0.009798937995884067,0.013329877782962695,0.005626288239013982,0.004795144940321272,0.0042578349789413215,0.0034465699261133423,0.004373170824032263,0.00478187314736373,0.004738997001017806,0.004741819664876174,0.004752009620579681,0.004770001115264954,0.004796244960274212,0.004816843857826663,0.004845829001958826,0.004883492440418595,0.004929997761882508,0.004985341352055128,0.005053662936004133,0.0051303354700613455,0.005214703063366815,0.0053058774629167246,0.005402766842576712,0.005514310782492173,0.005629202472320209,0.005746091159048015,0.00586366589818851,0.00598071438404517,0.006105712358790732,0.0062284329918192065,0.006348115970592773,0.006464153594468775,0.006576071391322008,0.006699185510210382,0.006817779700218189,0.0069316007230576515,0.007040445735126234,0.00714415279680088,0.007216042472791961,0.007300882943532438,0.007380283023492981,0.00745424070735365,0.007522790558023129,0.007586004039734722,0.007643988714732438,0.007696886199891735,0.007744868979826702,0.007788136303309963,0.00782690945602142,0.007861426716943651,0.007891938282753502,0.007918701398556957,0.007941975876426203,0.007962020124704733,0.007979087757246983,0.00799342480630287,0.008005267527183321,0.008014840757177503
spain,Industrial,Industry not elsewhere specified,% Adoption,0.01574683896831368,0.015583665482784033,0.015171380422669023,0.011520527516031666,0.009597745972956036,0.018603776561669217,0.018563719324152947,0.019067274223241826,0.016461441479069253,0.010039764458584174,0.012364799725043112,0.012312289119269421,0.012325872260431385,0.012350316633345175,0.012386381349361139,0.012434844054581427,0.012410804286986425,0.012401355740925346,0.012406876615687849,0.012427518573193973,0.012463137926850245,0.012536443727950833,0.01262228615298677,0.012719336033754195,0.012825885543124586,0.01293990888244986,0.01307895062219317,0.013221224366158536,0.013364406318079898,0.013506305955989381,0.013644970796608959,0.013796606181395079,0.013942347630313285,0.014081208250062382,0.014212511904586797,0.014335848302604978,0.014484132208348563,0.014624262675155457,0.014756253360221806,0.0148801934179757,0.014996220079918122,0.01505017862460517,0.01513440949039929,0.01521137560157092,0.015281313139018463,0.015344470337166847,0.015401108554890458,0.015451503006370314,0.015495942667427156,0.015534729188409766,0.015568174867686463,0.015596599875974428,0.015620328985944827,0.015639688072090235,0.015655000620818354,0.015666584445763444,0.015674748750527934,0.015679791628997384,0.015681998047279485,0.015681638313859523,0.015678967016499394
spain,Industrial,Machinery,% Adoption,0.010917184156271464,0.010587023727891113,0.01030686703956277,0.014340574832318834,0.012935540796266335,0.013183769967789062,0.013046764230215276,0.013408136262413366,0.013372127354813296,0.014037738477991802,0.01268418086610258,0.01262952162192633,0.012694295233696602,0.012774644563660504,0.012871775705385018,0.01298693115960443,0.01303317437350579,0.0131004237847602,0.013189503336812933,0.013300991169686966,0.013435135223672408,0.013620649804768275,0.013828517868838631,0.014057712876045536,0.014306695792811781,0.014573451882215305,0.014877926942854855,0.01519588761755199,0.015524518227974914,0.015860946298067027,0.016202354751061295,0.016569214289183405,0.016937008085307775,0.01730346443471719,0.01766650740359852,0.018024240053823408,0.018417503050112968,0.0188031951907004,0.01917974798108718,0.019545702602643683,0.019899718070606816,0.020166703268506454,0.020469971283603644,0.02075787257490957,0.021029767167947706,0.021285207811553145,0.021523942031673085,0.021745907634917464,0.021951222128687494,0.022140167043463273,0.022313168443027546,0.02247077501213169,0.02261363505887041,0.022742473608337116,0.022858070540977153,0.022961240482507923,0.023052814911912075,0.023133626739505714,0.023204497429289567,0.0232662266025097,0.023319583961385306
spain,Industrial,Non-ferrous metals,% Adoption,0.0246781151133022,0.029897774717334433,0.029103355981945467,0.024645352361543745,0.02521872336388224,0.026082619582754447,0.02552136728019773,0.02732466135309508,0.0243379567193223,0.02053892398690897,0.01893424152463937,0.018852726169668273,0.0188885304560489,0.018940527046854273,0.019009744374501054,0.019097266546781393,0.019072546414462852,0.01906924529484571,0.019088074186649442,0.019129551602920784,0.019193932131083096,0.019323385612362236,0.01947561611254783,0.019649869731629875,0.019844953330985404,0.02005925393625438,0.02032035952998637,0.02059695671038669,0.020886654600820315,0.021186946042896802,0.0214952948577734,0.021838684814853234,0.02218621441848845,0.022535595353681246,0.02288463826369554,0.023231250921449263,0.02362802871871828,0.024019368285235477,0.024403385248842044,0.024778291451726824,0.02514241719162783,0.02540130037505984,0.025710396168309953,0.02600447058798666,0.026282645651028495,0.026544269709796075,0.026788919693267937,0.0270163955380901,0.027226707594392323,0.027420058279745654,0.027596819518518983,0.027757507567956512,0.02790275673940667,0.028033293322906612,0.028149910763531683,0.02825344685893124,0.02834476347967658,0.0284247290774226,0.028494204051168825,0.028554028892465215,0.028605014924413398
spain,Industrial,Iron and steel,% Adoption,0.04083117475644991,0.03742965586439281,0.036435867569129456,0.03369810342223744,0.03315024572237447,0.03445184455007128,0.03690268978391913,0.039096023054640404,0.04030555670782788,0.035239279911595776,0.029040634798031557,0.028915649948758053,0.02901321949093815,0.029139876275348305,0.02929759664862625,0.02948847448868425,0.029509560144545224,0.029567961607216788,0.029665118364039823,0.029802196950132663,0.029979978981089752,0.03026699750966042,0.030596325838520438,0.030967304890128996,0.031378567432047026,0.031828037215068904,0.03235843347422198,0.03292180790263861,0.033514491590900905,0.03413243990101508,0.034771346931195934,0.03547343626971323,0.0361892340107266,0.03691417685752091,0.037643672509752694,0.03837313211122902,0.039189367714187885,0.03999884165220005,0.04079708172374928,0.041579781973411827,0.04234287990595094,0.04292400475517399,0.04358675289330152,0.04421928620383932,0.04481935871298795,0.04538525539236906,0.04591579591809357,0.04641031999695721,0.04686865661867779,0.04729108047740107,0.04767825922954343,0.04803119527536782,0.048351165460175795,0.048639661591663205,0.048898334061927465,0.049128940228899284,0.049333298614417945,0.049513249454693084,0.04967062171403804,0.0498072063497434,0.049924735389285116
spain,Industrial,Food and tobacco,% Adoption,0.029888032271012496,0.026777071232243804,0.02607466885184765,0.025521415964912333,0.029396959616527333,0.029988695264457046,0.030457390856562648,0.028632722614145577,0.026643175911331796,0.028287304066215706,0.02624205856625854,0.02612974193836049,0.026466262699097024,0.026863554678665625,0.027327468968331107,0.02786390041086827,0.02829242694241584,0.02880327731365214,0.02939978611668355,0.030083825298375413,0.030855362041693802,0.03175037350458628,0.0327200942123504,0.03375672446571756,0.03485002943816812,0.03598771196616589,0.03722320016726153,0.03848015552630214,0.03974404906712093,0.04100105159291218,0.04223867983074652,0.04351220569552731,0.044751011758329344,0.045948174067093436,0.04709857655050494,0.04819865084405041,0.04936295272907879,0.05047661960889125,0.051538468301804495,0.05254778907763978,0.053504209218651774,0.054203997671045084,0.05499010863626302,0.05572298461091672,0.05640336137307443,0.05703219842185149,0.05761068859817376,0.058140259835025535,0.0586225668848004,0.05905947301486545,0.05945302311659873,0.059805410490057234,0.06011893986161916,0.06039598910540508,0.06063897180807037,0.06085030235835168,0.06103236474830144,0.06118748580514691,0.0613179131688061,0.061425798007830976,0.06151318222895406
spain,Industrial,Chemical and petrochemical,% Adoption,0.024639521669176035,0.02375554066315098,0.02312559465572144,0.02451851445975531,0.02466021355402613,0.025972637089329974,0.026689610423467316,0.026156407099881776,0.02434425807673073,0.024415937773261683,0.024845384449431202,0.02473843390460574,0.02512028294249229,0.02555383966798883,0.026043488428121226,0.02659384699407097,0.027027387386297355,0.02752734397107724,0.028097390869693643,0.028740898979203275,0.029460765880018,0.03033063920675865,0.03128580104847614,0.032327323712469394,0.03345512188851141,0.034667828854838684,0.036021946333231004,0.03745908229433833,0.0389741407994333,0.040560673096621765,0.04221096136163833,0.04399039222995644,0.045821793195015795,0.047694495863669126,0.04959700358038104,0.05151718016143871,0.053574385458332034,0.055632060022245106,0.057677240033359986,0.05969722558127437,0.061679871715007176,0.06336615871346649,0.06515852964394726,0.06688034005462094,0.0685244085678921,0.07008505641629573,0.07155812152374803,0.0729409191587394,0.07423215702082184,0.0754318145251844,0.07654099681995775,0.07756177385744153,0.07849701387527114,0.07935021918696142,0.08012537048078623,0.08082678408870084,0.0814589850666675,0.08202659752265352,0.08253425248809051,0.08298651276323107,0.08338781355999655
spain,Industrial,Agriculture/forestry,% Adoption,0.012013509478136423,0.011490661628802393,0.011189332820091446,0.012503113533768463,0.014093216809848262,0.01611327912602393,0.016551908199801024,0.016177795403014582,0.013542508213969722,0.014464784284324943,0.01372792443951841,0.013670096022295304,0.014384115850939785,0.015206251197165514,0.01614837340161559,0.01722207017749023,0.01835753957591346,0.019651876173323736,0.021111642169751716,0.02273955156035771,0.02453337594163527,0.026504528699393376,0.02861597878691048,0.03084619465757509,0.033167369367725075,0.03554650129498742,0.03801115744320114,0.04046699249205454,0.04287659434284438,0.04520547817535677,0.04742395018278579,0.04957008887882199,0.05156933861117149,0.05341078557295136,0.055089631836897156,0.056606319068679786,0.05808546254288519,0.05941778130595454,0.06061209826585729,0.061678509017372894,0.06262767831779707,0.06326510370795073,0.06394812900749296,0.06454488407697313,0.06506463698456189,0.06551584688228061,0.06590616215548376,0.0662424525769596,0.06653086110038497,0.06677686508650443,0.06698534013761037,0.06716062229605105,0.0673065662214467,0.06742659822675408,0.06752376386193572,0.06760077021087627,0.06766002331625058,0.0677036612487654,0.06773358335035598,0.06775147614607728,0.06775883636291705
spain,Industrial,Non-metallic minerals,% Adoption,0.021956975731713912,0.01822030739540096,0.0177355040994909,0.01502146772282095,0.01510345322511712,0.01610169020432302,0.016196036242621156,0.016942446748934345,0.016750955451219452,0.016819197465616546,0.01571820927338611,0.01565055642744033,0.01625235444929742,0.016931441845479026,0.01769548367486937,0.018552354271029435,0.01938182039800047,0.02031028446225951,0.021343000585484724,0.022484066367161132,0.02373601604968857,0.025145605405831495,0.02666852350832653,0.02830117080099212,0.03003748926395081,0.03186908397698639,0.03384163215490612,0.03589336964665043,0.03801123299532738,0.04018146080996011,0.04239006317917167,0.04469331173194289,0.04701470096070403,0.04934115531505124,0.051660058285504754,0.05395925177102626,0.056366169339706014,0.05873986537903613,0.061069039079373735,0.06334293240947056,0.06555148096853303,0.06742166171924953,0.06938461949969871,0.07125501328541367,0.07302760722176184,0.07469853778050568,0.07626532643624132,0.07772684433492769,0.07908323417237653,0.0803357973239821,0.08148685574305867,0.08253959843237518,0.08349792165440378,0.08436627078018268,0.08514949007077506,0.08585268497955544,0.08648109993768041,0.08704001315618286,0.08753464880786534,0.08797010605842522,0.08835130378610481
spain,Industrial,Other,% Adoption,0.04128542426748734,0.04276364532128803,0.04163338748923439,0.04474811345223553,0.0432798683337954,0.04379062589051893,0.04596282524500699,0.04954354716259197,0.04761805197325293,0.05255743498786842,0.043951891100187615,0.04376338951982219,0.044561236478964504,0.04549352719269285,0.04657384859953537,0.0478157655191281,0.04892377165749255,0.05021752271149539,0.051704625112756274,0.05338901221957406,0.055269859850132975,0.0573971847900896,0.05968983850316241,0.06212777684254074,0.0646849459805344,0.06733026316879726,0.07015840179321986,0.07301582366468917,0.07586652939656202,0.07867669000242343,0.08141631164811675,0.08418651586629393,0.08684982574297512,0.08939160200273266,0.09180218747950289,0.09407618333532726,0.09643601401061534,0.09866444544759875,0.10076268656262026,0.10273312088431136,0.10457884902528851,0.10591278501036387,0.10739667440973273,0.10876594020139722,0.1100249394135535,0.11117810438677656,0.11222995941026107,0.11318513604582604,0.11404837879334631,0.11482453762431469,0.11551854740500175,0.1161353964242491,0.11668008734810728,0.11715759421381422,0.11757281881649836,0.11793054926559401,0.11823542277576107,0.1184918940373718,0.11870420986493616,0.11887639029021382,0.11901221586404
spain,Agriculture,Agroforestry,% Adoption,0.009802501695619482,0.010935767265148395,0.012195784631560713,0.013595696759810991,0.014170715841879036,0.015149760607697293,0.01687338083768552,0.018783127889719017,0.02089673541251617,0.02323307124014848,0.025812075298944193,0.028654657097028982,0.03178254486769093,0.03521807811619084,0.03898393539204826,0.043102789733909325,0.047596885588295515,0.0524875332678616,0.05779452035359353,0.0635354439764479,0.06972497366937243,0.07637406136238999,0.08348912282740498,0.09107122297862132,0.0991153051824492,0.10760951119923112,0.1165346424931357,0.125863814303795,0.13556235011398343,0.14558795535710706,0.1558911953170771,0.16641628380821463,0.1771021677600782,0.1878838703112291,0.1986940339070804,0.2094645877431841,0.22012845289510508,0.23062119509344317,0.2408825397956719,0.2508576763406909,0.2604982959399809,0.2697633297773496,0.2786193759982499,0.2870408254483554,0.2950097137264628,0.3025153401940675,0.3095537025272829,0.3161267983772993,0.3222418444090582,0.3279104584106701,0.3331478434166708,0.337972004924027,0.3424030241974783,0.3464624030392921,0.3501724886880407,0.3535559819537934,0.3566355273667549,0.3594333809636317,0.3619711492331214,0.36426959151986427,0.36634847766358286
spain,Agriculture,Biochar,% Adoption,0.0,0.0,0.0,0.0,0.0,0.0,0.0,0.0,0.0,0.0,0.0,0.00013050136739130587,0.00014599980039970068,0.00016333478018314737,0.00018272291502471162,0.00020440610422664025,0.00022865442659326612,0.0002557693425456519,0.0002860872397748093,0.00031998335409753675,0.00035787609871639874,0.0004002318362841478,0.00044757012886618525,0.0005004695008909083,0.0005595737492132108,0.0006255988321786092,0.0006993403656766822,0.0007816817481223016,0.0008736029275332007,0.0009761898116755114,0.0010906443058068024,0.001218294940889333,0.00136060802717,0.001519199232472779,0.0016958454400520261,0.0018924966859465867,0.0021112879089656296,0.00235455016631735,0.002624820873285349,0.0029248525155332176,0.0032576191575977537,0.0036263199320729837,0.00403437854368974,0.0044854376659777045,0.0049833469534093814,0.005532143250461954,0.006136021466839707,0.006799294526017129,0.0075263408082424975,0.008321537629820413,0.009189179561935856,0.010133380829439563,0.011157961674612712,0.012266319445708999,0.013461286281232445,0.01474497658951642,0.016118629016311153,0.017582449156745745,0.01913546076387754,0.020775374454858185,0.022498483710008902
spain,Agriculture,Cropland Soil Health,% Adoption,0.008692061057919032,0.009041317614292691,0.009390574170666346,0.00973983072704,0.01040391009479273,0.011067989462545457,0.012080122477789765,0.013447363489658434,0.014960553880545721,0.016633201657451933,0.01847958236803172,0.020514665710506096,0.022754007531203126,0.02521360130305155,0.027909683230191495,0.030858485571375577,0.034075933744338115,0.0375772843944062,0.04137670400096823,0.04548679083933477,0.04991804723600486,0.054678313982181995,0.0597721843073523,0.06520042061320248,0.07095940271515443,0.07704064096973884,0.08343039061137084,0.09010940409261733,0.09705285553067404,0.10423046506938681,0.11160684102105817,0.11914204450431914,0.12679236592856233,0.134511286552111,0.14225058322887232,0.1499615221773473,0.15759607973051573,0.1651081256034271,0.172454507575254,0.17959598516979605,0.1864979727822073,0.19313106810512626,0.19947135782219966,0.20550050762782593,0.2112056563077134,0.2165791429772434,0.2216181022614675,0.2263239643344142,0.23070189580716238,0.23476021417723356,0.2385098037197467,0.2419635550705931,0.24513584496552568,0.2480420671426093,0.2506982206112653,0.25312055751258056,0.2553252896953215,0.25732835087495837,0.25914520973748195,0.2607907284748989,0.2622790608651341
spain,Agriculture,Improved Rice,% Adoption,0.0,0.0,0.0,0.0,0.0,0.0,0.0,0.0,0.0,0.0,1.5666001807307323e-06,1.752650706003829e-06,1.9607480080065753e-06,2.1934923550886223e-06,2.4537876209667887e-06,2.744875959437399e-06,3.0703762440755347e-06,3.434326631937256e-06,3.841231631367837e-06,4.296114072487835e-06,4.804572393308626e-06,5.372843662775471e-06,6.007872761941544e-06,6.717388132965614e-06,7.509984478690273e-06,8.39521274882121e-06,9.383677676044453e-06,1.0487143020176829e-05,1.171864453200538e-05,1.3092610451105995e-05,1.4624989091945594e-05,1.6333382736736226e-05,1.8237186626736395e-05,2.0357731309531566e-05,2.2718425940691397e-05,2.5344899336149622e-05,2.8265134609927678e-05,3.150959209605577e-05,3.511131393519498e-05,3.910600220567655e-05,4.353206080931436e-05,4.843058951814614e-05,5.384531670930426e-05,5.982245545712785e-05,6.641046595336776e-05,7.365970587957214e-05,8.162194961044653e-05,9.034975729478623e-05,9.989567630930553e-05,0.0001103112607191376,0.00012164589962666073,0.0001339454530283494,0.00014725070430061094,0.00016159565177450427,0.00017700567780841813,0.00019349565169219225,0.0002110680414870642,0.00022971112786267508,0.0002493974279837422,0.00027008244703374,0.0002917038764860966
spain,Agriculture,Nitrogen Fertilizer Management,% Adoption,0.03240208333344549,0.034589729618972234,0.03681079734249287,0.03905178102234887,0.04129868034830831,0.04353734676070552,0.04575383786276148,0.047934760950915305,0.05006758792346211,0.05214092634989982,0.054144735218045845,0.05607047834853508,0.0579112131448191,0.05966161672800866,0.06131795518597588,0.06287800438425413,0.06434093243729758,0.06570715455816693,0.0669781707352249,0.06815639573306252,0.06924498951200302,0.07024769452595472,0.07116868467846749,0.07201242913271291,0.07278357277633217,0.07348683398702524,0.07412691944468658,0.07470845508059205,0.07523593181705385,0.07571366449695716,0.07614576229396555,0.07653610889471253,0.07688835082175678,0.07720589239343012,0.07749189597240944,0.07774928632252924,0.07798075806125815,0.07818878535537982,0.07837563315480617,0.07854336939140485,0.07869387768524454,0.0788288701998948,0.07894990037221025,0.0790583753117597,0.07915556772221512,0.0792426272432385,0.07932059114824244,0.07932059114824244,0.07932059114824244,0.07932059114824244,0.07932059114824244,0.07932059114824244,0.07932059114824244,0.07932059114824244,0.07932059114824244,0.07932059114824244,0.07932059114824244,0.07932059114824244,0.07932059114824244,0.07932059114824244,0.07932059114824244
spain,Agriculture,Optimal Intensity,% Adoption,0.001363275344030337,0.0015217913663280033,0.0016982591983084976,0.0018945946581063612,0.0021128895535302925,0.002355420870784446,0.002624658592580608,0.002923271538628472,0.0032541304967052417,0.0036203077776342865,0.003967259334019072,0.004025072187049011,0.004471878267917329,0.004964348540857865,0.0055062473686006965,0.006101445015234812,0.006753870483429306,0.007467451821108061,0.008246042823668365,0.00909333545012318,0.01001275784998629,0.011007358682716148,0.01207967940864981,0.013231617422603226,0.014464284241206457,0.015777864358214093,0.017171481724350856,0.01864308192889596,0.020189338872953193,0.02180559483821689,0.02348584220375799,0.025222753540417413,0.027007764405778244,0.028831209981010623,0.0306825129725132,0.03255041629958945,0.03442325043233723,0.0362892222720783,0.03813671056089585,0.03995455222082338,0.04173230483629721,0.0434604725957103,0.045130686120815194,0.04673583034068128,0.04827011846653898,0.049729113775677555,0.05110970397997573,0.05241003522025225,0.05362941410378282,0.05476818671870032,0.05582760333437457,0.05680967670389003,0.05771704071541561,0.058552814776812054,0.05932047791757781,0.060023755271828086,0.06066651844342899,0.061252700291634876,0.06178622392535254,0.06227094514795023,0.0627106072302085
spain,Forests & Wetlands,Avoided Coastal Impacts,% Adoption,0.0,0.0,0.0,0.0,0.0,0.0,0.0,0.0,0.0,0.0,0.0,0.0,0.0,0.0,0.0,0.0,0.0,0.0,0.0,0.0,0.0,0.0,0.0,0.0,0.0,0.0,0.0,0.0,0.0,0.0,0.0,0.0,0.0,0.0,0.0,0.0,0.0,0.0,0.0,0.0,0.0,0.0,0.0,0.0,0.0,0.0,0.0,0.0,0.0,0.0,0.0,0.0,0.0,0.0,0.0,0.0,0.0,0.0,0.0,0.0,0.0
spain,Forests & Wetlands,Avoided Forest Conversion,% Adoption,0.0,0.0,0.0,0.0,0.0,0.0,0.0,0.0,0.0,0.0,0.0,3.606123271513816e-09,3.709623116102381e-09,3.813122960690945e-09,3.9166228052795085e-09,4.02012264986869e-09,4.1236224944572545e-09,4.227122339045818e-09,4.3306221836343825e-09,4.434122028222947e-09,4.5376218728121284e-09,4.641121717400693e-09,4.7446215619892565e-09,4.84812140657782e-09,4.9516212511670024e-09,5.055121095755567e-09,5.15862094034413e-09,5.262120784932694e-09,5.365620629521258e-09,5.46912047411044e-09,5.5726203186990045e-09,5.676120163287568e-09,5.779620007876132e-09,5.883119852464697e-09,5.986619697053878e-09,6.090119541642442e-09,6.193619386231006e-09,6.29711923081957e-09,6.4006190754081345e-09,6.504118919997316e-09,6.6076187645858805e-09,6.711118609174444e-09,6.8146184537630085e-09,6.918118298351572e-09,7.0216181429407544e-09,7.125117987529317e-09,7.228617832117882e-09,7.332117676706445e-09,7.43561752129501e-09,7.539117365884193e-09,7.642617210472756e-09,7.74611705506132e-09,7.849616899649885e-09,7.953116744238447e-09,8.05661658882763e-09,8.160116433416193e-09,8.263616278004757e-09,8.367116122593322e-09,8.470615967182503e-09,8.574115811771068e-09,8.677615656359632e-09
spain,Forests & Wetlands,Avoided Peat Impacts,% Adoption,0.0,0.0,0.0,0.0,0.0,0.0,0.0,0.0,0.0,0.0,0.0,0.0,0.0,0.0,0.0,0.0,0.0,0.0,0.0,0.0,0.0,0.0,0.0,0.0,0.0,0.0,0.0,0.0,0.0,0.0,0.0,0.0,0.0,0.0,0.0,0.0,0.0,0.0,0.0,0.0,0.0,0.0,0.0,0.0,0.0,0.0,0.0,0.0,0.0,0.0,0.0,0.0,0.0,0.0,0.0,0.0,0.0,0.0,0.0,0.0,0.0
spain,Forests & Wetlands,Coastal Restoration,% Adoption,0.0,0.0,0.0,0.0,0.0,0.0,0.0,0.0,0.0,0.0,0.0,0.0,0.0,0.0,0.0,0.0,0.0,0.0,0.0,0.0,0.0,0.0,0.0,0.0,0.0,0.0,0.0,0.0,0.0,0.0,0.0,0.0,0.0,0.0,0.0,0.0,0.0,0.0,0.0,0.0,0.0,0.0,0.0,0.0,0.0,0.0,0.0,0.0,0.0,0.0,0.0,0.0,0.0,0.0,0.0,0.0,0.0,0.0,0.0,0.0,0.0
spain,Forests & Wetlands,Improved Forest Management,% Adoption,0.0,0.0,0.0,0.0,0.0,0.0,0.0,0.0,0.0,0.0,0.0,0.0,0.0,0.0,0.0,0.0,0.0,0.0,0.0,0.0,0.0,0.0,0.0,0.0,0.0,0.0,0.0,0.0,0.0,0.0,0.0,0.0,0.0,0.0,0.0,0.0,0.0,0.0,0.0,0.0,0.0,0.0,0.0,0.0,0.0,0.0,0.0,0.0,0.0,0.0,0.0,0.0,0.0,0.0,0.0,0.0,0.0,0.0,0.0,0.0,0.0
spain,Forests & Wetlands,Natural Regeneration,% Adoption,2.5849540469482265e-06,2.6778512628489047e-06,2.7707484787495834e-06,2.8305266448474725e-06,3.126572219029751e-06,3.450961151357837e-06,3.8058424251360772e-06,4.193407758857338e-06,4.615864353776995e-06,5.075401332758605e-06,5.5741494585612425e-06,6.114133926215131e-06,6.697220311640976e-06,7.325054133177095e-06,7.998994943547994e-06,8.720046406978337e-06,9.4887844074413e-06,1.0305285843063942e-05,1.1169061337308802e-05,1.2078995575189448e-05,1.3033299278956533e-05,1.4029476897450755e-05,1.5064313830738998e-05,1.6133886402258467e-05,1.7233596813943903e-05,1.8358234009005173e-05,1.9502059803917556e-05,2.065891796294571e-05,2.1822362235866593e-05,2.298579793701308e-05,2.4142630574722213e-05,2.5286414471516686e-05,2.641099431609984e-05,2.751063315841489e-05,2.858012142920812e-05,2.9614863008845926e-05,3.0610936023106436e-05,3.1565127731781715e-05,3.247494443852439e-05,3.333859866039911e-05,3.415497677142065e-05,3.492359094279763e-05,3.5644519454300815e-05,3.6318339390687524e-05,3.6946055430390924e-05,3.752902795569855e-05,3.806890313788497e-05,3.856754704171221e-05,3.9026985202530135e-05,3.944934859221089e-05,3.983682642949753e-05,4.0191625916067574e-05,4.051593869232193e-05,4.0811913600631155e-05,4.108163520849995e-05,4.132710746790063e-05,4.15502418575872e-05,4.1752849360939094e-05,4.193663566254853e-05,4.2103198993768024e-05,4.225403011385162e-05
spain,Forests & Wetlands,Peat Restoration,% Adoption,4.5469736571846865e-10,5.579038917269274e-10,6.843635879466078e-10,8.392287039054001e-10,1.0287495099200886e-09,1.1127503930715036e-09,1.2604864822724487e-09,1.5435524725421026e-09,1.888883243062667e-09,2.3095308154010283e-09,2.8209679992023756e-09,3.4413835310823825e-09,4.191934732167574e-09,5.096907963374872e-09,6.183716494518094e-09,7.482642041812756e-09,9.026203709900938e-09,1.0848023270584359e-08,1.2981059718406428e-08,1.5455123985898226e-08,1.8293673049930862e-08,2.151003257747679e-08,2.5103403536520247e-08,2.905523649297685e-08,3.3326737298685255e-08,3.78583036772063e-08,4.257149823632247e-08,4.737371857612444e-08,5.2165116509972996e-08,5.684673530463813e-08,6.132849469202967e-08,6.553569661145937e-08,6.941313218204823e-08,7.292647802470414e-08,7.606125669304693e-08,7.882003026706138e-08,8.121863597177555e-08,8.328219760222747e-08,8.504144860485717e-08,8.65296743917763e-08,8.778038556267604e-08,8.882569732819843e-08,8.969531416407721e-08,9.041598948053407e-08,9.10113312782921e-08,9.150184200583484e-08,9.190510398042465e-08,9.223604472419434e-08,9.250723642070684e-08,9.272919942267682e-08,9.272919942267682e-08,9.272919942267682e-08,9.272919942267682e-08,9.272919942267682e-08,9.272919942267682e-08,9.272919942267682e-08,9.272919942267682e-08,9.272919942267682e-08,9.272919942267682e-08,9.272919942267682e-08,9.272919942267682e-08
